ID de respuesta,Dirección IP,Agente Usuario,Estado de respuesta,URL de la encuesta a la que accede el encuestado,Start time,Hora de finalización,Tiempo empleado,Recopilador,Net Promoter Score (de un total de 10),CSAT Score,¿Qué carrera profesional estudiaste?,¿Cuál es tu situación laboral actual?,¿Cuál es el tiempo dedicado a tu trabajo?,El perfil de egreso de tu carrera,La correspondencia entre el perfil de egreso y el plan curricular de tu carrera,Los cursos y contenidos de tu carrera,La calidad del servicio de enseñanza de tu carrera,"La claridad, precisión y actualización de los materiales de estudio de tu carrera",La calidad de la formación académica,La exigencia académica de las asignaturas de tu carrera,La evaluación del aprendizaje de tu carrera,El proceso de intercambio estudiantil,El dominio de los conocimientos que transmiten,Las metodologías y herramientas aplicadas para la enseñanza y aprendizaje,La capacidad para transmitir el conocimiento y experiencias que complementan la teoría,"La retroalimentación de las tareas, trabajos y desempeño",La actualización de los conocimientos transmitidos,El compromiso con el aprendizaje de los alumnos,La disciplina en el cumplimiento de las normas y programas,La disposición y tiempo para asesorar a los alumnos,El desarrollo de tus habilidades de trabajo en equipo,La capacidad para aportar y explorar nuevas ideas,El desarrollo de tus habilidades de comunicación,La mejora de tu perspectiva de empleo,La información sobre tu récord académico,El material bibliográfico físico o digital disponible en la biblioteca,El servicio recibido por el personal administrativo de tu carrera,Los procedimientos de los servicios administrativos de tu carrera,El servicio social: ayuda financiera,El servicio médico y su infraestructura,El servicio de atención psicopedagógica,Los talleres de actividades artísticas y culturales,Las actividades deportivas,"Empleabilidad, vinculación profesional y ALUMNI",Las aulas de clase,Los ambientes y salas para estudio,"Los laboratorios en lo referido a equipamiento, tecnología y programas","Los laboratorios en lo referido a iluminación, ventilación, facilidad de ubicación y señalización de seguridad",El software especializado empleado en tu carrera,El portal web de la universidad: Mi Ulima,El aula virtual (Blackboard) y las herramientas de videoconferencia (Zoom),"La conexión Wi-Fi del campus para acceder a los recursos institucionales como Mi Ulima, Blackboard, Zoom, correo institucional y biblioteca virtual",El soporte técnico brindado ante las fallas del sistema informático,Tu carrera,La Universidad de Lima,"En una escala del 0 al 10, donde 0 significa ‘Definitivamente no la recomendaría’ y 10 ‘Definitivamente sí la recomendaría’¿Qué tan probable es que recomiendes la Universidad de Lima a un familiar o amigo como institución para estudiar una carrera profesional?","Explica con tus palabras, las razones de la calificación que diste en la pregunta anterior. (máx. 100 caracteres)"
cwBRI0dr,,,COMPLETED,https://survey.zohopublic.com/zs/bBC5oY,"abr. 16, 2026 05:54:43 p. m.","abr. 16, 2026 05:57:16 p. m.",2 mins 33 secs ,Public collector,10,100,Administración,Trabajador dependiente,Tiempo completo,Totalmente satisfecho,Totalmente satisfecho,Totalmente satisfecho,Totalmente satisfecho,Totalmente satisfecho,Totalmente satisfecho,Totalmente satisfecho,Totalmente satisfecho,Totalmente satisfecho,Totalmente satisfecho,Totalmente satisfecho,Totalmente satisfecho,Totalmente satisfecho,Totalmente satisfecho,Totalmente satisfecho,Totalmente satisfecho,Totalmente satisfecho,Totalmente satisfecho,Totalmente satisfecho,Totalmente satisfecho,Totalmente satisfecho,Totalmente satisfecho,Totalmente satisfecho,Totalmente satisfecho,Totalmente satisfecho,Totalmente satisfecho,Totalmente satisfecho,Totalmente satisfecho,Totalmente satisfecho,Totalmente satisfecho,Totalmente satisfecho,Totalmente satisfecho,Totalmente satisfecho,Totalmente satisfecho,Totalmente satisfecho,Totalmente satisfecho,Totalmente satisfecho,Totalmente satisfecho,Totalmente satisfecho,Totalmente satisfecho,Totalmente satisfecho,Totalmente satisfecho,10 (Promoter),
G4DB1pxr,,,COMPLETED,https://survey.zohopublic.com/zs/bBC5oY,"abr. 16, 2026 05:54:54 p. m.","abr. 16, 2026 05:59:56 p. m.",5 mins 2 secs ,Public collector,10,100,Administración,Trabajador independiente,Tiempo parcial,Totalmente satisfecho,Totalmente satisfecho,Totalmente satisfecho,Totalmente satisfecho,Totalmente satisfecho,Totalmente satisfecho,Totalmente satisfecho,Totalmente satisfecho,No conozco,Totalmente satisfecho,Totalmente satisfecho,Totalmente satisfecho,Totalmente satisfecho,Totalmente satisfecho,Totalmente satisfecho,Totalmente satisfecho,Totalmente satisfecho,Totalmente satisfecho,Totalmente satisfecho,Totalmente satisfecho,Totalmente satisfecho,Muy satisfecho,Muy satisfecho,Totalmente satisfecho,Totalmente satisfecho,Totalmente satisfecho,Muy satisfecho,No utilizo,Totalmente satisfecho,Totalmente satisfecho,Totalmente satisfecho,Totalmente satisfecho,Totalmente satisfecho,Totalmente satisfecho,Totalmente satisfecho,Muy satisfecho,Totalmente satisfecho,Totalmente satisfecho,Totalmente satisfecho,Totalmente satisfecho,Totalmente satisfecho,Totalmente satisfecho,10 (Promoter),
CmBnRrwm,,,COMPLETED,https://survey.zohopublic.com/zs/bBC5oY,"abr. 16, 2026 05:55:08 p. m.","abr. 16, 2026 06:00:21 p. m.",5 mins 12 secs ,Public collector,6,0,Administración,En búsqueda de empleo,,Insatisfecho,Insatisfecho,Insatisfecho,Insatisfecho,Insatisfecho,Insatisfecho,Satisfecho,Satisfecho,No utilizo,Satisfecho,Satisfecho,Satisfecho,Satisfecho,Satisfecho,Satisfecho,Satisfecho,Satisfecho,Satisfecho,Satisfecho,Satisfecho,Insatisfecho,Satisfecho,Satisfecho,Satisfecho,Satisfecho,Satisfecho,Satisfecho,No utilizo,No utilizo,No utilizo,Insatisfecho,Satisfecho,Insatisfecho,Satisfecho,Satisfecho,Satisfecho,Satisfecho,Satisfecho,Satisfecho,Satisfecho,Insatisfecho,Insatisfecho,6 (Detractor),Hay mucho peso en los trabajos grupales. Y con ello existen alumnos dispuestos a no apoyar
v3C2qKvr,,,COMPLETED,https://survey.zohopublic.com/zs/bBC5oY,"abr. 16, 2026 05:55:25 p. m.","abr. 16, 2026 05:57:47 p. m.",2 mins 21 secs ,Public collector,10,100,Administración,Trabajador dependiente,Tiempo completo,Muy satisfecho,Totalmente satisfecho,Totalmente satisfecho,Totalmente satisfecho,Muy satisfecho,Totalmente satisfecho,Totalmente satisfecho,Muy satisfecho,Satisfecho,Totalmente satisfecho,Totalmente satisfecho,Totalmente satisfecho,Totalmente satisfecho,Muy satisfecho,Totalmente satisfecho,Totalmente satisfecho,Satisfecho,Muy satisfecho,Totalmente satisfecho,Muy satisfecho,Totalmente satisfecho,Totalmente satisfecho,Satisfecho,Totalmente satisfecho,Muy satisfecho,Totalmente satisfecho,Totalmente satisfecho,Muy satisfecho,Totalmente satisfecho,Muy satisfecho,Totalmente satisfecho,Totalmente satisfecho,Totalmente satisfecho,Muy satisfecho,Totalmente satisfecho,Totalmente satisfecho,Totalmente satisfecho,Muy satisfecho,Totalmente satisfecho,Muy satisfecho,Totalmente satisfecho,Totalmente satisfecho,10 (Promoter),
D4t3vTvx,,,COMPLETED,https://survey.zohopublic.com/zs/bBC5oY,"abr. 16, 2026 05:55:28 p. m.","abr. 16, 2026 05:59:00 p. m.",3 mins 31 secs ,Public collector,9,100,Administración,Prácticas profesionales,,Satisfecho,Satisfecho,Satisfecho,Satisfecho,Satisfecho,Satisfecho,Satisfecho,Satisfecho,Satisfecho,Satisfecho,Satisfecho,Satisfecho,Satisfecho,Satisfecho,Satisfecho,Satisfecho,Satisfecho,Satisfecho,Satisfecho,Satisfecho,Satisfecho,Satisfecho,Satisfecho,Satisfecho,Satisfecho,Satisfecho,Satisfecho,Satisfecho,Satisfecho,Satisfecho,Satisfecho,Satisfecho,Satisfecho,Satisfecho,Satisfecho,Satisfecho,Satisfecho,Satisfecho,Satisfecho,Satisfecho,Satisfecho,Satisfecho,9 (Promoter),
qbC2wEOt,,,COMPLETED,https://survey.zohopublic.com/zs/bBC5oY,"abr. 16, 2026 05:55:34 p. m.","abr. 16, 2026 06:00:33 p. m.",4 mins 59 secs ,Public collector,10,100,Administración,En búsqueda de empleo,,Totalmente satisfecho,Muy satisfecho,Muy satisfecho,Muy satisfecho,Totalmente satisfecho,Totalmente satisfecho,Totalmente satisfecho,Totalmente satisfecho,Totalmente satisfecho,Totalmente satisfecho,Totalmente satisfecho,Totalmente satisfecho,Totalmente satisfecho,Totalmente satisfecho,Totalmente satisfecho,Totalmente satisfecho,Totalmente satisfecho,Totalmente satisfecho,Totalmente satisfecho,Totalmente satisfecho,Totalmente satisfecho,Totalmente satisfecho,Totalmente satisfecho,Totalmente satisfecho,Totalmente satisfecho,No utilizo,No utilizo,No utilizo,No utilizo,No utilizo,Totalmente satisfecho,Muy satisfecho,Totalmente satisfecho,Totalmente satisfecho,Totalmente satisfecho,Totalmente satisfecho,Muy satisfecho,Totalmente satisfecho,Muy satisfecho,Muy satisfecho,Totalmente satisfecho,Totalmente satisfecho,10 (Promoter),
G2DBoMh9,,,COMPLETED,https://survey.zohopublic.com/zs/bBC5oY,"abr. 16, 2026 05:56:17 p. m.","abr. 16, 2026 06:01:01 p. m.",4 mins 44 secs ,Public collector,9,100,Administración,Trabajador dependiente,Tiempo completo,Satisfecho,Satisfecho,Satisfecho,Satisfecho,Satisfecho,Satisfecho,Satisfecho,Satisfecho,No utilizo,Satisfecho,Satisfecho,Satisfecho,Satisfecho,Satisfecho,Satisfecho,Satisfecho,Satisfecho,Satisfecho,Satisfecho,Satisfecho,Satisfecho,Satisfecho,Satisfecho,Satisfecho,Satisfecho,Satisfecho,Satisfecho,Satisfecho,Satisfecho,Satisfecho,Satisfecho,Satisfecho,Satisfecho,Satisfecho,Satisfecho,Satisfecho,Satisfecho,Satisfecho,Satisfecho,Satisfecho,Satisfecho,Satisfecho,9 (Promoter),
OOBhHcUy,,,COMPLETED,https://survey.zohopublic.com/zs/bBC5oY,"abr. 16, 2026 05:56:34 p. m.","abr. 16, 2026 06:03:04 p. m.",6 mins 29 secs ,Public collector,9,100,Administración,Prácticas profesionales,,Satisfecho,Satisfecho,Satisfecho,Satisfecho,Satisfecho,Satisfecho,Satisfecho,Satisfecho,Satisfecho,Satisfecho,Satisfecho,Satisfecho,Satisfecho,Satisfecho,Satisfecho,Satisfecho,Satisfecho,Satisfecho,Satisfecho,Satisfecho,Satisfecho,Satisfecho,Satisfecho,Satisfecho,Satisfecho,Satisfecho,Satisfecho,Satisfecho,Satisfecho,Satisfecho,Satisfecho,Satisfecho,Satisfecho,Satisfecho,Satisfecho,Satisfecho,Satisfecho,Satisfecho,Satisfecho,Satisfecho,Satisfecho,Satisfecho,9 (Promoter),
64CZYp3i,,,COMPLETED,https://survey.zohopublic.com/zs/bBC5oY,"abr. 16, 2026 05:56:35 p. m.","abr. 16, 2026 06:01:18 p. m.",4 mins 42 secs ,Public collector,10,100,Administración,Prácticas profesionales,,Totalmente satisfecho,Totalmente satisfecho,Totalmente satisfecho,Totalmente satisfecho,Totalmente satisfecho,Totalmente satisfecho,Totalmente satisfecho,Totalmente satisfecho,Totalmente satisfecho,Totalmente satisfecho,Totalmente satisfecho,Totalmente satisfecho,Totalmente satisfecho,Totalmente satisfecho,Totalmente satisfecho,Totalmente satisfecho,Totalmente satisfecho,Totalmente satisfecho,Totalmente satisfecho,Totalmente satisfecho,Totalmente satisfecho,Totalmente satisfecho,Totalmente satisfecho,Totalmente satisfecho,Totalmente satisfecho,No utilizo,Totalmente satisfecho,No utilizo,No utilizo,No utilizo,Totalmente satisfecho,Totalmente satisfecho,Totalmente satisfecho,Totalmente satisfecho,Totalmente satisfecho,Totalmente satisfecho,Totalmente satisfecho,Totalmente satisfecho,Totalmente satisfecho,Totalmente satisfecho,Totalmente satisfecho,Totalmente satisfecho,10 (Promoter),
WfBBzMEn,,,COMPLETED,https://survey.zohopublic.com/zs/bBC5oY,"abr. 16, 2026 05:56:56 p. m.","abr. 16, 2026 06:03:37 p. m.",6 mins 41 secs ,Public collector,10,100,Administración,Prácticas profesionales,,Totalmente satisfecho,Totalmente satisfecho,Totalmente satisfecho,Totalmente satisfecho,Totalmente satisfecho,Totalmente satisfecho,Totalmente satisfecho,Totalmente satisfecho,Totalmente satisfecho,Totalmente satisfecho,Totalmente satisfecho,Totalmente satisfecho,Totalmente satisfecho,Totalmente satisfecho,Totalmente satisfecho,Totalmente satisfecho,Totalmente satisfecho,Totalmente satisfecho,Totalmente satisfecho,Totalmente satisfecho,Totalmente satisfecho,Totalmente satisfecho,Totalmente satisfecho,Totalmente satisfecho,Totalmente satisfecho,Totalmente satisfecho,Totalmente satisfecho,Totalmente satisfecho,Totalmente satisfecho,Satisfecho,Totalmente satisfecho,Totalmente satisfecho,Totalmente satisfecho,Totalmente satisfecho,Totalmente satisfecho,Totalmente satisfecho,Totalmente satisfecho,Totalmente satisfecho,Totalmente satisfecho,Totalmente satisfecho,Totalmente satisfecho,Totalmente satisfecho,10 (Promoter),
wXjEG6Co,,,COMPLETED,https://survey.zohopublic.com/zs/bBC5oY,"abr. 16, 2026 05:57:13 p. m.","abr. 16, 2026 06:04:24 p. m.",7 mins 10 secs ,Public collector,10,100,Administración,Prácticas profesionales,,Totalmente satisfecho,Totalmente satisfecho,Totalmente satisfecho,Totalmente satisfecho,Totalmente satisfecho,Totalmente satisfecho,Totalmente satisfecho,Totalmente satisfecho,Totalmente satisfecho,Totalmente satisfecho,Totalmente satisfecho,Totalmente satisfecho,Totalmente satisfecho,Totalmente satisfecho,Totalmente satisfecho,Totalmente satisfecho,Totalmente satisfecho,Totalmente satisfecho,Totalmente satisfecho,Totalmente satisfecho,Totalmente satisfecho,Totalmente satisfecho,Totalmente satisfecho,Totalmente satisfecho,Totalmente satisfecho,Totalmente satisfecho,Totalmente satisfecho,Totalmente satisfecho,Totalmente satisfecho,Totalmente satisfecho,Totalmente satisfecho,Totalmente satisfecho,Totalmente satisfecho,Totalmente satisfecho,Totalmente satisfecho,Totalmente satisfecho,Totalmente satisfecho,Totalmente satisfecho,Totalmente satisfecho,Totalmente satisfecho,Totalmente satisfecho,Totalmente satisfecho,10 (Promoter),
WXzPNwTf,,,COMPLETED,https://survey.zohopublic.com/zs/bBC5oY,"abr. 16, 2026 05:57:17 p. m.","abr. 16, 2026 06:01:11 p. m.",3 mins 53 secs ,Public collector,10,100,Administración,Trabajador dependiente,Tiempo completo,Muy satisfecho,Muy satisfecho,Muy satisfecho,Totalmente satisfecho,Satisfecho,Muy satisfecho,Muy satisfecho,Muy satisfecho,No utilizo,Muy satisfecho,Muy satisfecho,Muy satisfecho,Satisfecho,Satisfecho,Muy satisfecho,Muy satisfecho,Muy satisfecho,Totalmente satisfecho,Muy satisfecho,Totalmente satisfecho,Satisfecho,Muy satisfecho,Satisfecho,Totalmente satisfecho,Muy satisfecho,No utilizo,No utilizo,Satisfecho,Satisfecho,No utilizo,Muy satisfecho,Satisfecho,Satisfecho,Satisfecho,Satisfecho,No utilizo,Satisfecho,Muy satisfecho,Totalmente satisfecho,Satisfecho,Totalmente satisfecho,Totalmente satisfecho,10 (Promoter),
LKtk3OXL,,,COMPLETED,https://survey.zohopublic.com/zs/bBC5oY,"abr. 16, 2026 05:57:22 p. m.","abr. 16, 2026 06:00:49 p. m.",3 mins 27 secs ,Public collector,10,100,Administración,Trabajador dependiente,Tiempo completo,Muy satisfecho,Muy satisfecho,Totalmente satisfecho,Muy satisfecho,Muy satisfecho,Totalmente satisfecho,Muy satisfecho,Muy satisfecho,No utilizo,Muy satisfecho,Totalmente satisfecho,Muy satisfecho,Muy satisfecho,Muy satisfecho,Muy satisfecho,Muy satisfecho,Muy satisfecho,Muy satisfecho,Muy satisfecho,Satisfecho,Totalmente satisfecho,Muy satisfecho,Totalmente satisfecho,Totalmente satisfecho,Totalmente satisfecho,Totalmente satisfecho,Totalmente satisfecho,Totalmente satisfecho,Muy satisfecho,Totalmente satisfecho,Totalmente satisfecho,Totalmente satisfecho,Totalmente satisfecho,Totalmente satisfecho,Totalmente satisfecho,Totalmente satisfecho,Satisfecho,Muy satisfecho,Totalmente satisfecho,Muy satisfecho,Totalmente satisfecho,Totalmente satisfecho,10 (Promoter),
dPC2BKMD,,,COMPLETED,https://survey.zohopublic.com/zs/bBC5oY,"abr. 16, 2026 05:57:35 p. m.","abr. 16, 2026 05:59:28 p. m.",1 min 53 secs ,Public collector,10,100,Administración,En búsqueda de empleo,,Muy satisfecho,Muy satisfecho,Totalmente satisfecho,Totalmente satisfecho,Totalmente satisfecho,Muy satisfecho,Totalmente satisfecho,Totalmente satisfecho,Totalmente satisfecho,Totalmente satisfecho,Muy satisfecho,Totalmente satisfecho,Totalmente satisfecho,Totalmente satisfecho,Totalmente satisfecho,Totalmente satisfecho,Totalmente satisfecho,Totalmente satisfecho,Totalmente satisfecho,Totalmente satisfecho,Totalmente satisfecho,Totalmente satisfecho,Totalmente satisfecho,Muy satisfecho,Satisfecho,Muy satisfecho,Muy satisfecho,Muy satisfecho,Muy satisfecho,Muy satisfecho,Muy satisfecho,Satisfecho,Satisfecho,Satisfecho,Muy satisfecho,Muy satisfecho,Muy satisfecho,Muy satisfecho,Muy satisfecho,Muy satisfecho,Muy satisfecho,Muy satisfecho,10 (Promoter),
CeCZz9bU,,,COMPLETED,https://survey.zohopublic.com/zs/bBC5oY,"abr. 16, 2026 05:57:53 p. m.","abr. 16, 2026 06:06:08 p. m.",8 mins 15 secs ,Public collector,10,100,Administración,Trabajador dependiente,Tiempo completo,Totalmente satisfecho,Totalmente satisfecho,Totalmente satisfecho,Totalmente satisfecho,Totalmente satisfecho,Totalmente satisfecho,Totalmente satisfecho,Totalmente satisfecho,Totalmente satisfecho,Totalmente satisfecho,Totalmente satisfecho,Totalmente satisfecho,Totalmente satisfecho,Totalmente satisfecho,Totalmente satisfecho,Totalmente satisfecho,Totalmente satisfecho,Totalmente satisfecho,Totalmente satisfecho,Totalmente satisfecho,Totalmente satisfecho,Totalmente satisfecho,Totalmente satisfecho,Totalmente satisfecho,Totalmente satisfecho,Totalmente satisfecho,Totalmente satisfecho,Totalmente satisfecho,Totalmente satisfecho,Totalmente satisfecho,Totalmente satisfecho,Totalmente satisfecho,Totalmente satisfecho,Totalmente satisfecho,Totalmente satisfecho,Totalmente satisfecho,Totalmente satisfecho,Totalmente satisfecho,Muy satisfecho,Totalmente satisfecho,Totalmente satisfecho,Totalmente satisfecho,10 (Promoter),
84t6h2O6,,,COMPLETED,https://survey.zohopublic.com/zs/bBC5oY,"abr. 16, 2026 05:58:44 p. m.","abr. 16, 2026 06:05:17 p. m.",6 mins 33 secs ,Public collector,8,0,Administración,Trabajador dependiente,Tiempo completo,Muy satisfecho,Satisfecho,Satisfecho,Satisfecho,Insatisfecho,Satisfecho,Satisfecho,Satisfecho,No conozco,Satisfecho,Satisfecho,Satisfecho,Satisfecho,Satisfecho,Satisfecho,Satisfecho,Satisfecho,Satisfecho,Satisfecho,Satisfecho,Satisfecho,Satisfecho,Satisfecho,Satisfecho,Insatisfecho,No utilizo,No utilizo,No utilizo,No utilizo,Satisfecho,Insatisfecho,Satisfecho,Satisfecho,Satisfecho,Satisfecho,Insatisfecho,Satisfecho,Satisfecho,Satisfecho,No utilizo,Satisfecho,Satisfecho,8 (Passive),Presenta muchos beneficios y material adecuado pero siento que podria actualizar mar los cursos y materiales.
j0C52XGk,,,COMPLETED,https://survey.zohopublic.com/zs/bBC5oY,"abr. 16, 2026 05:59:34 p. m.","abr. 16, 2026 06:03:50 p. m.",4 mins 16 secs ,Public collector,10,100,Administración,Trabajador independiente,Tiempo completo,Totalmente satisfecho,Totalmente satisfecho,Totalmente satisfecho,Totalmente satisfecho,Totalmente satisfecho,Totalmente satisfecho,Totalmente satisfecho,Totalmente satisfecho,Totalmente satisfecho,Totalmente satisfecho,Totalmente satisfecho,Totalmente satisfecho,Totalmente satisfecho,Totalmente satisfecho,Totalmente satisfecho,Totalmente satisfecho,Totalmente satisfecho,Totalmente satisfecho,Totalmente satisfecho,Totalmente satisfecho,Totalmente satisfecho,Totalmente satisfecho,Totalmente satisfecho,Totalmente satisfecho,Totalmente satisfecho,Totalmente satisfecho,Totalmente satisfecho,Totalmente satisfecho,Totalmente satisfecho,Totalmente satisfecho,Totalmente satisfecho,Totalmente satisfecho,Totalmente satisfecho,Totalmente satisfecho,Totalmente satisfecho,Totalmente satisfecho,Totalmente satisfecho,Totalmente satisfecho,Totalmente satisfecho,Totalmente satisfecho,Totalmente satisfecho,Totalmente satisfecho,10 (Promoter),
PzBhRmCP,,,COMPLETED,https://survey.zohopublic.com/zs/bBC5oY,"abr. 16, 2026 05:59:46 p. m.","abr. 16, 2026 06:01:52 p. m.",2 mins 5 secs ,Public collector,9,100,Administración,Trabajador dependiente,Tiempo completo,Muy satisfecho,Muy satisfecho,Muy satisfecho,Totalmente satisfecho,Muy satisfecho,Totalmente satisfecho,Muy satisfecho,Totalmente satisfecho,Muy satisfecho,Muy satisfecho,Muy satisfecho,Muy satisfecho,Muy satisfecho,Totalmente satisfecho,Muy satisfecho,Muy satisfecho,Totalmente satisfecho,Muy satisfecho,Muy satisfecho,Totalmente satisfecho,Muy satisfecho,Totalmente satisfecho,Muy satisfecho,Totalmente satisfecho,Muy satisfecho,Totalmente satisfecho,Satisfecho,Totalmente satisfecho,Muy satisfecho,Totalmente satisfecho,Muy satisfecho,Muy satisfecho,Muy satisfecho,Totalmente satisfecho,Muy satisfecho,Totalmente satisfecho,Muy satisfecho,Muy satisfecho,Totalmente satisfecho,Muy satisfecho,Muy satisfecho,Totalmente satisfecho,9 (Promoter),
SUBBbyPM,,,COMPLETED,https://survey.zohopublic.com/zs/bBC5oY,"abr. 16, 2026 05:59:48 p. m.","abr. 16, 2026 06:02:17 p. m.",2 mins 29 secs ,Public collector,9,100,Administración,Trabajador dependiente,Tiempo completo,Muy satisfecho,Muy satisfecho,Muy satisfecho,Satisfecho,Satisfecho,Satisfecho,Muy satisfecho,Satisfecho,Satisfecho,Satisfecho,Satisfecho,Muy satisfecho,Satisfecho,Satisfecho,Satisfecho,Muy satisfecho,Satisfecho,Muy satisfecho,Muy satisfecho,Muy satisfecho,Muy satisfecho,Satisfecho,Satisfecho,Satisfecho,Muy satisfecho,No utilizo,Satisfecho,No utilizo,No utilizo,No utilizo,Satisfecho,Muy satisfecho,Muy satisfecho,Muy satisfecho,Muy satisfecho,Satisfecho,Satisfecho,Satisfecho,Satisfecho,Satisfecho,Satisfecho,Muy satisfecho,9 (Promoter),
m3tAcpfl,,,COMPLETED,https://survey.zohopublic.com/zs/bBC5oY,"abr. 16, 2026 06:00:08 p. m.","abr. 16, 2026 06:09:11 p. m.",9 mins 3 secs ,Public collector,10,100,Administración,En búsqueda de empleo,,Muy satisfecho,Muy satisfecho,Muy satisfecho,Totalmente satisfecho,Totalmente satisfecho,Muy satisfecho,Muy satisfecho,Totalmente satisfecho,Satisfecho,Totalmente satisfecho,Muy satisfecho,Totalmente satisfecho,Totalmente satisfecho,Totalmente satisfecho,Totalmente satisfecho,Totalmente satisfecho,Totalmente satisfecho,Totalmente satisfecho,Totalmente satisfecho,Muy satisfecho,Totalmente satisfecho,Totalmente satisfecho,Muy satisfecho,Muy satisfecho,Muy satisfecho,Muy satisfecho,Muy satisfecho,Muy satisfecho,Muy satisfecho,Muy satisfecho,Totalmente satisfecho,Muy satisfecho,Muy satisfecho,Muy satisfecho,Muy satisfecho,Muy satisfecho,Muy satisfecho,Muy satisfecho,Muy satisfecho,Muy satisfecho,Totalmente satisfecho,Totalmente satisfecho,10 (Promoter),
Tljjtwsi,,,COMPLETED,https://survey.zohopublic.com/zs/bBC5oY,"abr. 16, 2026 06:00:09 p. m.","abr. 16, 2026 06:08:42 p. m.",8 mins 33 secs ,Public collector,10,100,Administración,Prácticas profesionales,,Muy satisfecho,Satisfecho,Muy satisfecho,Satisfecho,Satisfecho,Muy satisfecho,Muy satisfecho,Muy satisfecho,Satisfecho,Muy satisfecho,Satisfecho,Muy satisfecho,Muy satisfecho,Muy satisfecho,Muy satisfecho,Satisfecho,Satisfecho,Satisfecho,Satisfecho,Satisfecho,Muy satisfecho,Muy satisfecho,Satisfecho,Muy satisfecho,Muy satisfecho,Satisfecho,Totalmente satisfecho,Totalmente satisfecho,Satisfecho,Satisfecho,Totalmente satisfecho,Muy satisfecho,Muy satisfecho,Satisfecho,Muy satisfecho,Satisfecho,Satisfecho,Muy satisfecho,Muy satisfecho,Satisfecho,Muy satisfecho,Totalmente satisfecho,10 (Promoter),
txDBo6o6,,,COMPLETED,https://survey.zohopublic.com/zs/bBC5oY,"abr. 16, 2026 06:00:16 p. m.","abr. 16, 2026 06:06:05 p. m.",5 mins 48 secs ,Public collector,10,100,Administración,Trabajador dependiente,Tiempo completo,Satisfecho,Satisfecho,Satisfecho,Satisfecho,Satisfecho,Satisfecho,Satisfecho,Satisfecho,No utilizo,Satisfecho,Satisfecho,Insatisfecho,Insatisfecho,Satisfecho,Satisfecho,Insatisfecho,Insatisfecho,Satisfecho,Satisfecho,Satisfecho,Satisfecho,Satisfecho,Insatisfecho,Satisfecho,Muy satisfecho,No utilizo,Muy satisfecho,Satisfecho,Muy satisfecho,Satisfecho,Satisfecho,Satisfecho,Insatisfecho,Satisfecho,Satisfecho,Insatisfecho,Insatisfecho,Insatisfecho,Satisfecho,Satisfecho,Muy satisfecho,Muy satisfecho,10 (Promoter),
L0BncG1f,,,COMPLETED,https://survey.zohopublic.com/zs/bBC5oY,"abr. 16, 2026 06:00:42 p. m.","abr. 16, 2026 06:03:43 p. m.",3 mins 1 sec ,Public collector,10,100,Administración,Prácticas profesionales,,Muy satisfecho,Muy satisfecho,Muy satisfecho,Totalmente satisfecho,Totalmente satisfecho,Totalmente satisfecho,Satisfecho,Totalmente satisfecho,No utilizo,Totalmente satisfecho,Totalmente satisfecho,Totalmente satisfecho,Totalmente satisfecho,Totalmente satisfecho,Muy satisfecho,Muy satisfecho,Satisfecho,Totalmente satisfecho,Muy satisfecho,Muy satisfecho,Muy satisfecho,Muy satisfecho,Satisfecho,Muy satisfecho,Muy satisfecho,No utilizo,No utilizo,No utilizo,No utilizo,No utilizo,Totalmente satisfecho,Muy satisfecho,Muy satisfecho,Muy satisfecho,Muy satisfecho,Totalmente satisfecho,Totalmente satisfecho,Totalmente satisfecho,Totalmente satisfecho,Totalmente satisfecho,Totalmente satisfecho,Totalmente satisfecho,10 (Promoter),
h2jGnfNL,,,COMPLETED,https://survey.zohopublic.com/zs/bBC5oY,"abr. 16, 2026 06:00:53 p. m.","abr. 16, 2026 06:02:51 p. m.",1 min 57 secs ,Public collector,10,100,Administración,Trabajador independiente,Tiempo parcial,Muy satisfecho,Muy satisfecho,Satisfecho,Muy satisfecho,Satisfecho,Muy satisfecho,Satisfecho,Satisfecho,Satisfecho,Muy satisfecho,Satisfecho,Satisfecho,Satisfecho,Satisfecho,Satisfecho,Satisfecho,Muy satisfecho,Muy satisfecho,Satisfecho,Muy satisfecho,Muy satisfecho,Satisfecho,Satisfecho,Satisfecho,Muy satisfecho,Satisfecho,Satisfecho,Satisfecho,Satisfecho,Muy satisfecho,Muy satisfecho,Satisfecho,Satisfecho,Satisfecho,Muy satisfecho,Satisfecho,Muy satisfecho,Muy satisfecho,Satisfecho,Muy satisfecho,Muy satisfecho,Muy satisfecho,10 (Promoter),
3GtgSKcm,,,COMPLETED,https://survey.zohopublic.com/zs/bBC5oY,"abr. 16, 2026 06:00:57 p. m.","abr. 16, 2026 06:03:26 p. m.",2 mins 28 secs ,Public collector,10,100,Administración,Prácticas profesionales,,Totalmente satisfecho,Totalmente satisfecho,Totalmente satisfecho,Totalmente satisfecho,Totalmente satisfecho,Totalmente satisfecho,Totalmente satisfecho,Totalmente satisfecho,No conozco,Totalmente satisfecho,Totalmente satisfecho,Totalmente satisfecho,Totalmente satisfecho,Totalmente satisfecho,Totalmente satisfecho,Totalmente satisfecho,Totalmente satisfecho,Totalmente satisfecho,Totalmente satisfecho,Totalmente satisfecho,Totalmente satisfecho,Totalmente satisfecho,Totalmente satisfecho,Totalmente satisfecho,Totalmente satisfecho,Totalmente satisfecho,Totalmente satisfecho,Totalmente satisfecho,Totalmente satisfecho,Totalmente satisfecho,Totalmente satisfecho,Totalmente satisfecho,Totalmente satisfecho,Totalmente satisfecho,Totalmente satisfecho,Totalmente satisfecho,Totalmente satisfecho,Totalmente satisfecho,Totalmente satisfecho,Totalmente satisfecho,Totalmente satisfecho,Totalmente satisfecho,10 (Promoter),
oitYjpuG,,,COMPLETED,https://survey.zohopublic.com/zs/bBC5oY,"abr. 16, 2026 06:02:07 p. m.","abr. 16, 2026 06:04:00 p. m.",1 min 53 secs ,Public collector,9,100,Administración,Trabajador dependiente,Tiempo completo,Satisfecho,Satisfecho,Satisfecho,Satisfecho,Satisfecho,Satisfecho,Satisfecho,Satisfecho,Satisfecho,Satisfecho,Satisfecho,Satisfecho,Satisfecho,Satisfecho,Satisfecho,Satisfecho,Satisfecho,Satisfecho,Satisfecho,Satisfecho,Satisfecho,Satisfecho,Satisfecho,Satisfecho,Satisfecho,Satisfecho,Satisfecho,Satisfecho,Satisfecho,Satisfecho,Satisfecho,Satisfecho,Satisfecho,Satisfecho,Satisfecho,Satisfecho,Satisfecho,Satisfecho,Satisfecho,Satisfecho,Satisfecho,Satisfecho,9 (Promoter),
csBnP4tp,,,COMPLETED,https://survey.zohopublic.com/zs/bBC5oY,"abr. 16, 2026 06:02:37 p. m.","abr. 16, 2026 06:08:26 p. m.",5 mins 49 secs ,Public collector,10,100,Administración,En búsqueda de empleo,,Totalmente satisfecho,Muy satisfecho,Muy satisfecho,Muy satisfecho,Totalmente satisfecho,Muy satisfecho,Totalmente satisfecho,Totalmente satisfecho,No utilizo,Totalmente satisfecho,Totalmente satisfecho,Muy satisfecho,Totalmente satisfecho,Totalmente satisfecho,Totalmente satisfecho,Totalmente satisfecho,Totalmente satisfecho,Totalmente satisfecho,Totalmente satisfecho,Totalmente satisfecho,Totalmente satisfecho,Totalmente satisfecho,Totalmente satisfecho,Totalmente satisfecho,Totalmente satisfecho,No conozco,Totalmente satisfecho,No conozco,Satisfecho,No conozco,Muy satisfecho,Totalmente satisfecho,Totalmente satisfecho,Satisfecho,Satisfecho,No utilizo,Totalmente satisfecho,Muy satisfecho,Muy satisfecho,Muy satisfecho,Totalmente satisfecho,Totalmente satisfecho,10 (Promoter),
7czE8roy,,,COMPLETED,https://survey.zohopublic.com/zs/bBC5oY,"abr. 16, 2026 06:02:45 p. m.","abr. 16, 2026 06:05:34 p. m.",2 mins 49 secs ,Public collector,10,100,Administración,Trabajador dependiente,Tiempo completo,Totalmente satisfecho,Totalmente satisfecho,Totalmente satisfecho,Totalmente satisfecho,Totalmente satisfecho,Muy satisfecho,Totalmente satisfecho,Totalmente satisfecho,No utilizo,Muy satisfecho,Muy satisfecho,Muy satisfecho,Muy satisfecho,Totalmente satisfecho,Muy satisfecho,Muy satisfecho,Muy satisfecho,Totalmente satisfecho,Muy satisfecho,Totalmente satisfecho,Totalmente satisfecho,Totalmente satisfecho,Muy satisfecho,Totalmente satisfecho,Totalmente satisfecho,Totalmente satisfecho,Muy satisfecho,Muy satisfecho,No utilizo,No utilizo,Muy satisfecho,Muy satisfecho,Muy satisfecho,Muy satisfecho,Muy satisfecho,Muy satisfecho,Muy satisfecho,Totalmente satisfecho,Muy satisfecho,Muy satisfecho,Totalmente satisfecho,Totalmente satisfecho,10 (Promoter),
SoDFnuYp,,,COMPLETED,https://survey.zohopublic.com/zs/bBC5oY,"abr. 16, 2026 06:03:21 p. m.","abr. 16, 2026 06:06:52 p. m.",3 mins 31 secs ,Public collector,10,100,Administración,Trabajador dependiente,Tiempo completo,Muy satisfecho,Satisfecho,Muy satisfecho,Muy satisfecho,Muy satisfecho,Muy satisfecho,Muy satisfecho,Muy satisfecho,No utilizo,Totalmente satisfecho,Muy satisfecho,Satisfecho,Muy satisfecho,Muy satisfecho,Muy satisfecho,Muy satisfecho,No utilizo,Muy satisfecho,Muy satisfecho,Muy satisfecho,Muy satisfecho,Muy satisfecho,Satisfecho,Satisfecho,Muy satisfecho,Satisfecho,Insatisfecho,Satisfecho,Muy satisfecho,Muy satisfecho,Muy satisfecho,Muy satisfecho,Satisfecho,Satisfecho,Muy satisfecho,Muy satisfecho,Muy satisfecho,Muy satisfecho,Muy satisfecho,Satisfecho,Muy satisfecho,Satisfecho,10 (Promoter),
COC2X7so,,,COMPLETED,https://survey.zohopublic.com/zs/bBC5oY,"abr. 16, 2026 06:03:22 p. m.","abr. 16, 2026 06:05:23 p. m.",2 mins 1 sec ,Public collector,9,100,Administración,Trabajador dependiente,Tiempo completo,Muy satisfecho,Muy satisfecho,Muy satisfecho,Muy satisfecho,Muy satisfecho,Muy satisfecho,Muy satisfecho,Muy satisfecho,Muy satisfecho,Muy satisfecho,Muy satisfecho,Muy satisfecho,Muy satisfecho,Muy satisfecho,Muy satisfecho,Muy satisfecho,Muy satisfecho,Muy satisfecho,Muy satisfecho,Muy satisfecho,Muy satisfecho,Muy satisfecho,Muy satisfecho,Muy satisfecho,Muy satisfecho,Muy satisfecho,Muy satisfecho,Muy satisfecho,Muy satisfecho,Muy satisfecho,Muy satisfecho,Muy satisfecho,Muy satisfecho,Muy satisfecho,Muy satisfecho,Muy satisfecho,Muy satisfecho,Muy satisfecho,Muy satisfecho,Muy satisfecho,Muy satisfecho,Muy satisfecho,9 (Promoter),
7pj9n4m0,,,COMPLETED,https://survey.zohopublic.com/zs/bBC5oY,"abr. 16, 2026 06:03:52 p. m.","abr. 16, 2026 06:06:13 p. m.",2 mins 20 secs ,Public collector,10,100,Administración,Trabajador dependiente,Tiempo completo,Totalmente satisfecho,Totalmente satisfecho,Totalmente satisfecho,Totalmente satisfecho,Totalmente satisfecho,Totalmente satisfecho,Totalmente satisfecho,Totalmente satisfecho,Totalmente satisfecho,Totalmente satisfecho,Totalmente satisfecho,Totalmente satisfecho,Totalmente satisfecho,Totalmente satisfecho,Totalmente satisfecho,Totalmente satisfecho,Totalmente satisfecho,Totalmente satisfecho,Totalmente satisfecho,Totalmente satisfecho,Totalmente satisfecho,Totalmente satisfecho,Totalmente satisfecho,Totalmente satisfecho,Totalmente satisfecho,Totalmente satisfecho,Totalmente satisfecho,Totalmente satisfecho,Totalmente satisfecho,Totalmente satisfecho,Totalmente satisfecho,Totalmente satisfecho,Totalmente satisfecho,Totalmente satisfecho,Totalmente satisfecho,Totalmente satisfecho,Totalmente satisfecho,Totalmente satisfecho,Totalmente satisfecho,Totalmente satisfecho,Totalmente satisfecho,Totalmente satisfecho,10 (Promoter),
oNBRGpLu,,,COMPLETED,https://survey.zohopublic.com/zs/bBC5oY,"abr. 16, 2026 06:04:04 p. m.","abr. 16, 2026 06:06:36 p. m.",2 mins 31 secs ,Public collector,9,100,Administración,Trabajador dependiente,Tiempo completo,Muy satisfecho,Totalmente satisfecho,Muy satisfecho,Muy satisfecho,Muy satisfecho,Totalmente satisfecho,Muy satisfecho,Totalmente satisfecho,Satisfecho,Totalmente satisfecho,Totalmente satisfecho,Totalmente satisfecho,Muy satisfecho,Muy satisfecho,Muy satisfecho,Muy satisfecho,Totalmente satisfecho,Totalmente satisfecho,Muy satisfecho,Totalmente satisfecho,Totalmente satisfecho,Totalmente satisfecho,Muy satisfecho,Totalmente satisfecho,Totalmente satisfecho,Satisfecho,Totalmente satisfecho,Totalmente satisfecho,Totalmente satisfecho,Totalmente satisfecho,Muy satisfecho,Totalmente satisfecho,Totalmente satisfecho,Totalmente satisfecho,Totalmente satisfecho,Totalmente satisfecho,Totalmente satisfecho,Totalmente satisfecho,Totalmente satisfecho,Totalmente satisfecho,Totalmente satisfecho,Totalmente satisfecho,9 (Promoter),
jgDBR0qU,,,COMPLETED,https://survey.zohopublic.com/zs/bBC5oY,"abr. 16, 2026 06:05:03 p. m.","abr. 16, 2026 06:07:26 p. m.",2 mins 22 secs ,Public collector,10,100,Administración,En búsqueda de empleo,,Muy satisfecho,Muy satisfecho,Muy satisfecho,Muy satisfecho,Muy satisfecho,Totalmente satisfecho,Muy satisfecho,Muy satisfecho,Muy satisfecho,Muy satisfecho,Muy satisfecho,Muy satisfecho,Muy satisfecho,Muy satisfecho,Muy satisfecho,Muy satisfecho,Muy satisfecho,Muy satisfecho,Muy satisfecho,Muy satisfecho,Muy satisfecho,Muy satisfecho,Muy satisfecho,Muy satisfecho,Muy satisfecho,Muy satisfecho,Muy satisfecho,Muy satisfecho,Muy satisfecho,Muy satisfecho,Muy satisfecho,Muy satisfecho,Muy satisfecho,Muy satisfecho,Muy satisfecho,Muy satisfecho,Muy satisfecho,Muy satisfecho,Muy satisfecho,Muy satisfecho,Totalmente satisfecho,Totalmente satisfecho,10 (Promoter),
pLC5UCt1,,,COMPLETED,https://survey.zohopublic.com/zs/bBC5oY,"abr. 16, 2026 06:05:25 p. m.","abr. 16, 2026 06:11:09 p. m.",5 mins 43 secs ,Public collector,10,100,Administración,Prácticas profesionales,,Totalmente satisfecho,Totalmente satisfecho,Totalmente satisfecho,Totalmente satisfecho,Totalmente satisfecho,Totalmente satisfecho,Totalmente satisfecho,Totalmente satisfecho,Totalmente satisfecho,Totalmente satisfecho,Totalmente satisfecho,Totalmente satisfecho,Totalmente satisfecho,Totalmente satisfecho,Totalmente satisfecho,Totalmente satisfecho,Totalmente satisfecho,Satisfecho,Totalmente satisfecho,Totalmente insatisfecho,Totalmente satisfecho,Totalmente satisfecho,Totalmente satisfecho,Totalmente satisfecho,Totalmente satisfecho,Totalmente satisfecho,Totalmente satisfecho,Totalmente satisfecho,Totalmente satisfecho,Totalmente satisfecho,Totalmente satisfecho,Totalmente satisfecho,Totalmente satisfecho,Totalmente satisfecho,Totalmente satisfecho,Totalmente satisfecho,Totalmente satisfecho,Totalmente insatisfecho,Totalmente satisfecho,Totalmente satisfecho,Totalmente satisfecho,Totalmente satisfecho,10 (Promoter),
r0BBaTXJ,,,COMPLETED,https://survey.zohopublic.com/zs/bBC5oY,"abr. 16, 2026 06:05:36 p. m.","abr. 16, 2026 06:11:31 p. m.",5 mins 55 secs ,Public collector,10,100,Administración,En búsqueda de empleo,,Totalmente satisfecho,Totalmente satisfecho,Totalmente satisfecho,Totalmente satisfecho,Totalmente satisfecho,Totalmente satisfecho,Totalmente satisfecho,Totalmente satisfecho,No utilizo,Totalmente satisfecho,Totalmente satisfecho,Totalmente satisfecho,Muy satisfecho,Muy satisfecho,Muy satisfecho,Muy satisfecho,Muy satisfecho,Muy satisfecho,Muy satisfecho,Muy satisfecho,Muy satisfecho,Satisfecho,Satisfecho,Satisfecho,Muy satisfecho,Muy satisfecho,Satisfecho,Satisfecho,No utilizo,No utilizo,Satisfecho,Totalmente satisfecho,Satisfecho,No utilizo,,Muy satisfecho,Satisfecho,Muy satisfecho,Muy satisfecho,Muy satisfecho,Totalmente satisfecho,Totalmente satisfecho,10 (Promoter),
ssBRvolO,,,COMPLETED,https://survey.zohopublic.com/zs/bBC5oY,"abr. 16, 2026 06:06:22 p. m.","abr. 16, 2026 06:09:30 p. m.",3 mins 7 secs ,Public collector,10,100,Administración,Trabajador dependiente,Tiempo completo,Totalmente satisfecho,Totalmente satisfecho,Satisfecho,Totalmente satisfecho,Muy satisfecho,Totalmente satisfecho,Muy satisfecho,Muy satisfecho,No utilizo,Totalmente satisfecho,Totalmente satisfecho,Totalmente satisfecho,Totalmente satisfecho,Totalmente satisfecho,Muy satisfecho,Muy satisfecho,Satisfecho,Totalmente satisfecho,Totalmente satisfecho,Totalmente satisfecho,Totalmente satisfecho,Totalmente satisfecho,Satisfecho,Totalmente satisfecho,Totalmente satisfecho,No utilizo,Totalmente satisfecho,No utilizo,Satisfecho,Satisfecho,Muy satisfecho,Totalmente satisfecho,Totalmente satisfecho,Totalmente satisfecho,Totalmente satisfecho,Totalmente satisfecho,Totalmente satisfecho,Totalmente satisfecho,Totalmente satisfecho,Totalmente satisfecho,Totalmente satisfecho,Totalmente satisfecho,10 (Promoter),
U5C51MVP,,,COMPLETED,https://survey.zohopublic.com/zs/bBC5oY,"abr. 16, 2026 06:06:38 p. m.","abr. 16, 2026 06:09:28 p. m.",2 mins 49 secs ,Public collector,10,100,Administración,Trabajador dependiente,Tiempo completo,Totalmente satisfecho,Totalmente satisfecho,Muy satisfecho,Totalmente satisfecho,Muy satisfecho,Muy satisfecho,Satisfecho,Muy satisfecho,Satisfecho,Totalmente satisfecho,Totalmente satisfecho,Muy satisfecho,Muy satisfecho,Totalmente satisfecho,Totalmente satisfecho,Muy satisfecho,Satisfecho,Muy satisfecho,Muy satisfecho,Totalmente satisfecho,Totalmente satisfecho,Muy satisfecho,Satisfecho,Satisfecho,Totalmente satisfecho,Satisfecho,Satisfecho,Satisfecho,Satisfecho,Satisfecho,Totalmente satisfecho,Totalmente satisfecho,Muy satisfecho,Muy satisfecho,Totalmente satisfecho,Totalmente satisfecho,Satisfecho,Totalmente satisfecho,Totalmente satisfecho,Muy satisfecho,Totalmente satisfecho,Totalmente satisfecho,10 (Promoter),
YSjrZL1y,,,COMPLETED,https://survey.zohopublic.com/zs/bBC5oY,"abr. 16, 2026 06:06:46 p. m.","abr. 16, 2026 06:10:11 p. m.",3 mins 25 secs ,Public collector,10,100,Administración,Trabajador independiente,Tiempo completo,Muy satisfecho,Totalmente satisfecho,Totalmente satisfecho,Muy satisfecho,Totalmente satisfecho,Totalmente satisfecho,Muy satisfecho,Muy satisfecho,Muy satisfecho,Totalmente satisfecho,Muy satisfecho,Totalmente satisfecho,Totalmente satisfecho,Muy satisfecho,Muy satisfecho,Totalmente satisfecho,Muy satisfecho,Muy satisfecho,Muy satisfecho,Satisfecho,Totalmente satisfecho,Muy satisfecho,Muy satisfecho,Satisfecho,Totalmente satisfecho,Totalmente satisfecho,Totalmente satisfecho,Satisfecho,Muy satisfecho,Satisfecho,Satisfecho,Totalmente satisfecho,Totalmente satisfecho,Satisfecho,Muy satisfecho,Muy satisfecho,Totalmente satisfecho,Muy satisfecho,Satisfecho,Muy satisfecho,Totalmente satisfecho,Totalmente satisfecho,10 (Promoter),
jtBhXwww,,,COMPLETED,https://survey.zohopublic.com/zs/bBC5oY,"abr. 16, 2026 06:08:02 p. m.","abr. 16, 2026 06:12:04 p. m.",4 mins 2 secs ,Public collector,10,100,Administración,Trabajador dependiente,Tiempo completo,Muy satisfecho,Muy satisfecho,Muy satisfecho,Totalmente satisfecho,Muy satisfecho,Muy satisfecho,Muy satisfecho,Muy satisfecho,Satisfecho,Muy satisfecho,Muy satisfecho,Muy satisfecho,Muy satisfecho,Muy satisfecho,Muy satisfecho,Muy satisfecho,Muy satisfecho,Totalmente satisfecho,Muy satisfecho,Muy satisfecho,Totalmente satisfecho,Muy satisfecho,Muy satisfecho,Muy satisfecho,Muy satisfecho,Satisfecho,Totalmente satisfecho,Satisfecho,Muy satisfecho,Muy satisfecho,Muy satisfecho,Muy satisfecho,Muy satisfecho,Muy satisfecho,Totalmente satisfecho,Totalmente satisfecho,Totalmente satisfecho,Muy satisfecho,Totalmente satisfecho,Satisfecho,Muy satisfecho,Totalmente satisfecho,10 (Promoter),
PpCZclKG,,,COMPLETED,https://survey.zohopublic.com/zs/bBC5oY,"abr. 16, 2026 06:09:43 p. m.","abr. 16, 2026 06:46:43 p. m.",36 mins 59 secs ,Public collector,8,0,Administración,Trabajador dependiente,Tiempo completo,Satisfecho,Satisfecho,Insatisfecho,Insatisfecho,Insatisfecho,Satisfecho,Insatisfecho,Insatisfecho,No conozco,Muy satisfecho,Insatisfecho,Satisfecho,Insatisfecho,Satisfecho,Satisfecho,Satisfecho,Insatisfecho,Satisfecho,Muy satisfecho,Satisfecho,Satisfecho,Satisfecho,No utilizo,Satisfecho,Insatisfecho,No utilizo,No utilizo,No utilizo,No utilizo,No utilizo,Insatisfecho,Satisfecho,Totalmente insatisfecho,No utilizo,,Totalmente insatisfecho,Satisfecho,Satisfecho,Satisfecho,No conozco,Satisfecho,Satisfecho,8 (Passive),"En temas académicos siento que se quedan atrás de universidades como la ESAN. Infraestructura de primera, pero llena de gente."
pAC2aWOQ,,,COMPLETED,https://survey.zohopublic.com/zs/bBC5oY,"abr. 16, 2026 06:09:45 p. m.","abr. 16, 2026 06:19:18 p. m.",9 mins 33 secs ,Public collector,9,100,Administración,Prácticas profesionales,,Muy satisfecho,Muy satisfecho,Satisfecho,Muy satisfecho,Satisfecho,Muy satisfecho,Satisfecho,Muy satisfecho,No utilizo,Muy satisfecho,Muy satisfecho,Muy satisfecho,Muy satisfecho,Muy satisfecho,Muy satisfecho,Muy satisfecho,Totalmente satisfecho,Totalmente satisfecho,Muy satisfecho,Muy satisfecho,Muy satisfecho,Totalmente satisfecho,Totalmente satisfecho,Totalmente satisfecho,Muy satisfecho,No utilizo,Insatisfecho,Insatisfecho,No utilizo,No utilizo,Muy satisfecho,Satisfecho,Muy satisfecho,Muy satisfecho,Muy satisfecho,Satisfecho,Totalmente satisfecho,Muy satisfecho,Muy satisfecho,Totalmente satisfecho,Muy satisfecho,Muy satisfecho,9 (Promoter),
DTDFMEIl,,,COMPLETED,https://survey.zohopublic.com/zs/bBC5oY,"abr. 16, 2026 06:09:56 p. m.","abr. 16, 2026 06:17:49 p. m.",7 mins 53 secs ,Public collector,10,100,Administración,Trabajador dependiente,Tiempo completo,Totalmente satisfecho,Totalmente satisfecho,Totalmente satisfecho,Totalmente satisfecho,Totalmente satisfecho,Totalmente satisfecho,Totalmente satisfecho,Totalmente satisfecho,Totalmente satisfecho,Totalmente satisfecho,Totalmente satisfecho,Totalmente satisfecho,Totalmente satisfecho,Totalmente satisfecho,Totalmente satisfecho,Totalmente satisfecho,Totalmente satisfecho,Totalmente satisfecho,Totalmente satisfecho,Totalmente satisfecho,Totalmente satisfecho,Totalmente satisfecho,Totalmente satisfecho,Totalmente satisfecho,Totalmente satisfecho,Totalmente satisfecho,Totalmente satisfecho,Totalmente satisfecho,Totalmente satisfecho,Totalmente satisfecho,Totalmente satisfecho,Totalmente satisfecho,Totalmente satisfecho,Totalmente satisfecho,Totalmente satisfecho,Totalmente satisfecho,Totalmente satisfecho,Totalmente satisfecho,Totalmente satisfecho,Totalmente satisfecho,Totalmente satisfecho,Totalmente satisfecho,10 (Promoter),
b2BRiIPN,,,COMPLETED,https://survey.zohopublic.com/zs/bBC5oY,"abr. 16, 2026 06:10:03 p. m.","abr. 16, 2026 06:14:58 p. m.",4 mins 55 secs ,Public collector,10,100,Administración,Trabajador dependiente,Tiempo completo,Satisfecho,Muy satisfecho,Satisfecho,Satisfecho,Satisfecho,Totalmente satisfecho,Satisfecho,Satisfecho,No utilizo,Satisfecho,Satisfecho,Satisfecho,Satisfecho,Satisfecho,Satisfecho,Satisfecho,Satisfecho,Satisfecho,Satisfecho,Satisfecho,Satisfecho,Satisfecho,Satisfecho,Satisfecho,Satisfecho,Satisfecho,Satisfecho,Satisfecho,Satisfecho,Satisfecho,Totalmente satisfecho,Totalmente satisfecho,Totalmente satisfecho,Totalmente satisfecho,Totalmente satisfecho,Totalmente satisfecho,Totalmente satisfecho,Totalmente satisfecho,Totalmente satisfecho,Totalmente satisfecho,Totalmente satisfecho,Totalmente satisfecho,10 (Promoter),
NMC2PKZa,,,COMPLETED,https://survey.zohopublic.com/zs/bBC5oY,"abr. 16, 2026 06:10:06 p. m.","abr. 16, 2026 06:16:50 p. m.",6 mins 43 secs ,Public collector,10,100,Administración,Trabajador dependiente,Tiempo completo,Muy satisfecho,Muy satisfecho,Muy satisfecho,Muy satisfecho,Muy satisfecho,Muy satisfecho,Muy satisfecho,Muy satisfecho,Muy satisfecho,Muy satisfecho,Muy satisfecho,Muy satisfecho,Muy satisfecho,Muy satisfecho,Muy satisfecho,Muy satisfecho,Muy satisfecho,Muy satisfecho,Muy satisfecho,Muy satisfecho,Muy satisfecho,Muy satisfecho,Muy satisfecho,Muy satisfecho,Muy satisfecho,Muy satisfecho,Muy satisfecho,Muy satisfecho,Muy satisfecho,Muy satisfecho,Muy satisfecho,Muy satisfecho,Muy satisfecho,Muy satisfecho,Muy satisfecho,Muy satisfecho,Muy satisfecho,Muy satisfecho,Muy satisfecho,Muy satisfecho,Muy satisfecho,Muy satisfecho,10 (Promoter),
extzFCwF,,,COMPLETED,https://survey.zohopublic.com/zs/bBC5oY,"abr. 16, 2026 06:10:27 p. m.","abr. 16, 2026 06:16:41 p. m.",6 mins 13 secs ,Public collector,9,100,Administración,Trabajador dependiente,Tiempo completo,Muy satisfecho,Satisfecho,Satisfecho,Satisfecho,Satisfecho,Muy satisfecho,Satisfecho,Satisfecho,Satisfecho,Muy satisfecho,Satisfecho,Satisfecho,Satisfecho,Satisfecho,Satisfecho,Satisfecho,No utilizo,Muy satisfecho,Satisfecho,Satisfecho,Satisfecho,Satisfecho,Satisfecho,Muy satisfecho,Satisfecho,No utilizo,Satisfecho,No utilizo,No utilizo,Muy satisfecho,Muy satisfecho,Satisfecho,Satisfecho,No utilizo,,Satisfecho,Satisfecho,Insatisfecho,Satisfecho,Satisfecho,Muy satisfecho,Muy satisfecho,9 (Promoter),
CFC2HcPv,,,COMPLETED,https://survey.zohopublic.com/zs/bBC5oY,"abr. 16, 2026 06:10:30 p. m.","abr. 16, 2026 06:13:47 p. m.",3 mins 16 secs ,Public collector,10,100,Administración,Trabajador independiente,Tiempo completo,Muy satisfecho,Muy satisfecho,Muy satisfecho,Muy satisfecho,Muy satisfecho,Totalmente satisfecho,Muy satisfecho,Muy satisfecho,Muy satisfecho,Muy satisfecho,Muy satisfecho,Totalmente satisfecho,Muy satisfecho,Muy satisfecho,Satisfecho,Satisfecho,Muy satisfecho,Muy satisfecho,Muy satisfecho,Muy satisfecho,Muy satisfecho,Muy satisfecho,Muy satisfecho,Muy satisfecho,Muy satisfecho,Muy satisfecho,Muy satisfecho,Muy satisfecho,Muy satisfecho,Muy satisfecho,Totalmente satisfecho,Totalmente satisfecho,Totalmente satisfecho,Totalmente satisfecho,Totalmente satisfecho,Muy satisfecho,Muy satisfecho,Muy satisfecho,Muy satisfecho,Muy satisfecho,Totalmente satisfecho,Totalmente satisfecho,10 (Promoter),
HyDF6pUN,,,COMPLETED,https://survey.zohopublic.com/zs/bBC5oY,"abr. 16, 2026 06:11:46 p. m.","abr. 16, 2026 06:15:19 p. m.",3 mins 33 secs ,Public collector,10,100,Administración,Prácticas profesionales,,Totalmente satisfecho,Totalmente satisfecho,Totalmente satisfecho,Totalmente satisfecho,Totalmente satisfecho,Totalmente satisfecho,Totalmente satisfecho,Totalmente satisfecho,No utilizo,Totalmente satisfecho,Totalmente satisfecho,Totalmente satisfecho,Totalmente satisfecho,Totalmente satisfecho,Totalmente satisfecho,Totalmente satisfecho,Totalmente satisfecho,Totalmente satisfecho,Totalmente satisfecho,Totalmente satisfecho,Totalmente satisfecho,Totalmente satisfecho,Totalmente satisfecho,Totalmente satisfecho,Totalmente satisfecho,Totalmente satisfecho,Totalmente satisfecho,Totalmente satisfecho,Totalmente satisfecho,Totalmente satisfecho,Totalmente satisfecho,Totalmente satisfecho,Totalmente satisfecho,Totalmente satisfecho,Totalmente satisfecho,Totalmente satisfecho,Totalmente satisfecho,Totalmente satisfecho,Totalmente satisfecho,Totalmente satisfecho,Totalmente satisfecho,Totalmente satisfecho,10 (Promoter),
ibBnxyWA,,,COMPLETED,https://survey.zohopublic.com/zs/bBC5oY,"abr. 16, 2026 06:11:53 p. m.","abr. 16, 2026 06:15:25 p. m.",3 mins 31 secs ,Public collector,9,100,Administración,Trabajador dependiente,Tiempo completo,Totalmente satisfecho,Muy satisfecho,Muy satisfecho,Muy satisfecho,Totalmente satisfecho,Satisfecho,Muy satisfecho,Muy satisfecho,Muy satisfecho,Muy satisfecho,Muy satisfecho,Muy satisfecho,Totalmente satisfecho,Muy satisfecho,Muy satisfecho,Muy satisfecho,Muy satisfecho,Totalmente satisfecho,Muy satisfecho,Totalmente satisfecho,Totalmente satisfecho,Muy satisfecho,Muy satisfecho,Muy satisfecho,Muy satisfecho,Totalmente satisfecho,Muy satisfecho,Totalmente satisfecho,Satisfecho,Totalmente satisfecho,Totalmente satisfecho,Satisfecho,Muy satisfecho,Totalmente satisfecho,Muy satisfecho,Totalmente satisfecho,Totalmente satisfecho,Totalmente satisfecho,Muy satisfecho,Satisfecho,Satisfecho,Totalmente satisfecho,9 (Promoter),
U1C5tMzc,,,COMPLETED,https://survey.zohopublic.com/zs/bBC5oY,"abr. 16, 2026 06:12:19 p. m.","abr. 16, 2026 06:15:14 p. m.",2 mins 54 secs ,Public collector,10,100,Administración,Trabajador dependiente,Tiempo completo,Muy satisfecho,Muy satisfecho,Muy satisfecho,Muy satisfecho,Muy satisfecho,Muy satisfecho,Muy satisfecho,Muy satisfecho,Muy satisfecho,Muy satisfecho,Muy satisfecho,Muy satisfecho,Muy satisfecho,Muy satisfecho,Muy satisfecho,Muy satisfecho,Muy satisfecho,Muy satisfecho,Muy satisfecho,Muy satisfecho,Muy satisfecho,Muy satisfecho,Muy satisfecho,Muy satisfecho,Muy satisfecho,Muy satisfecho,Muy satisfecho,Muy satisfecho,Muy satisfecho,Muy satisfecho,Muy satisfecho,Muy satisfecho,Muy satisfecho,Muy satisfecho,Muy satisfecho,Muy satisfecho,Muy satisfecho,Muy satisfecho,Muy satisfecho,Muy satisfecho,Muy satisfecho,Muy satisfecho,10 (Promoter),
5XBhjbLA,,,COMPLETED,https://survey.zohopublic.com/zs/bBC5oY,"abr. 16, 2026 06:12:45 p. m.","abr. 16, 2026 06:15:07 p. m.",2 mins 21 secs ,Public collector,10,100,Administración,Trabajador dependiente,Tiempo completo,Totalmente satisfecho,Totalmente satisfecho,Totalmente satisfecho,Totalmente satisfecho,Totalmente satisfecho,Totalmente satisfecho,Totalmente satisfecho,Totalmente satisfecho,No conozco,Totalmente satisfecho,Totalmente satisfecho,Totalmente satisfecho,Totalmente satisfecho,Totalmente satisfecho,Totalmente satisfecho,Totalmente satisfecho,Totalmente satisfecho,Totalmente satisfecho,Totalmente satisfecho,Totalmente satisfecho,Totalmente satisfecho,Totalmente satisfecho,Totalmente satisfecho,Totalmente satisfecho,Totalmente satisfecho,No conozco,No conozco,No conozco,No conozco,No conozco,Totalmente satisfecho,Totalmente satisfecho,Totalmente satisfecho,Totalmente satisfecho,Totalmente satisfecho,Totalmente satisfecho,Totalmente satisfecho,Totalmente satisfecho,Totalmente satisfecho,Totalmente satisfecho,Totalmente satisfecho,Totalmente satisfecho,10 (Promoter),
s0BB2WNc,,,COMPLETED,https://survey.zohopublic.com/zs/bBC5oY,"abr. 16, 2026 06:13:39 p. m.","abr. 16, 2026 06:16:23 p. m.",2 mins 43 secs ,Public collector,10,100,Administración,Trabajador dependiente,Tiempo completo,Totalmente satisfecho,Totalmente satisfecho,Totalmente satisfecho,Totalmente satisfecho,Totalmente satisfecho,Totalmente satisfecho,Totalmente satisfecho,Totalmente satisfecho,Totalmente satisfecho,Totalmente satisfecho,Totalmente satisfecho,Totalmente satisfecho,Totalmente satisfecho,Totalmente satisfecho,Totalmente satisfecho,Totalmente satisfecho,Totalmente satisfecho,Totalmente satisfecho,Totalmente satisfecho,Totalmente satisfecho,Totalmente satisfecho,Totalmente satisfecho,Totalmente satisfecho,Totalmente satisfecho,Totalmente satisfecho,Totalmente satisfecho,Totalmente satisfecho,Totalmente satisfecho,Totalmente satisfecho,Totalmente satisfecho,Totalmente satisfecho,Totalmente satisfecho,Totalmente satisfecho,Totalmente satisfecho,Totalmente satisfecho,Totalmente satisfecho,Totalmente satisfecho,Totalmente satisfecho,Totalmente satisfecho,Totalmente satisfecho,Totalmente satisfecho,Totalmente satisfecho,10 (Promoter),
BbDFfx1o,,,COMPLETED,https://survey.zohopublic.com/zs/bBC5oY,"abr. 16, 2026 06:13:41 p. m.","abr. 16, 2026 06:20:11 p. m.",6 mins 30 secs ,Public collector,10,100,Administración,Trabajador independiente,Tiempo parcial,Muy satisfecho,Muy satisfecho,Muy satisfecho,Muy satisfecho,Satisfecho,Totalmente satisfecho,Muy satisfecho,Satisfecho,No conozco,Muy satisfecho,Muy satisfecho,Satisfecho,Satisfecho,Satisfecho,Satisfecho,Satisfecho,Satisfecho,Satisfecho,Satisfecho,Satisfecho,Insatisfecho,Muy satisfecho,Satisfecho,Satisfecho,Satisfecho,No utilizo,Satisfecho,No utilizo,No utilizo,Insatisfecho,Totalmente satisfecho,Satisfecho,Satisfecho,No utilizo,,Insatisfecho,Satisfecho,Satisfecho,Satisfecho,Satisfecho,Totalmente satisfecho,Totalmente satisfecho,10 (Promoter),
4yDFCd1t,,,COMPLETED,https://survey.zohopublic.com/zs/bBC5oY,"abr. 16, 2026 06:14:26 p. m.","abr. 16, 2026 06:17:42 p. m.",3 mins 16 secs ,Public collector,10,100,Administración,Trabajador dependiente,Tiempo completo,Muy satisfecho,Satisfecho,Muy satisfecho,Muy satisfecho,Muy satisfecho,Muy satisfecho,Muy satisfecho,Muy satisfecho,No utilizo,Muy satisfecho,Muy satisfecho,Muy satisfecho,Muy satisfecho,Muy satisfecho,Muy satisfecho,Muy satisfecho,Muy satisfecho,Muy satisfecho,Totalmente satisfecho,Totalmente satisfecho,Totalmente satisfecho,Totalmente satisfecho,Muy satisfecho,Totalmente satisfecho,Totalmente satisfecho,No utilizo,Muy satisfecho,Satisfecho,No utilizo,No utilizo,Muy satisfecho,Muy satisfecho,Muy satisfecho,Muy satisfecho,Totalmente satisfecho,Muy satisfecho,Totalmente satisfecho,Satisfecho,Satisfecho,Muy satisfecho,Muy satisfecho,Muy satisfecho,10 (Promoter),
I6BBc8Sw,,,COMPLETED,https://survey.zohopublic.com/zs/bBC5oY,"abr. 16, 2026 06:14:27 p. m.","abr. 16, 2026 06:16:44 p. m.",2 mins 17 secs ,Public collector,9,100,Administración,Prácticas profesionales,,Muy satisfecho,Satisfecho,Satisfecho,Satisfecho,Satisfecho,Satisfecho,Muy satisfecho,Muy satisfecho,Satisfecho,Satisfecho,Satisfecho,Satisfecho,Satisfecho,Satisfecho,Satisfecho,Satisfecho,Satisfecho,Muy satisfecho,Satisfecho,Muy satisfecho,Satisfecho,Satisfecho,Satisfecho,Satisfecho,Satisfecho,Satisfecho,Muy satisfecho,Satisfecho,Satisfecho,Satisfecho,Satisfecho,Satisfecho,Satisfecho,Satisfecho,Satisfecho,Satisfecho,Satisfecho,Satisfecho,Satisfecho,Satisfecho,Satisfecho,Satisfecho,9 (Promoter),
EEznDaHr,,,COMPLETED,https://survey.zohopublic.com/zs/bBC5oY,"abr. 16, 2026 06:15:37 p. m.","abr. 16, 2026 06:21:36 p. m.",5 mins 58 secs ,Public collector,10,100,Administración,Trabajador independiente,Tiempo completo,Totalmente satisfecho,Totalmente satisfecho,Totalmente satisfecho,Totalmente satisfecho,Totalmente satisfecho,Totalmente satisfecho,Totalmente satisfecho,Totalmente satisfecho,Totalmente satisfecho,Totalmente satisfecho,Muy satisfecho,Totalmente satisfecho,Totalmente satisfecho,Totalmente satisfecho,Totalmente satisfecho,Totalmente satisfecho,Totalmente satisfecho,Totalmente satisfecho,Totalmente satisfecho,Totalmente satisfecho,Totalmente satisfecho,Totalmente satisfecho,Totalmente satisfecho,Totalmente satisfecho,Totalmente satisfecho,Totalmente satisfecho,Totalmente satisfecho,Totalmente satisfecho,Totalmente satisfecho,Totalmente satisfecho,Totalmente satisfecho,Totalmente satisfecho,Totalmente satisfecho,Totalmente satisfecho,Totalmente satisfecho,Totalmente satisfecho,Totalmente satisfecho,Totalmente satisfecho,Totalmente satisfecho,Totalmente satisfecho,Totalmente satisfecho,Totalmente satisfecho,10 (Promoter),
CFzA1QD2,,,COMPLETED,https://survey.zohopublic.com/zs/bBC5oY,"abr. 16, 2026 06:21:13 p. m.","abr. 16, 2026 06:37:49 p. m.",16 mins 36 secs ,Public collector,10,100,Administración,Prácticas profesionales,,Totalmente satisfecho,Totalmente satisfecho,Muy satisfecho,Muy satisfecho,Muy satisfecho,Totalmente satisfecho,Muy satisfecho,Muy satisfecho,Muy satisfecho,Totalmente satisfecho,Totalmente satisfecho,Totalmente satisfecho,Totalmente satisfecho,Totalmente satisfecho,Totalmente satisfecho,Totalmente satisfecho,Totalmente satisfecho,Totalmente satisfecho,Totalmente satisfecho,Totalmente satisfecho,Totalmente satisfecho,Totalmente satisfecho,Totalmente satisfecho,Totalmente satisfecho,Totalmente satisfecho,Totalmente satisfecho,Totalmente satisfecho,Totalmente satisfecho,Totalmente satisfecho,Totalmente satisfecho,Totalmente satisfecho,Totalmente satisfecho,Totalmente satisfecho,Totalmente satisfecho,Totalmente satisfecho,Totalmente satisfecho,Totalmente satisfecho,Totalmente satisfecho,Totalmente satisfecho,Totalmente satisfecho,Totalmente satisfecho,Totalmente satisfecho,10 (Promoter),
PczD2PF6,,,COMPLETED,https://survey.zohopublic.com/zs/bBC5oY,"abr. 16, 2026 06:28:31 p. m.","abr. 16, 2026 06:37:07 p. m.",8 mins 35 secs ,Public collector,8,0,Administración,Trabajador independiente,Tiempo parcial,Satisfecho,Satisfecho,Satisfecho,Satisfecho,Satisfecho,Muy satisfecho,Satisfecho,Satisfecho,Satisfecho,Satisfecho,Muy satisfecho,Satisfecho,Satisfecho,Satisfecho,Satisfecho,Satisfecho,Satisfecho,Satisfecho,Satisfecho,Satisfecho,Satisfecho,Satisfecho,Satisfecho,Insatisfecho,Satisfecho,Satisfecho,Satisfecho,Satisfecho,Satisfecho,Satisfecho,Insatisfecho,Satisfecho,Insatisfecho,Satisfecho,Satisfecho,Satisfecho,Satisfecho,Muy satisfecho,Satisfecho,Satisfecho,Muy satisfecho,Muy satisfecho,8 (Passive),"Muy buena universidad con recursos, espacio, tecnología y cursos interesantes"
C2CZR80z,,,COMPLETED,https://survey.zohopublic.com/zs/bBC5oY,"abr. 16, 2026 06:29:57 p. m.","abr. 16, 2026 06:33:37 p. m.",3 mins 39 secs ,Public collector,8,0,Administración,Trabajador dependiente,Tiempo completo,Satisfecho,Satisfecho,Satisfecho,Satisfecho,Satisfecho,Satisfecho,Satisfecho,Satisfecho,No utilizo,Satisfecho,Satisfecho,Satisfecho,Satisfecho,Satisfecho,Satisfecho,Satisfecho,Satisfecho,Satisfecho,Satisfecho,Satisfecho,Satisfecho,Satisfecho,Satisfecho,Satisfecho,Satisfecho,Satisfecho,Satisfecho,Satisfecho,Satisfecho,Satisfecho,Satisfecho,Satisfecho,Satisfecho,Satisfecho,Satisfecho,Satisfecho,Satisfecho,Satisfecho,Satisfecho,Satisfecho,Satisfecho,Satisfecho,8 (Passive),Porque cumplió con mis espectativas
teC27KPm,,,COMPLETED,https://survey.zohopublic.com/zs/bBC5oY,"abr. 16, 2026 06:35:30 p. m.","abr. 16, 2026 06:39:32 p. m.",4 mins 2 secs ,Public collector,10,100,Administración,Prácticas profesionales,,Totalmente satisfecho,Totalmente satisfecho,Totalmente satisfecho,Totalmente satisfecho,Totalmente satisfecho,Totalmente satisfecho,Totalmente satisfecho,Totalmente satisfecho,Totalmente satisfecho,Totalmente satisfecho,Totalmente satisfecho,Totalmente satisfecho,Totalmente satisfecho,Totalmente satisfecho,Totalmente satisfecho,Totalmente satisfecho,Totalmente satisfecho,Muy satisfecho,Totalmente satisfecho,Totalmente satisfecho,Totalmente satisfecho,Totalmente satisfecho,Muy satisfecho,Totalmente satisfecho,Totalmente satisfecho,Totalmente satisfecho,Totalmente satisfecho,Totalmente satisfecho,Totalmente satisfecho,Totalmente satisfecho,Totalmente satisfecho,Totalmente satisfecho,Totalmente satisfecho,Muy satisfecho,Totalmente satisfecho,Muy satisfecho,Totalmente satisfecho,Totalmente satisfecho,Totalmente satisfecho,Totalmente satisfecho,Totalmente satisfecho,Totalmente satisfecho,10 (Promoter),
Q8zluZKT,,,COMPLETED,https://survey.zohopublic.com/zs/bBC5oY,"abr. 17, 2026 05:47:01 p. m.","abr. 17, 2026 05:52:59 p. m.",5 mins 58 secs ,Public collector,7,0,Comunicación,Trabajador dependiente,Tiempo parcial,Satisfecho,Satisfecho,Satisfecho,Satisfecho,Satisfecho,Satisfecho,Satisfecho,Satisfecho,No utilizo,Satisfecho,Satisfecho,Satisfecho,Satisfecho,Satisfecho,Satisfecho,Satisfecho,Satisfecho,Satisfecho,Satisfecho,Satisfecho,Insatisfecho,Satisfecho,Satisfecho,Insatisfecho,Satisfecho,Totalmente insatisfecho,Satisfecho,Insatisfecho,No utilizo,Satisfecho,Insatisfecho,Satisfecho,Satisfecho,Satisfecho,Satisfecho,Satisfecho,Insatisfecho,Satisfecho,Satisfecho,Insatisfecho,Satisfecho,Satisfecho,7 (Passive),Siento que hay muchos ámbitos en los que la universidad debe mejorar desde la psicológica hacia sus alumnos hasta el tipo de profesores y su metodología de aprendizaje.
QvtmaVlT,,,COMPLETED,https://survey.zohopublic.com/zs/bBC5oY,"abr. 17, 2026 05:48:19 p. m.","abr. 17, 2026 05:53:31 p. m.",5 mins 11 secs ,Public collector,7,0,Comunicación,Trabajador dependiente,Tiempo completo,Satisfecho,Satisfecho,Satisfecho,Satisfecho,Satisfecho,Satisfecho,Satisfecho,Satisfecho,Muy satisfecho,Satisfecho,Satisfecho,Satisfecho,Satisfecho,Satisfecho,Satisfecho,Satisfecho,Insatisfecho,Satisfecho,Satisfecho,Satisfecho,Satisfecho,Insatisfecho,Muy satisfecho,Satisfecho,Satisfecho,Insatisfecho,Satisfecho,Satisfecho,Satisfecho,Satisfecho,Insatisfecho,Satisfecho,Satisfecho,Satisfecho,Satisfecho,Insatisfecho,Satisfecho,Satisfecho,Satisfecho,Satisfecho,Satisfecho,Satisfecho,7 (Passive),"Si bien la enseñanza es buena, podrían haber algunos talleres extra como Excel y habilidades blandas"
fiC2hSBZ,,,COMPLETED,https://survey.zohopublic.com/zs/bBC5oY,"abr. 17, 2026 05:50:27 p. m.","abr. 17, 2026 05:57:46 p. m.",7 mins 19 secs ,Public collector,10,100,Comunicación,Prácticas profesionales,,Totalmente satisfecho,Totalmente satisfecho,Muy satisfecho,Muy satisfecho,Totalmente satisfecho,Totalmente satisfecho,Muy satisfecho,Muy satisfecho,No utilizo,Muy satisfecho,Muy satisfecho,Muy satisfecho,Muy satisfecho,Totalmente satisfecho,Muy satisfecho,Totalmente satisfecho,Totalmente satisfecho,Muy satisfecho,Muy satisfecho,Muy satisfecho,Muy satisfecho,Totalmente satisfecho,Totalmente satisfecho,Totalmente satisfecho,Muy satisfecho,No conozco,Satisfecho,Satisfecho,No utilizo,No utilizo,Muy satisfecho,Totalmente satisfecho,Muy satisfecho,Muy satisfecho,Muy satisfecho,Satisfecho,Muy satisfecho,Muy satisfecho,Muy satisfecho,Satisfecho,Totalmente satisfecho,Totalmente satisfecho,10 (Promoter),
TUtsLMO0,,,COMPLETED,https://survey.zohopublic.com/zs/bBC5oY,"abr. 17, 2026 05:50:55 p. m.","abr. 17, 2026 05:59:49 p. m.",8 mins 54 secs ,Public collector,9,100,Comunicación,En búsqueda de empleo,,Insatisfecho,Muy satisfecho,Satisfecho,Satisfecho,Muy satisfecho,Satisfecho,Satisfecho,Satisfecho,No conozco,Satisfecho,Satisfecho,Satisfecho,Satisfecho,Satisfecho,Satisfecho,Satisfecho,Insatisfecho,Muy satisfecho,Muy satisfecho,Insatisfecho,Totalmente insatisfecho,Insatisfecho,No utilizo,Satisfecho,Satisfecho,No utilizo,No utilizo,No utilizo,No utilizo,No utilizo,Insatisfecho,Satisfecho,Muy satisfecho,Insatisfecho,Muy satisfecho,Satisfecho,Totalmente satisfecho,Totalmente satisfecho,Totalmente satisfecho,No conozco,Insatisfecho,Totalmente satisfecho,9 (Promoter),
FRBhjDFB,,,COMPLETED,https://survey.zohopublic.com/zs/bBC5oY,"abr. 17, 2026 05:52:33 p. m.","abr. 17, 2026 06:04:06 p. m.",11 mins 32 secs ,Public collector,9,100,Comunicación,Trabajador dependiente,Tiempo completo,Satisfecho,Satisfecho,Satisfecho,Muy satisfecho,Satisfecho,Satisfecho,Satisfecho,Satisfecho,No utilizo,Muy satisfecho,Satisfecho,Muy satisfecho,Muy satisfecho,Satisfecho,Totalmente satisfecho,Satisfecho,Totalmente satisfecho,Satisfecho,Muy satisfecho,Satisfecho,Insatisfecho,Satisfecho,No utilizo,Muy satisfecho,Muy satisfecho,No utilizo,No utilizo,No utilizo,Totalmente satisfecho,Muy satisfecho,Insatisfecho,Insatisfecho,Muy satisfecho,No utilizo,,Satisfecho,Muy satisfecho,Satisfecho,Satisfecho,Satisfecho,Satisfecho,Muy satisfecho,9 (Promoter),
LfC5VPw4,,,COMPLETED,https://survey.zohopublic.com/zs/bBC5oY,"abr. 17, 2026 05:52:35 p. m.","abr. 17, 2026 05:56:59 p. m.",4 mins 24 secs ,Public collector,10,100,Comunicación,Prácticas profesionales,,Totalmente satisfecho,Totalmente satisfecho,Muy satisfecho,Totalmente satisfecho,Totalmente satisfecho,Totalmente satisfecho,Totalmente satisfecho,Totalmente satisfecho,Totalmente satisfecho,Totalmente satisfecho,Totalmente satisfecho,Totalmente satisfecho,Totalmente satisfecho,Totalmente satisfecho,Totalmente satisfecho,Totalmente satisfecho,Muy satisfecho,Totalmente satisfecho,Totalmente satisfecho,Totalmente satisfecho,Totalmente satisfecho,Totalmente satisfecho,Totalmente satisfecho,Totalmente satisfecho,Totalmente satisfecho,Totalmente satisfecho,Totalmente satisfecho,Totalmente satisfecho,Totalmente satisfecho,Totalmente satisfecho,Satisfecho,Totalmente satisfecho,Totalmente satisfecho,Totalmente satisfecho,Totalmente satisfecho,Totalmente satisfecho,Totalmente satisfecho,Totalmente satisfecho,Totalmente satisfecho,Totalmente satisfecho,Totalmente satisfecho,Totalmente satisfecho,10 (Promoter),
XDC2cB85,,,COMPLETED,https://survey.zohopublic.com/zs/bBC5oY,"abr. 17, 2026 05:53:00 p. m.","abr. 17, 2026 06:02:29 p. m.",9 mins 28 secs ,Public collector,9,100,Comunicación,Trabajador dependiente,Tiempo completo,Muy satisfecho,Muy satisfecho,Muy satisfecho,Muy satisfecho,Muy satisfecho,Muy satisfecho,Muy satisfecho,Muy satisfecho,No conozco,Muy satisfecho,Muy satisfecho,Muy satisfecho,Muy satisfecho,Muy satisfecho,Muy satisfecho,Muy satisfecho,Muy satisfecho,Totalmente satisfecho,Muy satisfecho,Totalmente satisfecho,Satisfecho,Muy satisfecho,Satisfecho,Muy satisfecho,Muy satisfecho,No utilizo,Muy satisfecho,Totalmente satisfecho,Muy satisfecho,Totalmente satisfecho,Satisfecho,Totalmente satisfecho,Totalmente satisfecho,Muy satisfecho,Muy satisfecho,Satisfecho,Muy satisfecho,Satisfecho,Satisfecho,Totalmente satisfecho,Muy satisfecho,Totalmente satisfecho,9 (Promoter),
iJC2o1EX,,,COMPLETED,https://survey.zohopublic.com/zs/bBC5oY,"abr. 17, 2026 05:54:57 p. m.","abr. 17, 2026 06:03:50 p. m.",8 mins 52 secs ,Public collector,10,100,Comunicación,Prácticas profesionales,,Satisfecho,Satisfecho,Satisfecho,Satisfecho,Satisfecho,Totalmente satisfecho,Satisfecho,Satisfecho,Satisfecho,Satisfecho,Satisfecho,Satisfecho,Satisfecho,Satisfecho,Satisfecho,Satisfecho,Satisfecho,Satisfecho,Satisfecho,Satisfecho,Satisfecho,Satisfecho,Satisfecho,Satisfecho,Satisfecho,Satisfecho,Satisfecho,Satisfecho,Satisfecho,Satisfecho,Totalmente satisfecho,Satisfecho,Satisfecho,Satisfecho,Satisfecho,Satisfecho,Satisfecho,Satisfecho,Satisfecho,Satisfecho,Totalmente satisfecho,Totalmente satisfecho,10 (Promoter),
2EC28FO0,,,COMPLETED,https://survey.zohopublic.com/zs/bBC5oY,"abr. 17, 2026 05:55:26 p. m.","abr. 17, 2026 06:01:47 p. m.",6 mins 20 secs ,Public collector,10,100,Comunicación,Trabajador independiente,Tiempo completo,Satisfecho,Totalmente satisfecho,Satisfecho,Satisfecho,Satisfecho,Satisfecho,Satisfecho,Satisfecho,Insatisfecho,Satisfecho,Satisfecho,Satisfecho,Satisfecho,Satisfecho,Satisfecho,Satisfecho,Satisfecho,Satisfecho,Satisfecho,Satisfecho,Satisfecho,Satisfecho,Satisfecho,Satisfecho,Satisfecho,Satisfecho,Satisfecho,Satisfecho,Satisfecho,Satisfecho,Satisfecho,Satisfecho,Satisfecho,Satisfecho,Satisfecho,Satisfecho,Satisfecho,Satisfecho,Satisfecho,Satisfecho,Satisfecho,Satisfecho,10 (Promoter),
wdBhiamR,,,COMPLETED,https://survey.zohopublic.com/zs/bBC5oY,"abr. 17, 2026 05:55:27 p. m.","abr. 17, 2026 05:59:03 p. m.",3 mins 35 secs ,Public collector,10,100,Comunicación,Trabajador independiente,Tiempo parcial,Muy satisfecho,Muy satisfecho,Satisfecho,Totalmente satisfecho,Satisfecho,Totalmente satisfecho,Totalmente satisfecho,Totalmente satisfecho,Muy satisfecho,Totalmente satisfecho,Totalmente satisfecho,Totalmente satisfecho,Totalmente satisfecho,Totalmente satisfecho,Totalmente satisfecho,Totalmente satisfecho,Totalmente satisfecho,Totalmente satisfecho,Totalmente satisfecho,Totalmente satisfecho,Totalmente satisfecho,Totalmente satisfecho,Totalmente satisfecho,Totalmente satisfecho,Totalmente satisfecho,Totalmente satisfecho,Totalmente satisfecho,Totalmente satisfecho,Totalmente satisfecho,Totalmente satisfecho,Totalmente satisfecho,Totalmente satisfecho,Totalmente satisfecho,Totalmente satisfecho,Totalmente satisfecho,Totalmente satisfecho,Totalmente satisfecho,Totalmente satisfecho,Totalmente satisfecho,Totalmente satisfecho,Totalmente satisfecho,Totalmente satisfecho,10 (Promoter),
ZqC5Y5pc,,,COMPLETED,https://survey.zohopublic.com/zs/bBC5oY,"abr. 17, 2026 05:55:56 p. m.","abr. 17, 2026 06:04:08 p. m.",8 mins 12 secs ,Public collector,10,100,Comunicación,Trabajador dependiente,Tiempo completo,Muy satisfecho,Muy satisfecho,Satisfecho,Satisfecho,Satisfecho,Satisfecho,Satisfecho,Satisfecho,No utilizo,Muy satisfecho,Satisfecho,Satisfecho,Satisfecho,Satisfecho,Satisfecho,Satisfecho,Satisfecho,Muy satisfecho,Muy satisfecho,Muy satisfecho,Satisfecho,Satisfecho,Muy satisfecho,Insatisfecho,Satisfecho,Satisfecho,Satisfecho,Satisfecho,Satisfecho,Satisfecho,Satisfecho,Muy satisfecho,Satisfecho,Satisfecho,Satisfecho,No utilizo,Insatisfecho,Satisfecho,Muy satisfecho,Satisfecho,Muy satisfecho,Muy satisfecho,10 (Promoter),
XPBREvy0,,,COMPLETED,https://survey.zohopublic.com/zs/bBC5oY,"abr. 17, 2026 05:55:58 p. m.","abr. 17, 2026 06:01:40 p. m.",5 mins 41 secs ,Public collector,10,100,Comunicación,Trabajador dependiente,Tiempo completo,Muy satisfecho,Muy satisfecho,Muy satisfecho,Muy satisfecho,Muy satisfecho,Satisfecho,Muy satisfecho,Satisfecho,Muy satisfecho,Muy satisfecho,Muy satisfecho,Muy satisfecho,Muy satisfecho,Muy satisfecho,Muy satisfecho,Muy satisfecho,Muy satisfecho,Muy satisfecho,Muy satisfecho,Muy satisfecho,Muy satisfecho,Muy satisfecho,Muy satisfecho,Muy satisfecho,Muy satisfecho,Muy satisfecho,Muy satisfecho,Muy satisfecho,Satisfecho,Satisfecho,Satisfecho,Muy satisfecho,Muy satisfecho,Muy satisfecho,Muy satisfecho,Satisfecho,Satisfecho,Satisfecho,Satisfecho,Muy satisfecho,Muy satisfecho,Muy satisfecho,10 (Promoter),
VjtZt9OT,,,COMPLETED,https://survey.zohopublic.com/zs/bBC5oY,"abr. 17, 2026 05:56:24 p. m.","abr. 17, 2026 06:01:20 p. m.",4 mins 56 secs ,Public collector,10,100,Comunicación,Trabajador dependiente,Tiempo completo,Satisfecho,Satisfecho,Satisfecho,Satisfecho,Muy satisfecho,Satisfecho,Satisfecho,Satisfecho,Satisfecho,Satisfecho,Satisfecho,Satisfecho,Satisfecho,Satisfecho,Satisfecho,Satisfecho,Satisfecho,Satisfecho,Satisfecho,Satisfecho,Satisfecho,Satisfecho,Satisfecho,Satisfecho,Satisfecho,Satisfecho,Satisfecho,Satisfecho,Satisfecho,Satisfecho,Satisfecho,Satisfecho,Satisfecho,Satisfecho,Satisfecho,Satisfecho,Satisfecho,Satisfecho,Satisfecho,Satisfecho,Satisfecho,Satisfecho,10 (Promoter),
05zHZ6YV,,,COMPLETED,https://survey.zohopublic.com/zs/bBC5oY,"abr. 17, 2026 05:56:31 p. m.","abr. 17, 2026 05:59:31 p. m.",3 mins ,Public collector,10,100,Comunicación,Trabajador independiente,Tiempo parcial,Totalmente satisfecho,Totalmente satisfecho,Totalmente satisfecho,Totalmente satisfecho,Totalmente satisfecho,Totalmente satisfecho,Totalmente satisfecho,Totalmente satisfecho,Totalmente satisfecho,Totalmente satisfecho,Totalmente satisfecho,Totalmente satisfecho,Totalmente satisfecho,Totalmente satisfecho,Totalmente satisfecho,Totalmente satisfecho,Totalmente satisfecho,Totalmente satisfecho,Totalmente satisfecho,Totalmente satisfecho,Totalmente satisfecho,Totalmente satisfecho,Totalmente satisfecho,Totalmente satisfecho,Totalmente satisfecho,Totalmente satisfecho,Totalmente satisfecho,Totalmente satisfecho,Totalmente satisfecho,Totalmente satisfecho,Totalmente satisfecho,Totalmente satisfecho,Totalmente satisfecho,Totalmente satisfecho,Totalmente satisfecho,Totalmente satisfecho,Totalmente satisfecho,Totalmente satisfecho,Totalmente satisfecho,Totalmente satisfecho,Totalmente satisfecho,Totalmente satisfecho,10 (Promoter),
AezjZadX,,,COMPLETED,https://survey.zohopublic.com/zs/bBC5oY,"abr. 17, 2026 05:56:37 p. m.","abr. 17, 2026 06:01:19 p. m.",4 mins 42 secs ,Public collector,9,100,Comunicación,Prácticas profesionales,,Muy satisfecho,Muy satisfecho,Muy satisfecho,Muy satisfecho,Muy satisfecho,Muy satisfecho,Muy satisfecho,Muy satisfecho,No conozco,Muy satisfecho,Muy satisfecho,Muy satisfecho,Muy satisfecho,Muy satisfecho,Muy satisfecho,Muy satisfecho,Muy satisfecho,Muy satisfecho,Muy satisfecho,Muy satisfecho,Muy satisfecho,Muy satisfecho,Satisfecho,Muy satisfecho,Muy satisfecho,Muy satisfecho,Muy satisfecho,Muy satisfecho,Muy satisfecho,Satisfecho,Muy satisfecho,Muy satisfecho,Muy satisfecho,Muy satisfecho,Muy satisfecho,Muy satisfecho,Muy satisfecho,Muy satisfecho,Muy satisfecho,Muy satisfecho,Muy satisfecho,Muy satisfecho,9 (Promoter),
XZBBrvgL,,,COMPLETED,https://survey.zohopublic.com/zs/bBC5oY,"abr. 17, 2026 05:56:49 p. m.","abr. 17, 2026 06:06:14 p. m.",9 mins 24 secs ,Public collector,8,0,Comunicación,Prácticas profesionales,,Totalmente satisfecho,Totalmente satisfecho,Muy satisfecho,Satisfecho,Satisfecho,Satisfecho,Muy satisfecho,Muy satisfecho,No conozco,Muy satisfecho,Totalmente satisfecho,Totalmente satisfecho,Satisfecho,Totalmente satisfecho,Muy satisfecho,Satisfecho,Muy satisfecho,Muy satisfecho,Totalmente satisfecho,Totalmente satisfecho,Muy satisfecho,Muy satisfecho,Muy satisfecho,Totalmente satisfecho,Totalmente satisfecho,No utilizo,Totalmente satisfecho,No utilizo,Satisfecho,No utilizo,Muy satisfecho,Muy satisfecho,Totalmente satisfecho,Satisfecho,Totalmente satisfecho,Muy satisfecho,Satisfecho,Satisfecho,Totalmente satisfecho,Satisfecho,Satisfecho,Satisfecho,8 (Passive),Dependería del enfoque a la carrera pero en general si
lLC5ZJ9N,,,COMPLETED,https://survey.zohopublic.com/zs/bBC5oY,"abr. 17, 2026 05:56:50 p. m.","abr. 17, 2026 06:06:58 p. m.",10 mins 7 secs ,Public collector,7,0,Comunicación,En búsqueda de empleo,,Satisfecho,Satisfecho,Satisfecho,Satisfecho,Satisfecho,Satisfecho,Satisfecho,Satisfecho,Satisfecho,Satisfecho,Satisfecho,Satisfecho,Satisfecho,Satisfecho,Satisfecho,Satisfecho,Insatisfecho,Satisfecho,Satisfecho,Satisfecho,Satisfecho,Satisfecho,Satisfecho,Satisfecho,Satisfecho,Satisfecho,Satisfecho,Insatisfecho,Satisfecho,Satisfecho,Satisfecho,Satisfecho,Satisfecho,Satisfecho,Satisfecho,Satisfecho,Insatisfecho,Satisfecho,Insatisfecho,Satisfecho,Satisfecho,Satisfecho,7 (Passive),Tienen buenos profesores que enseñan lo idoneo para la carrera de comunicación
NbC27Gvg,,,COMPLETED,https://survey.zohopublic.com/zs/bBC5oY,"abr. 17, 2026 05:57:07 p. m.","abr. 17, 2026 06:17:08 p. m.",20 mins ,Public collector,8,0,Comunicación,En búsqueda de empleo,,Insatisfecho,Insatisfecho,Satisfecho,Satisfecho,Insatisfecho,Satisfecho,Satisfecho,Insatisfecho,No utilizo,Muy satisfecho,Insatisfecho,Satisfecho,Satisfecho,Satisfecho,Satisfecho,Satisfecho,Satisfecho,Muy satisfecho,Muy satisfecho,Insatisfecho,Totalmente insatisfecho,Insatisfecho,Satisfecho,Satisfecho,Satisfecho,No utilizo,Satisfecho,Insatisfecho,Satisfecho,No utilizo,Totalmente insatisfecho,Muy satisfecho,Satisfecho,Satisfecho,Satisfecho,Insatisfecho,Totalmente insatisfecho,Satisfecho,Totalmente satisfecho,Satisfecho,Satisfecho,Muy satisfecho,8 (Passive),"He notado que últimamente hubo censura con algunos proyectos académicos, no creo que eso deba pasar en una institución educativa"
SzjM1cHK,,,COMPLETED,https://survey.zohopublic.com/zs/bBC5oY,"abr. 17, 2026 05:57:37 p. m.","abr. 17, 2026 06:03:30 p. m.",5 mins 53 secs ,Public collector,9,100,Comunicación,Trabajador dependiente,Tiempo completo,Muy satisfecho,Muy satisfecho,Satisfecho,Totalmente satisfecho,Muy satisfecho,Satisfecho,Muy satisfecho,Muy satisfecho,No conozco,Muy satisfecho,Muy satisfecho,Muy satisfecho,Muy satisfecho,Muy satisfecho,Totalmente satisfecho,Totalmente satisfecho,Satisfecho,Totalmente satisfecho,Muy satisfecho,Muy satisfecho,Totalmente satisfecho,Totalmente satisfecho,Satisfecho,Satisfecho,Satisfecho,No utilizo,No utilizo,No utilizo,No utilizo,No utilizo,Satisfecho,Satisfecho,Satisfecho,Satisfecho,Satisfecho,Totalmente satisfecho,Muy satisfecho,Muy satisfecho,Satisfecho,Satisfecho,Totalmente satisfecho,Muy satisfecho,9 (Promoter),
PJC2svdt,,,COMPLETED,https://survey.zohopublic.com/zs/bBC5oY,"abr. 17, 2026 05:57:39 p. m.","abr. 17, 2026 06:00:52 p. m.",3 mins 12 secs ,Public collector,10,100,Comunicación,Prácticas profesionales,,Totalmente satisfecho,Totalmente satisfecho,Totalmente satisfecho,Totalmente satisfecho,Totalmente satisfecho,Totalmente satisfecho,Totalmente satisfecho,Totalmente satisfecho,Totalmente satisfecho,Totalmente satisfecho,Totalmente satisfecho,Totalmente satisfecho,Totalmente satisfecho,Totalmente satisfecho,Totalmente satisfecho,Totalmente satisfecho,Totalmente satisfecho,Totalmente satisfecho,Totalmente satisfecho,Totalmente satisfecho,Totalmente satisfecho,Totalmente satisfecho,Totalmente satisfecho,Totalmente satisfecho,Totalmente satisfecho,Totalmente satisfecho,Totalmente satisfecho,Totalmente satisfecho,Totalmente satisfecho,Totalmente satisfecho,Totalmente satisfecho,Totalmente satisfecho,Totalmente satisfecho,Totalmente satisfecho,Totalmente satisfecho,Totalmente satisfecho,Totalmente satisfecho,Totalmente satisfecho,Totalmente satisfecho,Totalmente satisfecho,Totalmente satisfecho,Totalmente satisfecho,10 (Promoter),
JZC5wqVr,,,COMPLETED,https://survey.zohopublic.com/zs/bBC5oY,"abr. 17, 2026 05:58:00 p. m.","abr. 17, 2026 06:02:36 p. m.",4 mins 36 secs ,Public collector,8,0,Comunicación,En búsqueda de empleo,,Satisfecho,Satisfecho,Satisfecho,Satisfecho,Muy satisfecho,Satisfecho,Satisfecho,Satisfecho,Insatisfecho,Satisfecho,Muy satisfecho,Satisfecho,Satisfecho,Satisfecho,Satisfecho,Satisfecho,Muy satisfecho,Satisfecho,Satisfecho,Satisfecho,Satisfecho,Satisfecho,Satisfecho,Satisfecho,Satisfecho,Satisfecho,Satisfecho,Satisfecho,Satisfecho,Satisfecho,Satisfecho,Satisfecho,Satisfecho,Satisfecho,Muy satisfecho,Satisfecho,Satisfecho,Satisfecho,Satisfecho,Satisfecho,Satisfecho,Satisfecho,8 (Passive),Siento que se podría mejorar la comunicación con ciertas áreas administrativas.
hyDBbkkY,,,COMPLETED,https://survey.zohopublic.com/zs/bBC5oY,"abr. 17, 2026 05:58:28 p. m.","abr. 17, 2026 06:01:38 p. m.",3 mins 10 secs ,Public collector,10,100,Comunicación,Trabajador dependiente,Tiempo completo,Totalmente satisfecho,Totalmente satisfecho,Muy satisfecho,Muy satisfecho,Muy satisfecho,Muy satisfecho,Muy satisfecho,Muy satisfecho,Muy satisfecho,Muy satisfecho,Satisfecho,Muy satisfecho,Satisfecho,Muy satisfecho,Muy satisfecho,Satisfecho,Satisfecho,Muy satisfecho,Muy satisfecho,Muy satisfecho,Muy satisfecho,Muy satisfecho,Muy satisfecho,Satisfecho,Satisfecho,Satisfecho,Satisfecho,Satisfecho,Satisfecho,Satisfecho,Muy satisfecho,Muy satisfecho,Satisfecho,Satisfecho,Muy satisfecho,Satisfecho,Satisfecho,Muy satisfecho,Muy satisfecho,Muy satisfecho,Muy satisfecho,Muy satisfecho,10 (Promoter),
MFC2Kh5h,,,COMPLETED,https://survey.zohopublic.com/zs/bBC5oY,"abr. 17, 2026 05:59:35 p. m.","abr. 17, 2026 06:03:09 p. m.",3 mins 33 secs ,Public collector,10,100,Comunicación,Trabajador dependiente,Tiempo completo,Totalmente satisfecho,Totalmente satisfecho,Totalmente satisfecho,Totalmente satisfecho,Totalmente satisfecho,Totalmente satisfecho,Totalmente satisfecho,Totalmente satisfecho,Totalmente satisfecho,Totalmente satisfecho,Totalmente satisfecho,Totalmente satisfecho,Totalmente satisfecho,Totalmente satisfecho,Totalmente satisfecho,Totalmente satisfecho,Totalmente satisfecho,Totalmente satisfecho,Totalmente satisfecho,Totalmente satisfecho,Totalmente satisfecho,Totalmente satisfecho,Totalmente satisfecho,Totalmente satisfecho,Totalmente satisfecho,Satisfecho,Satisfecho,Insatisfecho,Muy satisfecho,Totalmente satisfecho,Totalmente satisfecho,Totalmente satisfecho,Satisfecho,Muy satisfecho,Totalmente satisfecho,Totalmente satisfecho,Totalmente satisfecho,Totalmente satisfecho,Totalmente satisfecho,Totalmente satisfecho,Totalmente satisfecho,Totalmente satisfecho,10 (Promoter),
HPBReUo5,,,COMPLETED,https://survey.zohopublic.com/zs/bBC5oY,"abr. 17, 2026 05:59:54 p. m.","abr. 17, 2026 06:05:03 p. m.",5 mins 9 secs ,Public collector,8,0,Comunicación,En búsqueda de empleo,,Satisfecho,Insatisfecho,Satisfecho,Satisfecho,Satisfecho,Muy satisfecho,Satisfecho,Satisfecho,No conozco,Insatisfecho,Satisfecho,Satisfecho,Insatisfecho,Satisfecho,Satisfecho,Satisfecho,Satisfecho,Insatisfecho,Satisfecho,Insatisfecho,Insatisfecho,Satisfecho,No utilizo,Satisfecho,Insatisfecho,Insatisfecho,Satisfecho,No conozco,No utilizo,No utilizo,Satisfecho,Satisfecho,Muy satisfecho,Muy satisfecho,Muy satisfecho,Satisfecho,Satisfecho,Satisfecho,Satisfecho,Muy satisfecho,Insatisfecho,Satisfecho,8 (Passive),Es un buen lugar para educación superior sin embargo siento que puede avanzar mucho más en cuanto a metodologías y temas de enseñanza
qzCZk3TA,,,COMPLETED,https://survey.zohopublic.com/zs/bBC5oY,"abr. 17, 2026 05:59:56 p. m.","abr. 17, 2026 06:17:40 p. m.",17 mins 43 secs ,Public collector,10,100,Comunicación,Trabajador independiente,Tiempo parcial,Totalmente satisfecho,Totalmente satisfecho,Totalmente satisfecho,Totalmente satisfecho,Totalmente satisfecho,Muy satisfecho,Totalmente satisfecho,Totalmente satisfecho,No utilizo,Muy satisfecho,Muy satisfecho,Totalmente satisfecho,Muy satisfecho,Totalmente satisfecho,Totalmente satisfecho,Totalmente satisfecho,Muy satisfecho,Totalmente satisfecho,Totalmente satisfecho,Totalmente satisfecho,Muy satisfecho,Muy satisfecho,Muy satisfecho,Totalmente satisfecho,Satisfecho,Satisfecho,Totalmente satisfecho,Muy satisfecho,Satisfecho,Muy satisfecho,Totalmente satisfecho,Totalmente satisfecho,Totalmente satisfecho,Totalmente satisfecho,Totalmente satisfecho,Muy satisfecho,Totalmente satisfecho,Totalmente satisfecho,Muy satisfecho,Muy satisfecho,Muy satisfecho,Totalmente satisfecho,10 (Promoter),
DeCZIfOE,,,COMPLETED,https://survey.zohopublic.com/zs/bBC5oY,"abr. 17, 2026 06:00:28 p. m.","abr. 17, 2026 06:11:49 p. m.",11 mins 20 secs ,Public collector,10,100,Comunicación,Prácticas profesionales,,Muy satisfecho,Muy satisfecho,Totalmente satisfecho,Totalmente satisfecho,Totalmente satisfecho,Satisfecho,Totalmente satisfecho,Totalmente satisfecho,Satisfecho,Satisfecho,Satisfecho,Totalmente satisfecho,Totalmente satisfecho,Totalmente satisfecho,Totalmente satisfecho,Totalmente satisfecho,Totalmente satisfecho,Muy satisfecho,Satisfecho,Totalmente satisfecho,Totalmente satisfecho,Totalmente satisfecho,Satisfecho,Muy satisfecho,Totalmente satisfecho,Muy satisfecho,Satisfecho,Satisfecho,Muy satisfecho,No utilizo,Muy satisfecho,Muy satisfecho,Muy satisfecho,Muy satisfecho,Muy satisfecho,Muy satisfecho,Satisfecho,Satisfecho,Satisfecho,Totalmente insatisfecho,Muy satisfecho,Totalmente satisfecho,10 (Promoter),
9mBhm273,,,COMPLETED,https://survey.zohopublic.com/zs/bBC5oY,"abr. 17, 2026 06:00:33 p. m.","abr. 17, 2026 06:06:14 p. m.",5 mins 40 secs ,Public collector,10,100,Comunicación,Trabajador independiente,Tiempo completo,Totalmente satisfecho,Totalmente satisfecho,Totalmente satisfecho,Totalmente satisfecho,Totalmente satisfecho,Totalmente satisfecho,Totalmente satisfecho,Totalmente satisfecho,Totalmente satisfecho,Totalmente satisfecho,Satisfecho,Totalmente satisfecho,Muy satisfecho,Totalmente satisfecho,Totalmente satisfecho,Muy satisfecho,Muy satisfecho,Totalmente satisfecho,Muy satisfecho,Totalmente satisfecho,Totalmente satisfecho,Satisfecho,Muy satisfecho,Muy satisfecho,Muy satisfecho,Muy satisfecho,Satisfecho,Muy satisfecho,Satisfecho,Satisfecho,Totalmente insatisfecho,Muy satisfecho,Muy satisfecho,Muy satisfecho,Muy satisfecho,Muy satisfecho,Muy satisfecho,Muy satisfecho,Muy satisfecho,Muy satisfecho,Muy satisfecho,Totalmente satisfecho,10 (Promoter),
H6C5qcvi,,,COMPLETED,https://survey.zohopublic.com/zs/bBC5oY,"abr. 17, 2026 06:00:38 p. m.","abr. 17, 2026 06:07:42 p. m.",7 mins 3 secs ,Public collector,10,100,Comunicación,En búsqueda de empleo,,Muy satisfecho,Muy satisfecho,Muy satisfecho,Muy satisfecho,Muy satisfecho,Muy satisfecho,Muy satisfecho,Muy satisfecho,No utilizo,Muy satisfecho,Muy satisfecho,Muy satisfecho,Muy satisfecho,Muy satisfecho,Muy satisfecho,Muy satisfecho,Muy satisfecho,Muy satisfecho,Muy satisfecho,Muy satisfecho,Muy satisfecho,Muy satisfecho,Muy satisfecho,Muy satisfecho,Muy satisfecho,Muy satisfecho,Muy satisfecho,Muy satisfecho,Muy satisfecho,Muy satisfecho,Muy satisfecho,Muy satisfecho,Muy satisfecho,Muy satisfecho,Muy satisfecho,Muy satisfecho,Muy satisfecho,Muy satisfecho,Muy satisfecho,Muy satisfecho,Muy satisfecho,Muy satisfecho,10 (Promoter),
8tjzxrxz,,,COMPLETED,https://survey.zohopublic.com/zs/bBC5oY,"abr. 17, 2026 06:00:52 p. m.","abr. 17, 2026 06:08:08 p. m.",7 mins 16 secs ,Public collector,9,100,Comunicación,En búsqueda de empleo,,Muy satisfecho,Muy satisfecho,Totalmente satisfecho,Muy satisfecho,Totalmente satisfecho,Muy satisfecho,Muy satisfecho,Muy satisfecho,No utilizo,Totalmente satisfecho,Muy satisfecho,Muy satisfecho,Totalmente satisfecho,Muy satisfecho,Muy satisfecho,Muy satisfecho,Totalmente satisfecho,Muy satisfecho,Muy satisfecho,Muy satisfecho,Satisfecho,Totalmente satisfecho,Totalmente satisfecho,Totalmente satisfecho,Totalmente satisfecho,No utilizo,Totalmente satisfecho,No utilizo,No utilizo,No utilizo,Muy satisfecho,Totalmente satisfecho,Totalmente satisfecho,Totalmente satisfecho,Totalmente satisfecho,Muy satisfecho,Totalmente satisfecho,Totalmente satisfecho,Totalmente satisfecho,Muy satisfecho,Totalmente satisfecho,Totalmente satisfecho,9 (Promoter),
BftNps51,,,COMPLETED,https://survey.zohopublic.com/zs/bBC5oY,"abr. 17, 2026 06:01:02 p. m.","abr. 17, 2026 06:06:02 p. m.",5 mins ,Public collector,10,100,Comunicación,Trabajador dependiente,Tiempo completo,Totalmente satisfecho,Muy satisfecho,Totalmente satisfecho,Totalmente satisfecho,Totalmente satisfecho,Muy satisfecho,Muy satisfecho,Totalmente satisfecho,Muy satisfecho,Muy satisfecho,Muy satisfecho,Muy satisfecho,Muy satisfecho,Muy satisfecho,Muy satisfecho,Satisfecho,Satisfecho,Muy satisfecho,Satisfecho,Muy satisfecho,Muy satisfecho,Totalmente satisfecho,Muy satisfecho,Satisfecho,Muy satisfecho,Satisfecho,Satisfecho,Satisfecho,Satisfecho,Satisfecho,Totalmente satisfecho,Muy satisfecho,Satisfecho,Satisfecho,Muy satisfecho,Muy satisfecho,Muy satisfecho,Muy satisfecho,Muy satisfecho,Muy satisfecho,Muy satisfecho,Muy satisfecho,10 (Promoter),
gvz3b2jo,,,COMPLETED,https://survey.zohopublic.com/zs/bBC5oY,"abr. 17, 2026 06:01:04 p. m.","abr. 17, 2026 06:04:27 p. m.",3 mins 23 secs ,Public collector,8,0,Comunicación,Trabajador independiente,Tiempo completo,Satisfecho,Satisfecho,Satisfecho,Satisfecho,Satisfecho,Satisfecho,Satisfecho,Satisfecho,Satisfecho,Muy satisfecho,Satisfecho,Satisfecho,Satisfecho,Satisfecho,Satisfecho,Satisfecho,Satisfecho,Satisfecho,Satisfecho,Satisfecho,Satisfecho,Satisfecho,Satisfecho,Satisfecho,Satisfecho,Satisfecho,Satisfecho,Satisfecho,Satisfecho,Satisfecho,Satisfecho,Satisfecho,Satisfecho,Satisfecho,Satisfecho,Satisfecho,Satisfecho,Insatisfecho,Insatisfecho,Satisfecho,Satisfecho,Satisfecho,8 (Passive),Siento que lo recomendaría para la carrera de la Comunicación
o3BRXL8V,,,COMPLETED,https://survey.zohopublic.com/zs/bBC5oY,"abr. 17, 2026 06:01:07 p. m.","abr. 17, 2026 06:07:49 p. m.",6 mins 41 secs ,Public collector,9,100,Comunicación,Trabajador dependiente,Tiempo completo,Muy satisfecho,Muy satisfecho,Satisfecho,Muy satisfecho,Totalmente satisfecho,Totalmente satisfecho,Satisfecho,Muy satisfecho,No utilizo,Muy satisfecho,Satisfecho,Muy satisfecho,Satisfecho,Totalmente satisfecho,Muy satisfecho,Muy satisfecho,Satisfecho,Satisfecho,Muy satisfecho,Muy satisfecho,Muy satisfecho,Muy satisfecho,No utilizo,Muy satisfecho,Muy satisfecho,No utilizo,Satisfecho,No utilizo,No utilizo,No utilizo,Satisfecho,Muy satisfecho,Totalmente satisfecho,No utilizo,,Satisfecho,Satisfecho,Satisfecho,Muy satisfecho,Satisfecho,Totalmente satisfecho,Totalmente satisfecho,9 (Promoter),
dhCZONA8,,,COMPLETED,https://survey.zohopublic.com/zs/bBC5oY,"abr. 17, 2026 06:01:10 p. m.","abr. 17, 2026 06:04:20 p. m.",3 mins 9 secs ,Public collector,7,0,Comunicación,No disponible para trabajar,,Totalmente insatisfecho,Satisfecho,Insatisfecho,Satisfecho,Satisfecho,Satisfecho,Satisfecho,Satisfecho,No utilizo,Satisfecho,Satisfecho,Satisfecho,Satisfecho,Satisfecho,Satisfecho,Satisfecho,Satisfecho,Satisfecho,Satisfecho,Satisfecho,Insatisfecho,Satisfecho,Muy satisfecho,Satisfecho,Insatisfecho,Satisfecho,Satisfecho,Insatisfecho,No utilizo,Satisfecho,Insatisfecho,Satisfecho,Insatisfecho,Insatisfecho,Insatisfecho,Insatisfecho,Insatisfecho,Insatisfecho,Insatisfecho,Insatisfecho,Satisfecho,Satisfecho,7 (Passive),buena
cIBRJFir,,,COMPLETED,https://survey.zohopublic.com/zs/bBC5oY,"abr. 17, 2026 06:01:24 p. m.","abr. 17, 2026 06:05:20 p. m.",3 mins 56 secs ,Public collector,10,100,Comunicación,Trabajador dependiente,Tiempo completo,Satisfecho,Satisfecho,Muy satisfecho,Muy satisfecho,Muy satisfecho,Muy satisfecho,Muy satisfecho,Muy satisfecho,Muy satisfecho,Totalmente satisfecho,Muy satisfecho,Muy satisfecho,Totalmente satisfecho,Totalmente satisfecho,Totalmente satisfecho,Totalmente satisfecho,Totalmente satisfecho,Totalmente satisfecho,Totalmente satisfecho,Totalmente satisfecho,Totalmente satisfecho,Muy satisfecho,Muy satisfecho,Muy satisfecho,Muy satisfecho,No conozco,No utilizo,No utilizo,Satisfecho,No utilizo,Muy satisfecho,Muy satisfecho,Muy satisfecho,Muy satisfecho,Muy satisfecho,Muy satisfecho,Muy satisfecho,Muy satisfecho,Muy satisfecho,Muy satisfecho,Muy satisfecho,Muy satisfecho,10 (Promoter),
1hBBwaY0,,,COMPLETED,https://survey.zohopublic.com/zs/bBC5oY,"abr. 17, 2026 06:01:45 p. m.","abr. 17, 2026 06:07:07 p. m.",5 mins 21 secs ,Public collector,8,0,Comunicación,En búsqueda de empleo,,Satisfecho,Satisfecho,Satisfecho,Satisfecho,Satisfecho,Satisfecho,Satisfecho,Satisfecho,Satisfecho,Satisfecho,Satisfecho,Satisfecho,Satisfecho,Satisfecho,Satisfecho,Satisfecho,Satisfecho,Satisfecho,Satisfecho,Satisfecho,Satisfecho,Satisfecho,Satisfecho,Satisfecho,Satisfecho,Satisfecho,Totalmente satisfecho,Satisfecho,Satisfecho,Satisfecho,Satisfecho,Satisfecho,Satisfecho,Satisfecho,Satisfecho,Satisfecho,Satisfecho,Satisfecho,Satisfecho,Satisfecho,Satisfecho,Satisfecho,8 (Passive),No gracias
tRBBdmnL,,,COMPLETED,https://survey.zohopublic.com/zs/bBC5oY,"abr. 17, 2026 06:02:14 p. m.","abr. 17, 2026 06:05:46 p. m.",3 mins 31 secs ,Public collector,10,100,Comunicación,En búsqueda de empleo,,Totalmente satisfecho,Totalmente satisfecho,Totalmente satisfecho,Totalmente satisfecho,Totalmente satisfecho,Totalmente satisfecho,Totalmente satisfecho,Totalmente satisfecho,Totalmente satisfecho,Totalmente satisfecho,Totalmente satisfecho,Totalmente satisfecho,Totalmente satisfecho,Totalmente satisfecho,Totalmente satisfecho,Totalmente satisfecho,Totalmente satisfecho,Totalmente satisfecho,Totalmente satisfecho,Totalmente satisfecho,Totalmente satisfecho,Totalmente satisfecho,Totalmente satisfecho,Totalmente satisfecho,Totalmente satisfecho,Totalmente satisfecho,Totalmente satisfecho,Totalmente satisfecho,Totalmente satisfecho,Totalmente satisfecho,Totalmente satisfecho,Totalmente satisfecho,Totalmente satisfecho,Totalmente satisfecho,Totalmente satisfecho,Totalmente satisfecho,Totalmente satisfecho,Totalmente satisfecho,Totalmente satisfecho,Totalmente satisfecho,Totalmente satisfecho,Totalmente satisfecho,10 (Promoter),
zJDBVw8N,,,COMPLETED,https://survey.zohopublic.com/zs/bBC5oY,"abr. 17, 2026 06:03:24 p. m.","abr. 17, 2026 06:12:04 p. m.",8 mins 40 secs ,Public collector,10,100,Comunicación,Trabajador independiente,Tiempo completo,Muy satisfecho,Muy satisfecho,Muy satisfecho,Muy satisfecho,Muy satisfecho,Totalmente satisfecho,Totalmente satisfecho,Totalmente satisfecho,Totalmente satisfecho,Totalmente satisfecho,Totalmente satisfecho,Totalmente satisfecho,Totalmente satisfecho,Totalmente satisfecho,Totalmente satisfecho,Totalmente satisfecho,Totalmente satisfecho,Totalmente satisfecho,Totalmente satisfecho,Totalmente satisfecho,Totalmente satisfecho,Totalmente satisfecho,Totalmente satisfecho,Totalmente satisfecho,Totalmente satisfecho,Totalmente satisfecho,Totalmente satisfecho,Totalmente satisfecho,Totalmente satisfecho,Totalmente satisfecho,Totalmente satisfecho,Totalmente satisfecho,Totalmente satisfecho,Totalmente satisfecho,Totalmente satisfecho,Totalmente satisfecho,Totalmente satisfecho,Totalmente satisfecho,Totalmente satisfecho,Totalmente satisfecho,Totalmente satisfecho,Totalmente satisfecho,10 (Promoter),
G4DB6KmT,,,COMPLETED,https://survey.zohopublic.com/zs/bBC5oY,"abr. 17, 2026 06:03:55 p. m.","abr. 17, 2026 06:08:59 p. m.",5 mins 4 secs ,Public collector,9,100,Comunicación,En búsqueda de empleo,,Satisfecho,Muy satisfecho,Muy satisfecho,Muy satisfecho,Muy satisfecho,Satisfecho,Muy satisfecho,Muy satisfecho,Muy satisfecho,Muy satisfecho,Muy satisfecho,Muy satisfecho,Muy satisfecho,Muy satisfecho,Muy satisfecho,Muy satisfecho,Muy satisfecho,Muy satisfecho,Muy satisfecho,Muy satisfecho,Muy satisfecho,Insatisfecho,Satisfecho,Satisfecho,Satisfecho,Insatisfecho,Insatisfecho,Satisfecho,No utilizo,No utilizo,Insatisfecho,Muy satisfecho,Muy satisfecho,Satisfecho,Muy satisfecho,Satisfecho,Satisfecho,Satisfecho,Satisfecho,Satisfecho,Muy satisfecho,Muy satisfecho,9 (Promoter),
KOBRaKtq,,,COMPLETED,https://survey.zohopublic.com/zs/bBC5oY,"abr. 17, 2026 06:04:41 p. m.","abr. 17, 2026 06:27:31 p. m.",22 mins 50 secs ,Public collector,9,100,Comunicación,Prácticas profesionales,,Satisfecho,Satisfecho,Muy satisfecho,Satisfecho,Satisfecho,Satisfecho,Satisfecho,Satisfecho,No conozco,Satisfecho,Muy satisfecho,Satisfecho,Satisfecho,Satisfecho,Satisfecho,Satisfecho,Satisfecho,Satisfecho,Muy satisfecho,Satisfecho,Muy satisfecho,Satisfecho,Satisfecho,Satisfecho,Muy satisfecho,Muy satisfecho,Totalmente insatisfecho,Insatisfecho,Insatisfecho,Satisfecho,Insatisfecho,Satisfecho,Satisfecho,Satisfecho,Muy satisfecho,Satisfecho,Insatisfecho,Insatisfecho,Insatisfecho,Satisfecho,Muy satisfecho,Muy satisfecho,9 (Promoter),
46BnQsdY,,,COMPLETED,https://survey.zohopublic.com/zs/bBC5oY,"abr. 17, 2026 06:05:02 p. m.","abr. 17, 2026 06:08:31 p. m.",3 mins 28 secs ,Public collector,10,100,Comunicación,Prácticas profesionales,,Muy satisfecho,Muy satisfecho,Muy satisfecho,Totalmente satisfecho,Muy satisfecho,Muy satisfecho,Satisfecho,Muy satisfecho,Muy satisfecho,Muy satisfecho,Muy satisfecho,Totalmente satisfecho,Muy satisfecho,Satisfecho,Satisfecho,Muy satisfecho,Muy satisfecho,Muy satisfecho,Muy satisfecho,Muy satisfecho,Muy satisfecho,Muy satisfecho,Muy satisfecho,Satisfecho,Muy satisfecho,Satisfecho,Satisfecho,Muy satisfecho,Muy satisfecho,Muy satisfecho,Totalmente satisfecho,Muy satisfecho,Totalmente satisfecho,Muy satisfecho,Muy satisfecho,Muy satisfecho,Totalmente satisfecho,Muy satisfecho,Muy satisfecho,Muy satisfecho,Muy satisfecho,Totalmente satisfecho,10 (Promoter),
ENC5PDoA,,,COMPLETED,https://survey.zohopublic.com/zs/bBC5oY,"abr. 17, 2026 06:05:02 p. m.","abr. 17, 2026 06:11:50 p. m.",6 mins 47 secs ,Public collector,8,0,Comunicación,En búsqueda de empleo,,Satisfecho,Satisfecho,Satisfecho,Satisfecho,Satisfecho,Satisfecho,Satisfecho,Satisfecho,No conozco,Satisfecho,Satisfecho,Satisfecho,Satisfecho,Satisfecho,Satisfecho,Satisfecho,Satisfecho,Satisfecho,Satisfecho,Satisfecho,Satisfecho,Satisfecho,Satisfecho,Satisfecho,Satisfecho,No conozco,Satisfecho,No utilizo,No utilizo,No utilizo,Satisfecho,Satisfecho,Satisfecho,Satisfecho,Satisfecho,Satisfecho,Satisfecho,Satisfecho,Insatisfecho,Satisfecho,Satisfecho,Satisfecho,8 (Passive),"Me parece que es una buena universidad, tienes todos los recursos necesarios, pero siento que admiten a demasiados alumnos que la capacidad de la universidad está quedando pequeña para espacios comunes. Sería ver bien ese tema"
l0BnGKf9,,,COMPLETED,https://survey.zohopublic.com/zs/bBC5oY,"abr. 17, 2026 06:05:03 p. m.","abr. 17, 2026 06:08:31 p. m.",3 mins 28 secs ,Public collector,7,0,Comunicación,Prácticas profesionales,,Satisfecho,Satisfecho,Satisfecho,Satisfecho,Satisfecho,Satisfecho,Satisfecho,Satisfecho,Satisfecho,Satisfecho,Satisfecho,Satisfecho,Satisfecho,Satisfecho,Satisfecho,Satisfecho,Satisfecho,Satisfecho,Satisfecho,Satisfecho,Satisfecho,Satisfecho,Satisfecho,Satisfecho,Satisfecho,Satisfecho,Satisfecho,Satisfecho,Satisfecho,Satisfecho,Satisfecho,Satisfecho,Satisfecho,Satisfecho,Satisfecho,Satisfecho,Satisfecho,Satisfecho,Satisfecho,Satisfecho,Satisfecho,Satisfecho,7 (Passive),Todo bien
4Tz78dEk,,,COMPLETED,https://survey.zohopublic.com/zs/bBC5oY,"abr. 17, 2026 06:05:08 p. m.","abr. 17, 2026 06:08:50 p. m.",3 mins 42 secs ,Public collector,9,100,Comunicación,Prácticas profesionales,,Satisfecho,Satisfecho,Satisfecho,Satisfecho,Satisfecho,Muy satisfecho,Satisfecho,Satisfecho,Muy satisfecho,Muy satisfecho,Muy satisfecho,Muy satisfecho,Muy satisfecho,Muy satisfecho,Totalmente satisfecho,Satisfecho,Muy satisfecho,Satisfecho,Satisfecho,Muy satisfecho,Satisfecho,Satisfecho,Satisfecho,Satisfecho,Muy satisfecho,Satisfecho,Satisfecho,Satisfecho,Satisfecho,Satisfecho,Satisfecho,Satisfecho,Satisfecho,Satisfecho,Satisfecho,Satisfecho,Satisfecho,Satisfecho,Satisfecho,Satisfecho,Muy satisfecho,Muy satisfecho,9 (Promoter),
FXBRCEPE,,,COMPLETED,https://survey.zohopublic.com/zs/bBC5oY,"abr. 17, 2026 06:05:10 p. m.","abr. 17, 2026 06:08:34 p. m.",3 mins 24 secs ,Public collector,9,100,Comunicación,En búsqueda de empleo,,Totalmente satisfecho,Totalmente satisfecho,Totalmente satisfecho,Totalmente satisfecho,Totalmente satisfecho,Totalmente satisfecho,Totalmente satisfecho,Totalmente satisfecho,Muy satisfecho,Totalmente satisfecho,Totalmente satisfecho,Totalmente satisfecho,Totalmente satisfecho,Totalmente satisfecho,Totalmente satisfecho,Muy satisfecho,Totalmente satisfecho,Totalmente satisfecho,Totalmente satisfecho,Totalmente satisfecho,Totalmente satisfecho,Totalmente satisfecho,Totalmente satisfecho,Totalmente satisfecho,Totalmente satisfecho,Totalmente satisfecho,Totalmente satisfecho,Totalmente satisfecho,Totalmente satisfecho,Totalmente satisfecho,Totalmente satisfecho,Totalmente satisfecho,Totalmente satisfecho,Totalmente satisfecho,Totalmente satisfecho,Totalmente satisfecho,Totalmente satisfecho,Totalmente satisfecho,Totalmente satisfecho,Muy satisfecho,Totalmente satisfecho,Totalmente satisfecho,9 (Promoter),
afBRkTwz,,,COMPLETED,https://survey.zohopublic.com/zs/bBC5oY,"abr. 17, 2026 06:05:22 p. m.","abr. 17, 2026 06:10:00 p. m.",4 mins 37 secs ,Public collector,10,100,Comunicación,En búsqueda de empleo,,Totalmente satisfecho,Totalmente satisfecho,Totalmente satisfecho,Totalmente satisfecho,Totalmente satisfecho,Totalmente satisfecho,Totalmente satisfecho,Totalmente satisfecho,Totalmente satisfecho,Totalmente satisfecho,Totalmente satisfecho,Totalmente satisfecho,Totalmente satisfecho,Totalmente satisfecho,Totalmente satisfecho,Totalmente satisfecho,Totalmente satisfecho,Totalmente satisfecho,Totalmente satisfecho,Totalmente satisfecho,Totalmente satisfecho,Totalmente satisfecho,Totalmente satisfecho,Totalmente satisfecho,Totalmente satisfecho,Totalmente satisfecho,Totalmente satisfecho,Totalmente satisfecho,Totalmente satisfecho,Totalmente satisfecho,Totalmente satisfecho,Totalmente satisfecho,Totalmente satisfecho,Totalmente satisfecho,Totalmente satisfecho,Totalmente satisfecho,Totalmente satisfecho,Totalmente satisfecho,Totalmente satisfecho,Totalmente satisfecho,Totalmente satisfecho,Totalmente satisfecho,10 (Promoter),
YLDFbcHO,,,COMPLETED,https://survey.zohopublic.com/zs/bBC5oY,"abr. 17, 2026 06:05:34 p. m.","abr. 17, 2026 06:10:21 p. m.",4 mins 47 secs ,Public collector,10,100,Comunicación,Trabajador dependiente,Tiempo completo,Satisfecho,Satisfecho,Satisfecho,Satisfecho,Satisfecho,Satisfecho,Satisfecho,Satisfecho,Satisfecho,Satisfecho,Satisfecho,Satisfecho,Satisfecho,Satisfecho,Satisfecho,Satisfecho,Satisfecho,Satisfecho,Satisfecho,Satisfecho,Satisfecho,Satisfecho,Satisfecho,Satisfecho,Satisfecho,Satisfecho,Satisfecho,Satisfecho,Satisfecho,Satisfecho,Satisfecho,Satisfecho,Satisfecho,Satisfecho,Satisfecho,Satisfecho,Satisfecho,Satisfecho,Satisfecho,Satisfecho,Satisfecho,Satisfecho,10 (Promoter),
5xBhwYYg,,,COMPLETED,https://survey.zohopublic.com/zs/bBC5oY,"abr. 17, 2026 06:05:40 p. m.","abr. 17, 2026 06:08:06 p. m.",2 mins 26 secs ,Public collector,10,100,Comunicación,Prácticas profesionales,,Satisfecho,Satisfecho,Satisfecho,Satisfecho,Satisfecho,Satisfecho,Satisfecho,Satisfecho,Satisfecho,Satisfecho,Satisfecho,Muy satisfecho,Satisfecho,Satisfecho,Satisfecho,Satisfecho,Satisfecho,Satisfecho,Satisfecho,Satisfecho,Satisfecho,Satisfecho,Satisfecho,Satisfecho,Satisfecho,Satisfecho,Satisfecho,Satisfecho,Satisfecho,Satisfecho,Satisfecho,Satisfecho,Satisfecho,Satisfecho,Satisfecho,Satisfecho,Muy satisfecho,Satisfecho,Satisfecho,Satisfecho,Satisfecho,Satisfecho,10 (Promoter),
PpzBjoVM,,,COMPLETED,https://survey.zohopublic.com/zs/bBC5oY,"abr. 17, 2026 06:05:41 p. m.","abr. 17, 2026 06:10:53 p. m.",5 mins 12 secs ,Public collector,10,100,Comunicación,Trabajador dependiente,Tiempo completo,Totalmente satisfecho,Muy satisfecho,Muy satisfecho,Muy satisfecho,Muy satisfecho,Satisfecho,Satisfecho,Muy satisfecho,Totalmente insatisfecho,Muy satisfecho,Totalmente satisfecho,Totalmente satisfecho,Totalmente satisfecho,Totalmente satisfecho,Totalmente satisfecho,Totalmente satisfecho,Totalmente satisfecho,Muy satisfecho,Muy satisfecho,Muy satisfecho,Muy satisfecho,Satisfecho,Satisfecho,Satisfecho,Muy satisfecho,No utilizo,No utilizo,No utilizo,Totalmente satisfecho,No utilizo,Muy satisfecho,Totalmente satisfecho,Satisfecho,Satisfecho,Totalmente satisfecho,Totalmente satisfecho,Muy satisfecho,Muy satisfecho,Muy satisfecho,Muy satisfecho,Totalmente satisfecho,Muy satisfecho,10 (Promoter),
xTttOCU8,,,COMPLETED,https://survey.zohopublic.com/zs/bBC5oY,"abr. 17, 2026 06:05:45 p. m.","abr. 17, 2026 06:10:04 p. m.",4 mins 18 secs ,Public collector,10,100,Comunicación,Prácticas profesionales,,Muy satisfecho,Muy satisfecho,Satisfecho,Satisfecho,Satisfecho,Totalmente satisfecho,Muy satisfecho,Satisfecho,No utilizo,Muy satisfecho,Muy satisfecho,Totalmente satisfecho,Totalmente satisfecho,Totalmente satisfecho,Totalmente satisfecho,Totalmente satisfecho,Totalmente satisfecho,Totalmente satisfecho,Totalmente satisfecho,Totalmente satisfecho,Totalmente satisfecho,Totalmente satisfecho,Totalmente satisfecho,Totalmente satisfecho,Totalmente satisfecho,Totalmente satisfecho,Totalmente satisfecho,Totalmente satisfecho,Totalmente satisfecho,Totalmente satisfecho,Totalmente satisfecho,Totalmente satisfecho,Totalmente satisfecho,Totalmente satisfecho,Totalmente satisfecho,Totalmente satisfecho,Totalmente satisfecho,Totalmente satisfecho,Totalmente satisfecho,Totalmente satisfecho,Totalmente satisfecho,Totalmente satisfecho,10 (Promoter),
UqC52PoO,,,COMPLETED,https://survey.zohopublic.com/zs/bBC5oY,"abr. 17, 2026 06:05:49 p. m.","abr. 17, 2026 06:14:57 p. m.",9 mins 8 secs ,Public collector,9,100,Comunicación,Prácticas profesionales,,Satisfecho,Satisfecho,Satisfecho,Satisfecho,Satisfecho,Satisfecho,Satisfecho,Satisfecho,No conozco,Satisfecho,Satisfecho,Satisfecho,Satisfecho,Satisfecho,Insatisfecho,Satisfecho,Satisfecho,Satisfecho,Satisfecho,Satisfecho,Satisfecho,Satisfecho,Muy satisfecho,Muy satisfecho,Satisfecho,No conozco,Satisfecho,No conozco,Satisfecho,Insatisfecho,Satisfecho,Muy satisfecho,Insatisfecho,No conozco,,Insatisfecho,Satisfecho,Satisfecho,Satisfecho,Satisfecho,Satisfecho,Satisfecho,9 (Promoter),
sRC5Q3p6,,,COMPLETED,https://survey.zohopublic.com/zs/bBC5oY,"abr. 17, 2026 06:06:02 p. m.","abr. 17, 2026 06:15:43 p. m.",9 mins 40 secs ,Public collector,10,100,Comunicación,Prácticas profesionales,,Muy satisfecho,Satisfecho,Muy satisfecho,Totalmente satisfecho,Muy satisfecho,Totalmente satisfecho,Totalmente satisfecho,Totalmente satisfecho,No conozco,Muy satisfecho,Totalmente satisfecho,Totalmente satisfecho,Satisfecho,Satisfecho,Totalmente satisfecho,Muy satisfecho,Muy satisfecho,Totalmente satisfecho,Totalmente satisfecho,Totalmente satisfecho,Totalmente satisfecho,Satisfecho,Insatisfecho,Totalmente satisfecho,Muy satisfecho,Insatisfecho,Totalmente satisfecho,Satisfecho,No conozco,Muy satisfecho,Satisfecho,Satisfecho,Satisfecho,Satisfecho,Satisfecho,Satisfecho,Totalmente insatisfecho,Satisfecho,Totalmente satisfecho,No conozco,Totalmente satisfecho,Totalmente satisfecho,10 (Promoter),
I4BRy93k,,,COMPLETED,https://survey.zohopublic.com/zs/bBC5oY,"abr. 17, 2026 06:06:11 p. m.","abr. 17, 2026 06:31:35 p. m.",25 mins 23 secs ,Public collector,9,100,Comunicación,Trabajador dependiente,Tiempo completo,Satisfecho,Insatisfecho,Satisfecho,Muy satisfecho,Satisfecho,Satisfecho,Muy satisfecho,Muy satisfecho,Totalmente satisfecho,Muy satisfecho,Muy satisfecho,Muy satisfecho,Muy satisfecho,Muy satisfecho,Muy satisfecho,Muy satisfecho,Muy satisfecho,Muy satisfecho,Totalmente satisfecho,Totalmente satisfecho,Muy satisfecho,Muy satisfecho,Muy satisfecho,Insatisfecho,Insatisfecho,No utilizo,Satisfecho,Satisfecho,Satisfecho,Satisfecho,Insatisfecho,Satisfecho,Satisfecho,Satisfecho,Satisfecho,Satisfecho,Insatisfecho,Muy satisfecho,Satisfecho,Insatisfecho,Satisfecho,Satisfecho,9 (Promoter),
FcBhcFHf,,,COMPLETED,https://survey.zohopublic.com/zs/bBC5oY,"abr. 17, 2026 06:06:50 p. m.","abr. 17, 2026 06:12:55 p. m.",6 mins 4 secs ,Public collector,10,100,Comunicación,Trabajador independiente,Tiempo parcial,Muy satisfecho,Muy satisfecho,Muy satisfecho,Totalmente satisfecho,Muy satisfecho,Satisfecho,Muy satisfecho,Muy satisfecho,No conozco,Totalmente satisfecho,Satisfecho,Muy satisfecho,Satisfecho,Satisfecho,Satisfecho,Satisfecho,Insatisfecho,Muy satisfecho,Muy satisfecho,Satisfecho,Satisfecho,Muy satisfecho,Muy satisfecho,Satisfecho,Satisfecho,No conozco,Satisfecho,Satisfecho,Satisfecho,No conozco,Satisfecho,Satisfecho,Satisfecho,Satisfecho,Satisfecho,Muy satisfecho,Satisfecho,Muy satisfecho,Muy satisfecho,No conozco,Muy satisfecho,Totalmente satisfecho,10 (Promoter),
05BRDYYa,,,COMPLETED,https://survey.zohopublic.com/zs/bBC5oY,"abr. 17, 2026 06:07:23 p. m.","abr. 17, 2026 06:17:36 p. m.",10 mins 12 secs ,Public collector,10,100,Comunicación,Trabajador dependiente,Tiempo completo,Totalmente satisfecho,Totalmente satisfecho,Muy satisfecho,Totalmente satisfecho,Totalmente satisfecho,Totalmente satisfecho,Totalmente satisfecho,Totalmente satisfecho,Totalmente satisfecho,Totalmente satisfecho,Totalmente satisfecho,Totalmente satisfecho,Totalmente satisfecho,Totalmente satisfecho,Totalmente satisfecho,Totalmente satisfecho,Totalmente satisfecho,Totalmente satisfecho,Totalmente satisfecho,Totalmente satisfecho,Muy satisfecho,Totalmente satisfecho,Totalmente satisfecho,Totalmente satisfecho,Totalmente satisfecho,Muy satisfecho,Totalmente satisfecho,Totalmente satisfecho,Totalmente satisfecho,Totalmente satisfecho,Muy satisfecho,Totalmente satisfecho,Totalmente satisfecho,Totalmente satisfecho,Totalmente satisfecho,Totalmente satisfecho,Totalmente satisfecho,Muy satisfecho,Totalmente satisfecho,Muy satisfecho,Totalmente satisfecho,Totalmente satisfecho,10 (Promoter),
iuBBQuhN,,,COMPLETED,https://survey.zohopublic.com/zs/bBC5oY,"abr. 17, 2026 06:08:07 p. m.","abr. 17, 2026 06:13:56 p. m.",5 mins 48 secs ,Public collector,10,100,Comunicación,Prácticas profesionales,,Totalmente satisfecho,Totalmente satisfecho,Muy satisfecho,Totalmente satisfecho,Totalmente satisfecho,Muy satisfecho,Satisfecho,Muy satisfecho,No conozco,Muy satisfecho,Muy satisfecho,Muy satisfecho,Muy satisfecho,Muy satisfecho,Muy satisfecho,Muy satisfecho,Muy satisfecho,Satisfecho,Muy satisfecho,Muy satisfecho,Satisfecho,Satisfecho,Insatisfecho,No utilizo,,No utilizo,No utilizo,No utilizo,No utilizo,No utilizo,Satisfecho,Muy satisfecho,Insatisfecho,No utilizo,,Satisfecho,Satisfecho,Satisfecho,Muy satisfecho,Muy satisfecho,Totalmente satisfecho,Totalmente satisfecho,10 (Promoter),
yxC5IrUf,,,COMPLETED,https://survey.zohopublic.com/zs/bBC5oY,"abr. 17, 2026 06:08:22 p. m.","abr. 17, 2026 06:15:25 p. m.",7 mins 2 secs ,Public collector,7,0,Comunicación,Prácticas profesionales,,Satisfecho,Satisfecho,Satisfecho,Satisfecho,Satisfecho,Satisfecho,Satisfecho,Satisfecho,Satisfecho,Satisfecho,Satisfecho,Satisfecho,Satisfecho,Satisfecho,Satisfecho,Satisfecho,Satisfecho,Satisfecho,Satisfecho,Satisfecho,Satisfecho,Satisfecho,Satisfecho,Satisfecho,Satisfecho,Satisfecho,Satisfecho,Satisfecho,Satisfecho,Satisfecho,Satisfecho,Satisfecho,Satisfecho,Satisfecho,Satisfecho,Satisfecho,Satisfecho,Satisfecho,Satisfecho,Satisfecho,Satisfecho,Satisfecho,7 (Passive),Hay buenos equipos
esC5uThl,,,COMPLETED,https://survey.zohopublic.com/zs/bBC5oY,"abr. 17, 2026 06:08:43 p. m.","abr. 17, 2026 06:14:27 p. m.",5 mins 44 secs ,Public collector,10,100,Comunicación,Prácticas profesionales,,Satisfecho,Satisfecho,Satisfecho,Satisfecho,Satisfecho,Satisfecho,Satisfecho,Satisfecho,No conozco,Satisfecho,Satisfecho,Satisfecho,Satisfecho,Satisfecho,Satisfecho,Satisfecho,Satisfecho,Satisfecho,Satisfecho,Satisfecho,Satisfecho,Satisfecho,Satisfecho,Satisfecho,Satisfecho,Satisfecho,Satisfecho,Satisfecho,Satisfecho,Satisfecho,Satisfecho,Satisfecho,Satisfecho,Satisfecho,Satisfecho,Satisfecho,Satisfecho,Satisfecho,Satisfecho,Satisfecho,Satisfecho,Satisfecho,10 (Promoter),
muCZdRsq,,,COMPLETED,https://survey.zohopublic.com/zs/bBC5oY,"abr. 17, 2026 06:10:33 p. m.","abr. 17, 2026 06:26:50 p. m.",16 mins 17 secs ,Public collector,8,0,Comunicación,Trabajador independiente,Tiempo parcial,Muy satisfecho,Muy satisfecho,Satisfecho,Totalmente satisfecho,Muy satisfecho,Muy satisfecho,Muy satisfecho,Muy satisfecho,No utilizo,Totalmente satisfecho,Totalmente satisfecho,Totalmente satisfecho,Muy satisfecho,Totalmente satisfecho,Totalmente satisfecho,Totalmente satisfecho,Muy satisfecho,Muy satisfecho,Muy satisfecho,Muy satisfecho,Muy satisfecho,Muy satisfecho,Muy satisfecho,Satisfecho,Totalmente satisfecho,Satisfecho,No utilizo,No utilizo,Satisfecho,Muy satisfecho,Satisfecho,Muy satisfecho,Satisfecho,Muy satisfecho,Muy satisfecho,Muy satisfecho,Muy satisfecho,Muy satisfecho,Totalmente satisfecho,Muy satisfecho,Totalmente satisfecho,Muy satisfecho,8 (Passive),Es una gran oportunidad para poder crecer como profesional y como comunicador. Estoy muy satisfecho
ZvC5ZuFs,,,COMPLETED,https://survey.zohopublic.com/zs/bBC5oY,"abr. 17, 2026 06:10:44 p. m.","abr. 17, 2026 06:13:37 p. m.",2 mins 53 secs ,Public collector,10,100,Comunicación,Prácticas profesionales,,Muy satisfecho,Totalmente satisfecho,Totalmente satisfecho,Totalmente satisfecho,Totalmente satisfecho,Totalmente satisfecho,Totalmente satisfecho,Totalmente satisfecho,Totalmente satisfecho,Totalmente satisfecho,Totalmente satisfecho,Totalmente satisfecho,Totalmente satisfecho,Totalmente satisfecho,Totalmente satisfecho,Totalmente satisfecho,Totalmente satisfecho,Totalmente satisfecho,Totalmente satisfecho,Totalmente satisfecho,Totalmente satisfecho,Totalmente satisfecho,Totalmente satisfecho,Totalmente satisfecho,Totalmente satisfecho,Totalmente satisfecho,Totalmente satisfecho,Totalmente satisfecho,Totalmente satisfecho,Totalmente satisfecho,Totalmente satisfecho,Totalmente satisfecho,Totalmente satisfecho,Totalmente satisfecho,Totalmente satisfecho,Totalmente satisfecho,Totalmente satisfecho,Totalmente satisfecho,Totalmente satisfecho,Totalmente satisfecho,Totalmente satisfecho,Totalmente satisfecho,10 (Promoter),
SfjeDsMW,,,COMPLETED,https://survey.zohopublic.com/zs/bBC5oY,"abr. 17, 2026 06:11:28 p. m.","abr. 17, 2026 06:15:48 p. m.",4 mins 20 secs ,Public collector,10,100,Comunicación,Trabajador dependiente,Tiempo completo,Muy satisfecho,Totalmente satisfecho,Muy satisfecho,Muy satisfecho,Muy satisfecho,Totalmente satisfecho,Satisfecho,Muy satisfecho,Muy satisfecho,Totalmente satisfecho,Totalmente satisfecho,Totalmente satisfecho,Totalmente satisfecho,Totalmente satisfecho,Muy satisfecho,Muy satisfecho,Totalmente satisfecho,Muy satisfecho,Totalmente satisfecho,Totalmente satisfecho,Muy satisfecho,Muy satisfecho,Totalmente satisfecho,Muy satisfecho,Totalmente satisfecho,Satisfecho,Muy satisfecho,Muy satisfecho,Muy satisfecho,Totalmente satisfecho,Muy satisfecho,Muy satisfecho,Muy satisfecho,Muy satisfecho,Muy satisfecho,Muy satisfecho,Totalmente satisfecho,Muy satisfecho,Totalmente satisfecho,Muy satisfecho,Muy satisfecho,Totalmente satisfecho,10 (Promoter),
G1zqbqaA,,,COMPLETED,https://survey.zohopublic.com/zs/bBC5oY,"abr. 17, 2026 06:11:33 p. m.","abr. 17, 2026 06:16:57 p. m.",5 mins 23 secs ,Public collector,6,0,Comunicación,Trabajador dependiente,Tiempo completo,Totalmente satisfecho,Muy satisfecho,Muy satisfecho,Muy satisfecho,Muy satisfecho,Satisfecho,Muy satisfecho,Muy satisfecho,No utilizo,Muy satisfecho,Muy satisfecho,Muy satisfecho,Muy satisfecho,Muy satisfecho,Muy satisfecho,Satisfecho,Satisfecho,Muy satisfecho,Muy satisfecho,Muy satisfecho,Satisfecho,Muy satisfecho,Satisfecho,Insatisfecho,Satisfecho,Satisfecho,No conozco,No conozco,No utilizo,No utilizo,Totalmente insatisfecho,Muy satisfecho,Insatisfecho,Totalmente satisfecho,Totalmente satisfecho,Muy satisfecho,Insatisfecho,Muy satisfecho,Insatisfecho,Satisfecho,Muy satisfecho,Insatisfecho,6 (Detractor),porque no les importa lo social <3
ZNC26d7p,,,COMPLETED,https://survey.zohopublic.com/zs/bBC5oY,"abr. 17, 2026 06:11:42 p. m.","abr. 17, 2026 06:24:03 p. m.",12 mins 20 secs ,Public collector,6,0,Comunicación,Trabajador independiente,Tiempo completo,Totalmente satisfecho,Totalmente satisfecho,Totalmente satisfecho,Totalmente satisfecho,Totalmente satisfecho,Satisfecho,Totalmente satisfecho,Totalmente satisfecho,Totalmente satisfecho,Totalmente satisfecho,Totalmente satisfecho,Totalmente satisfecho,Insatisfecho,Insatisfecho,Insatisfecho,Insatisfecho,Totalmente insatisfecho,Totalmente satisfecho,Totalmente satisfecho,Totalmente satisfecho,Totalmente satisfecho,Totalmente satisfecho,Muy satisfecho,Totalmente satisfecho,Totalmente satisfecho,Satisfecho,Insatisfecho,Insatisfecho,Insatisfecho,Satisfecho,Satisfecho,Satisfecho,Satisfecho,Satisfecho,Satisfecho,Muy satisfecho,Satisfecho,Satisfecho,Satisfecho,Satisfecho,Satisfecho,Satisfecho,6 (Detractor),Porque no toman en cuenta los problemas sociales
yyBBSZhX,,,COMPLETED,https://survey.zohopublic.com/zs/bBC5oY,"abr. 17, 2026 06:11:46 p. m.","abr. 17, 2026 06:18:07 p. m.",6 mins 20 secs ,Public collector,6,0,Comunicación,En búsqueda de empleo,,Satisfecho,Satisfecho,Satisfecho,Satisfecho,Satisfecho,Satisfecho,Satisfecho,Satisfecho,Satisfecho,Satisfecho,Satisfecho,Satisfecho,Satisfecho,Satisfecho,Satisfecho,Satisfecho,Insatisfecho,Satisfecho,Satisfecho,Satisfecho,Satisfecho,Satisfecho,Satisfecho,Satisfecho,Insatisfecho,Totalmente insatisfecho,Satisfecho,Totalmente insatisfecho,Totalmente insatisfecho,Insatisfecho,Satisfecho,Muy satisfecho,Insatisfecho,Satisfecho,Satisfecho,Muy satisfecho,Satisfecho,Satisfecho,Satisfecho,Satisfecho,Satisfecho,Satisfecho,6 (Detractor),Pudo haber sido mejor.
k7tqZHr0,,,COMPLETED,https://survey.zohopublic.com/zs/bBC5oY,"abr. 17, 2026 06:12:28 p. m.","abr. 17, 2026 06:14:45 p. m.",2 mins 17 secs ,Public collector,10,100,Comunicación,Trabajador dependiente,Tiempo completo,Satisfecho,Satisfecho,Satisfecho,Satisfecho,Satisfecho,Satisfecho,Satisfecho,Satisfecho,Satisfecho,Satisfecho,Satisfecho,Satisfecho,Satisfecho,Satisfecho,Satisfecho,Satisfecho,Satisfecho,Satisfecho,Satisfecho,Satisfecho,Satisfecho,Satisfecho,Satisfecho,Satisfecho,Satisfecho,Satisfecho,Satisfecho,Satisfecho,Satisfecho,Satisfecho,Satisfecho,Satisfecho,Satisfecho,Satisfecho,Satisfecho,Satisfecho,Satisfecho,Satisfecho,Satisfecho,Satisfecho,Satisfecho,Satisfecho,10 (Promoter),
6KBB7BMv,,,COMPLETED,https://survey.zohopublic.com/zs/bBC5oY,"abr. 17, 2026 06:12:32 p. m.","abr. 17, 2026 06:16:26 p. m.",3 mins 53 secs ,Public collector,9,100,Comunicación,Trabajador dependiente,Tiempo completo,Muy satisfecho,Muy satisfecho,Muy satisfecho,Muy satisfecho,Muy satisfecho,Muy satisfecho,Muy satisfecho,Muy satisfecho,No utilizo,Muy satisfecho,Muy satisfecho,Muy satisfecho,Muy satisfecho,Muy satisfecho,Muy satisfecho,Muy satisfecho,Muy satisfecho,Muy satisfecho,Muy satisfecho,Muy satisfecho,Muy satisfecho,Muy satisfecho,Muy satisfecho,Muy satisfecho,Muy satisfecho,Muy satisfecho,Muy satisfecho,Muy satisfecho,Muy satisfecho,Muy satisfecho,Muy satisfecho,Muy satisfecho,Muy satisfecho,Muy satisfecho,Muy satisfecho,Muy satisfecho,Muy satisfecho,Muy satisfecho,Muy satisfecho,Muy satisfecho,Muy satisfecho,Muy satisfecho,9 (Promoter),
1JBh4gI6,,,COMPLETED,https://survey.zohopublic.com/zs/bBC5oY,"abr. 17, 2026 06:12:39 p. m.","abr. 17, 2026 06:17:27 p. m.",4 mins 48 secs ,Public collector,9,100,Comunicación,Prácticas profesionales,,Muy satisfecho,Muy satisfecho,Muy satisfecho,Muy satisfecho,Satisfecho,Muy satisfecho,Muy satisfecho,Muy satisfecho,Muy satisfecho,Muy satisfecho,Muy satisfecho,Muy satisfecho,Muy satisfecho,Muy satisfecho,Muy satisfecho,Totalmente satisfecho,Totalmente satisfecho,Satisfecho,Totalmente satisfecho,Satisfecho,Muy satisfecho,Muy satisfecho,Muy satisfecho,Muy satisfecho,Totalmente satisfecho,Satisfecho,Satisfecho,Satisfecho,Satisfecho,Satisfecho,Satisfecho,Muy satisfecho,Satisfecho,Satisfecho,Muy satisfecho,Satisfecho,Muy satisfecho,Muy satisfecho,Satisfecho,Muy satisfecho,Totalmente satisfecho,Totalmente satisfecho,9 (Promoter),
iQC55ztT,,,COMPLETED,https://survey.zohopublic.com/zs/bBC5oY,"abr. 17, 2026 06:13:02 p. m.","abr. 17, 2026 06:16:06 p. m.",3 mins 3 secs ,Public collector,10,100,Comunicación,Prácticas profesionales,,Muy satisfecho,Muy satisfecho,Muy satisfecho,Satisfecho,Muy satisfecho,Muy satisfecho,Muy satisfecho,Totalmente satisfecho,Totalmente satisfecho,Muy satisfecho,Totalmente satisfecho,Totalmente satisfecho,Totalmente satisfecho,Totalmente satisfecho,Totalmente satisfecho,Totalmente satisfecho,Muy satisfecho,Muy satisfecho,Muy satisfecho,Muy satisfecho,Muy satisfecho,Totalmente satisfecho,Satisfecho,Totalmente satisfecho,Totalmente satisfecho,Satisfecho,Satisfecho,Satisfecho,Totalmente satisfecho,Satisfecho,Satisfecho,Muy satisfecho,Muy satisfecho,Muy satisfecho,Muy satisfecho,No utilizo,Muy satisfecho,Totalmente satisfecho,Totalmente satisfecho,Muy satisfecho,Totalmente satisfecho,Totalmente satisfecho,10 (Promoter),
JzBBnIHy,,,COMPLETED,https://survey.zohopublic.com/zs/bBC5oY,"abr. 17, 2026 06:13:34 p. m.","abr. 17, 2026 06:18:33 p. m.",4 mins 58 secs ,Public collector,10,100,Comunicación,Trabajador dependiente,Tiempo completo,Totalmente satisfecho,Totalmente satisfecho,Muy satisfecho,Muy satisfecho,Muy satisfecho,Totalmente satisfecho,Totalmente satisfecho,Totalmente satisfecho,Totalmente satisfecho,Totalmente satisfecho,Totalmente satisfecho,Totalmente satisfecho,Muy satisfecho,Muy satisfecho,Totalmente satisfecho,Totalmente satisfecho,Totalmente satisfecho,Totalmente satisfecho,Totalmente satisfecho,Totalmente satisfecho,Totalmente satisfecho,Totalmente satisfecho,Muy satisfecho,Muy satisfecho,Muy satisfecho,Totalmente satisfecho,Muy satisfecho,Totalmente satisfecho,Muy satisfecho,Totalmente satisfecho,Totalmente satisfecho,Muy satisfecho,Muy satisfecho,Muy satisfecho,Muy satisfecho,Muy satisfecho,Totalmente satisfecho,Totalmente satisfecho,Totalmente satisfecho,Totalmente satisfecho,Totalmente satisfecho,Totalmente satisfecho,10 (Promoter),
tuBROa0w,,,COMPLETED,https://survey.zohopublic.com/zs/bBC5oY,"abr. 17, 2026 06:14:13 p. m.","abr. 17, 2026 06:20:07 p. m.",5 mins 53 secs ,Public collector,9,100,Comunicación,Trabajador dependiente,Tiempo completo,Muy satisfecho,Totalmente satisfecho,Satisfecho,Totalmente satisfecho,Satisfecho,Totalmente satisfecho,Satisfecho,Satisfecho,Muy satisfecho,Totalmente satisfecho,Totalmente satisfecho,Muy satisfecho,Muy satisfecho,Muy satisfecho,Muy satisfecho,Muy satisfecho,Satisfecho,Muy satisfecho,Muy satisfecho,Muy satisfecho,Totalmente satisfecho,Totalmente satisfecho,Muy satisfecho,Satisfecho,Muy satisfecho,No utilizo,Muy satisfecho,No conozco,No utilizo,No utilizo,Totalmente satisfecho,Totalmente satisfecho,Muy satisfecho,Muy satisfecho,Totalmente satisfecho,Totalmente satisfecho,Totalmente satisfecho,Totalmente satisfecho,Satisfecho,Totalmente satisfecho,Totalmente satisfecho,Totalmente satisfecho,9 (Promoter),
waDBDtJm,,,COMPLETED,https://survey.zohopublic.com/zs/bBC5oY,"abr. 17, 2026 06:14:53 p. m.","abr. 17, 2026 06:27:56 p. m.",13 mins 3 secs ,Public collector,9,100,Comunicación,Trabajador dependiente,Tiempo completo,Satisfecho,Satisfecho,Satisfecho,Muy satisfecho,Satisfecho,Satisfecho,Muy satisfecho,Satisfecho,Muy satisfecho,Muy satisfecho,Muy satisfecho,Muy satisfecho,Muy satisfecho,Muy satisfecho,Muy satisfecho,Muy satisfecho,Muy satisfecho,Muy satisfecho,Muy satisfecho,Muy satisfecho,Muy satisfecho,Muy satisfecho,Muy satisfecho,Muy satisfecho,Totalmente satisfecho,Muy satisfecho,Satisfecho,Satisfecho,Muy satisfecho,Satisfecho,Muy satisfecho,Muy satisfecho,Satisfecho,Muy satisfecho,Satisfecho,Satisfecho,Satisfecho,Satisfecho,Satisfecho,Satisfecho,Satisfecho,Muy satisfecho,9 (Promoter),
nbCZSrP0,,,COMPLETED,https://survey.zohopublic.com/zs/bBC5oY,"abr. 17, 2026 06:16:59 p. m.","abr. 17, 2026 06:20:16 p. m.",3 mins 16 secs ,Public collector,10,100,Comunicación,Trabajador dependiente,Tiempo completo,Satisfecho,Satisfecho,Satisfecho,Satisfecho,Satisfecho,Totalmente satisfecho,Satisfecho,Satisfecho,Muy satisfecho,Muy satisfecho,Muy satisfecho,Muy satisfecho,Muy satisfecho,Muy satisfecho,Muy satisfecho,Muy satisfecho,Muy satisfecho,Muy satisfecho,Muy satisfecho,Muy satisfecho,Muy satisfecho,Muy satisfecho,Muy satisfecho,Muy satisfecho,Muy satisfecho,Muy satisfecho,Muy satisfecho,Muy satisfecho,Muy satisfecho,Muy satisfecho,Totalmente satisfecho,Totalmente satisfecho,Totalmente satisfecho,Totalmente satisfecho,Totalmente satisfecho,Muy satisfecho,Totalmente satisfecho,Totalmente satisfecho,Totalmente satisfecho,Totalmente satisfecho,Totalmente satisfecho,Totalmente satisfecho,10 (Promoter),
75jZ4aVT,,,COMPLETED,https://survey.zohopublic.com/zs/bBC5oY,"abr. 17, 2026 06:17:01 p. m.","abr. 17, 2026 06:20:03 p. m.",3 mins 2 secs ,Public collector,9,100,Comunicación,Prácticas profesionales,,Satisfecho,Muy satisfecho,Muy satisfecho,Muy satisfecho,Satisfecho,Muy satisfecho,Muy satisfecho,Satisfecho,No utilizo,Muy satisfecho,Satisfecho,Satisfecho,Muy satisfecho,Satisfecho,Satisfecho,Satisfecho,Satisfecho,Muy satisfecho,Satisfecho,Muy satisfecho,Satisfecho,Muy satisfecho,Satisfecho,Satisfecho,Muy satisfecho,Satisfecho,Satisfecho,Muy satisfecho,Satisfecho,Satisfecho,Satisfecho,Satisfecho,Totalmente satisfecho,Satisfecho,Muy satisfecho,Muy satisfecho,Satisfecho,Satisfecho,Totalmente satisfecho,Satisfecho,Satisfecho,Totalmente satisfecho,9 (Promoter),
jqCZ1xza,,,COMPLETED,https://survey.zohopublic.com/zs/bBC5oY,"abr. 17, 2026 06:19:02 p. m.","abr. 17, 2026 06:21:32 p. m.",2 mins 30 secs ,Public collector,10,100,Comunicación,Trabajador independiente,Tiempo completo,Muy satisfecho,Muy satisfecho,Muy satisfecho,Muy satisfecho,Muy satisfecho,Muy satisfecho,Muy satisfecho,Muy satisfecho,No utilizo,Muy satisfecho,Muy satisfecho,Muy satisfecho,Muy satisfecho,Muy satisfecho,Muy satisfecho,Muy satisfecho,Muy satisfecho,Muy satisfecho,Muy satisfecho,Muy satisfecho,Muy satisfecho,Muy satisfecho,Muy satisfecho,Muy satisfecho,Muy satisfecho,Muy satisfecho,Muy satisfecho,Muy satisfecho,Muy satisfecho,Muy satisfecho,Muy satisfecho,Muy satisfecho,Muy satisfecho,Muy satisfecho,Muy satisfecho,Muy satisfecho,Muy satisfecho,Muy satisfecho,Muy satisfecho,Muy satisfecho,Muy satisfecho,Muy satisfecho,10 (Promoter),
ZIDFzHAM,,,COMPLETED,https://survey.zohopublic.com/zs/bBC5oY,"abr. 17, 2026 06:20:02 p. m.","abr. 17, 2026 06:22:48 p. m.",2 mins 46 secs ,Public collector,8,0,Comunicación,Prácticas profesionales,,Muy satisfecho,Satisfecho,Satisfecho,Satisfecho,Muy satisfecho,Muy satisfecho,Muy satisfecho,Satisfecho,No utilizo,Muy satisfecho,Satisfecho,Satisfecho,Insatisfecho,Muy satisfecho,Satisfecho,Satisfecho,Satisfecho,Muy satisfecho,Satisfecho,Satisfecho,Satisfecho,Totalmente satisfecho,Satisfecho,Insatisfecho,Satisfecho,Insatisfecho,Insatisfecho,Insatisfecho,Satisfecho,No utilizo,Insatisfecho,Satisfecho,Satisfecho,Satisfecho,Satisfecho,Satisfecho,Satisfecho,Satisfecho,Satisfecho,Insatisfecho,Muy satisfecho,Satisfecho,8 (Passive),Buenos profesores
oSthy7xC,,,COMPLETED,https://survey.zohopublic.com/zs/bBC5oY,"abr. 17, 2026 06:21:06 p. m.","abr. 17, 2026 06:25:32 p. m.",4 mins 25 secs ,Public collector,10,100,Comunicación,Trabajador dependiente,Tiempo completo,Totalmente satisfecho,Totalmente satisfecho,Totalmente satisfecho,Totalmente satisfecho,Totalmente satisfecho,Totalmente satisfecho,Totalmente satisfecho,Totalmente satisfecho,Totalmente satisfecho,Totalmente satisfecho,Totalmente satisfecho,Totalmente satisfecho,Totalmente satisfecho,Totalmente satisfecho,Totalmente satisfecho,Totalmente satisfecho,Totalmente satisfecho,Totalmente satisfecho,Totalmente satisfecho,Totalmente satisfecho,Totalmente satisfecho,Totalmente satisfecho,Totalmente satisfecho,Totalmente satisfecho,Totalmente satisfecho,Totalmente satisfecho,Totalmente satisfecho,Totalmente satisfecho,Totalmente satisfecho,Totalmente satisfecho,Totalmente satisfecho,Totalmente satisfecho,Totalmente satisfecho,Totalmente satisfecho,Totalmente satisfecho,Totalmente satisfecho,Totalmente satisfecho,Totalmente satisfecho,Totalmente satisfecho,Totalmente satisfecho,Totalmente satisfecho,Totalmente satisfecho,10 (Promoter),
elBRpynb,,,COMPLETED,https://survey.zohopublic.com/zs/bBC5oY,"abr. 17, 2026 06:22:18 p. m.","abr. 17, 2026 06:24:51 p. m.",2 mins 32 secs ,Public collector,9,100,Comunicación,Trabajador independiente,Tiempo completo,Muy satisfecho,Muy satisfecho,Muy satisfecho,Muy satisfecho,Muy satisfecho,Muy satisfecho,Muy satisfecho,Muy satisfecho,No utilizo,Muy satisfecho,Muy satisfecho,Muy satisfecho,Muy satisfecho,Muy satisfecho,Muy satisfecho,Muy satisfecho,Muy satisfecho,Muy satisfecho,Muy satisfecho,Muy satisfecho,Muy satisfecho,Muy satisfecho,Muy satisfecho,Muy satisfecho,Muy satisfecho,No utilizo,Muy satisfecho,Muy satisfecho,Muy satisfecho,Muy satisfecho,Satisfecho,Muy satisfecho,Muy satisfecho,Muy satisfecho,Muy satisfecho,Muy satisfecho,Satisfecho,Satisfecho,Insatisfecho,Satisfecho,Muy satisfecho,Muy satisfecho,9 (Promoter),
v1jCQuxL,,,COMPLETED,https://survey.zohopublic.com/zs/bBC5oY,"abr. 17, 2026 06:23:41 p. m.","abr. 17, 2026 06:28:13 p. m.",4 mins 32 secs ,Public collector,9,100,Comunicación,Trabajador dependiente,Tiempo completo,Satisfecho,Muy satisfecho,Satisfecho,Muy satisfecho,Satisfecho,Muy satisfecho,Satisfecho,Muy satisfecho,Satisfecho,Muy satisfecho,Muy satisfecho,Satisfecho,Satisfecho,Satisfecho,Satisfecho,Satisfecho,Satisfecho,Muy satisfecho,Muy satisfecho,Totalmente satisfecho,Satisfecho,Muy satisfecho,Muy satisfecho,Satisfecho,Satisfecho,Insatisfecho,Satisfecho,Satisfecho,Satisfecho,Satisfecho,Satisfecho,Muy satisfecho,Satisfecho,Satisfecho,Satisfecho,Satisfecho,Satisfecho,Satisfecho,Satisfecho,Satisfecho,Muy satisfecho,Muy satisfecho,9 (Promoter),
1dtk6Xdz,,,COMPLETED,https://survey.zohopublic.com/zs/bBC5oY,"abr. 17, 2026 06:24:57 p. m.","abr. 17, 2026 06:40:09 p. m.",15 mins 12 secs ,Public collector,10,100,Comunicación,Prácticas profesionales,,Totalmente satisfecho,Totalmente satisfecho,Totalmente satisfecho,Totalmente satisfecho,Totalmente satisfecho,Totalmente satisfecho,Totalmente satisfecho,Totalmente satisfecho,Totalmente satisfecho,Totalmente satisfecho,Totalmente satisfecho,Totalmente satisfecho,Totalmente satisfecho,Totalmente satisfecho,Totalmente satisfecho,Totalmente satisfecho,Totalmente satisfecho,Totalmente satisfecho,Totalmente satisfecho,Totalmente satisfecho,Totalmente satisfecho,Totalmente satisfecho,Totalmente satisfecho,Totalmente satisfecho,Totalmente satisfecho,Totalmente satisfecho,Totalmente satisfecho,Totalmente satisfecho,Totalmente satisfecho,Totalmente satisfecho,Satisfecho,Totalmente satisfecho,Totalmente satisfecho,Totalmente satisfecho,Totalmente satisfecho,Totalmente satisfecho,Totalmente satisfecho,Totalmente satisfecho,Totalmente satisfecho,Totalmente satisfecho,Totalmente satisfecho,Totalmente satisfecho,10 (Promoter),
GnDBdSbu,,,COMPLETED,https://survey.zohopublic.com/zs/bBC5oY,"abr. 17, 2026 06:25:30 p. m.","abr. 17, 2026 06:37:17 p. m.",11 mins 46 secs ,Public collector,8,0,Comunicación,Trabajador dependiente,Tiempo completo,Satisfecho,Satisfecho,Satisfecho,Satisfecho,Insatisfecho,Muy satisfecho,Satisfecho,Satisfecho,No conozco,Satisfecho,Satisfecho,Satisfecho,Insatisfecho,Satisfecho,Satisfecho,Satisfecho,Satisfecho,Satisfecho,Satisfecho,Satisfecho,Insatisfecho,Satisfecho,Insatisfecho,Satisfecho,Insatisfecho,Satisfecho,Satisfecho,No utilizo,No utilizo,Satisfecho,Insatisfecho,Satisfecho,Satisfecho,Satisfecho,Satisfecho,No utilizo,Satisfecho,Muy satisfecho,Insatisfecho,Satisfecho,Muy satisfecho,Satisfecho,8 (Passive),Hay muchos alumnos y poco espacios en el campus
9MC23rVo,,,COMPLETED,https://survey.zohopublic.com/zs/bBC5oY,"abr. 17, 2026 06:26:08 p. m.","abr. 17, 2026 06:30:04 p. m.",3 mins 55 secs ,Public collector,9,100,Comunicación,Prácticas profesionales,,Muy satisfecho,Satisfecho,Satisfecho,Totalmente satisfecho,Totalmente satisfecho,Totalmente satisfecho,Totalmente satisfecho,Totalmente satisfecho,Totalmente satisfecho,Muy satisfecho,Totalmente satisfecho,Totalmente satisfecho,Totalmente satisfecho,Totalmente satisfecho,Totalmente satisfecho,Totalmente satisfecho,Totalmente satisfecho,Totalmente satisfecho,Totalmente satisfecho,Totalmente satisfecho,Totalmente satisfecho,Totalmente satisfecho,Muy satisfecho,Totalmente satisfecho,Totalmente satisfecho,Totalmente satisfecho,Totalmente satisfecho,Totalmente satisfecho,Totalmente satisfecho,Totalmente satisfecho,Totalmente satisfecho,Muy satisfecho,Muy satisfecho,Totalmente satisfecho,Totalmente satisfecho,Totalmente satisfecho,Totalmente satisfecho,Totalmente satisfecho,Totalmente satisfecho,Totalmente satisfecho,Totalmente satisfecho,Totalmente satisfecho,9 (Promoter),
98CZtvQy,,,COMPLETED,https://survey.zohopublic.com/zs/bBC5oY,"abr. 17, 2026 06:33:57 p. m.","abr. 17, 2026 06:40:23 p. m.",6 mins 25 secs ,Public collector,10,100,Comunicación,En búsqueda de empleo,,Totalmente satisfecho,Totalmente satisfecho,Totalmente satisfecho,Totalmente satisfecho,Totalmente satisfecho,Totalmente satisfecho,Totalmente satisfecho,Totalmente satisfecho,Totalmente satisfecho,Totalmente satisfecho,Totalmente satisfecho,Totalmente satisfecho,Totalmente satisfecho,Totalmente satisfecho,Totalmente satisfecho,Totalmente satisfecho,Totalmente satisfecho,Totalmente satisfecho,Totalmente satisfecho,Totalmente satisfecho,Totalmente satisfecho,Totalmente satisfecho,Totalmente satisfecho,Muy satisfecho,Totalmente satisfecho,Totalmente satisfecho,Totalmente satisfecho,Totalmente satisfecho,Totalmente satisfecho,Totalmente satisfecho,Totalmente satisfecho,Totalmente satisfecho,Muy satisfecho,Muy satisfecho,Totalmente satisfecho,Totalmente satisfecho,Totalmente satisfecho,Totalmente satisfecho,Totalmente satisfecho,Totalmente satisfecho,Totalmente satisfecho,Totalmente satisfecho,10 (Promoter),
SfBh0g0a,,,COMPLETED,https://survey.zohopublic.com/zs/bBC5oY,"abr. 17, 2026 06:38:30 p. m.","abr. 17, 2026 07:38:52 p. m.",1 hr 22 secs ,Public collector,9,100,Comunicación,En búsqueda de empleo,,Satisfecho,Satisfecho,Satisfecho,Satisfecho,Muy satisfecho,Satisfecho,Satisfecho,Satisfecho,No utilizo,Satisfecho,Satisfecho,Satisfecho,Satisfecho,Muy satisfecho,Satisfecho,Satisfecho,Satisfecho,Satisfecho,Muy satisfecho,Satisfecho,Insatisfecho,Satisfecho,Satisfecho,No utilizo,,No utilizo,Satisfecho,Satisfecho,No utilizo,Satisfecho,Satisfecho,Satisfecho,Satisfecho,Satisfecho,Muy satisfecho,Satisfecho,Satisfecho,Satisfecho,Satisfecho,Satisfecho,Satisfecho,Muy satisfecho,9 (Promoter),
htBBb8ll,,,COMPLETED,https://survey.zohopublic.com/zs/bBC5oY,"abr. 17, 2026 06:38:32 p. m.","abr. 17, 2026 06:55:55 p. m.",17 mins 22 secs ,Public collector,9,100,Comunicación,Trabajador dependiente,Tiempo completo,Satisfecho,Satisfecho,Muy satisfecho,Muy satisfecho,Muy satisfecho,Muy satisfecho,Muy satisfecho,Muy satisfecho,No conozco,Muy satisfecho,Muy satisfecho,Totalmente satisfecho,Muy satisfecho,Muy satisfecho,Muy satisfecho,Muy satisfecho,Muy satisfecho,Totalmente satisfecho,Totalmente satisfecho,Totalmente satisfecho,Totalmente satisfecho,Muy satisfecho,No conozco,Satisfecho,Satisfecho,No conozco,Satisfecho,No conozco,Satisfecho,Satisfecho,Insatisfecho,Muy satisfecho,Muy satisfecho,Muy satisfecho,Muy satisfecho,Muy satisfecho,Satisfecho,Satisfecho,Satisfecho,Muy satisfecho,Totalmente satisfecho,Totalmente satisfecho,9 (Promoter),
kODBGHLf,,,COMPLETED,https://survey.zohopublic.com/zs/bBC5oY,"abr. 18, 2026 04:49:34 a. m.","abr. 18, 2026 04:51:46 a. m.",2 mins 11 secs ,Public collector,10,100,Comunicación,Prácticas profesionales,,Totalmente satisfecho,Totalmente satisfecho,Totalmente satisfecho,Totalmente satisfecho,Totalmente satisfecho,Totalmente satisfecho,Totalmente satisfecho,Totalmente satisfecho,Totalmente satisfecho,Totalmente satisfecho,Totalmente satisfecho,Totalmente insatisfecho,Totalmente satisfecho,Totalmente satisfecho,Totalmente satisfecho,Totalmente satisfecho,Totalmente satisfecho,Totalmente satisfecho,Totalmente satisfecho,Totalmente satisfecho,Totalmente satisfecho,Totalmente satisfecho,Totalmente satisfecho,Totalmente satisfecho,Totalmente satisfecho,Totalmente satisfecho,Totalmente satisfecho,Totalmente satisfecho,Totalmente satisfecho,Totalmente satisfecho,Totalmente satisfecho,Totalmente satisfecho,Totalmente satisfecho,Totalmente satisfecho,Totalmente satisfecho,Totalmente satisfecho,Totalmente satisfecho,Totalmente satisfecho,Totalmente satisfecho,Totalmente satisfecho,Totalmente satisfecho,Totalmente satisfecho,10 (Promoter),
yhBhlIC9,,,COMPLETED,https://survey.zohopublic.com/zs/bBC5oY,"abr. 18, 2026 09:09:49 a. m.","abr. 18, 2026 09:17:18 a. m.",7 mins 28 secs ,Public collector,8,0,Comunicación,En búsqueda de empleo,,Satisfecho,Satisfecho,Insatisfecho,Muy satisfecho,Muy satisfecho,Muy satisfecho,Muy satisfecho,Muy satisfecho,No utilizo,Totalmente satisfecho,Muy satisfecho,Satisfecho,Satisfecho,Totalmente satisfecho,Satisfecho,Totalmente satisfecho,Muy satisfecho,Satisfecho,Totalmente satisfecho,Satisfecho,Insatisfecho,Totalmente satisfecho,Satisfecho,Muy satisfecho,Muy satisfecho,No utilizo,Muy satisfecho,Totalmente satisfecho,Totalmente insatisfecho,No utilizo,Totalmente insatisfecho,Totalmente satisfecho,Muy satisfecho,Satisfecho,Totalmente satisfecho,Satisfecho,Totalmente satisfecho,Totalmente satisfecho,Satisfecho,Totalmente satisfecho,Satisfecho,Muy satisfecho,8 (Passive),Me gusta que la universidad siga creciendo pero en mi carrera aún le faltó explorar aspectos más a fondo como el guion o el sonido.
g9C2mIwG,,,COMPLETED,https://survey.zohopublic.com/zs/bBC5oY,"abr. 18, 2026 09:49:29 a. m.","abr. 18, 2026 09:51:45 a. m.",2 mins 15 secs ,Public collector,10,100,Comunicación,Trabajador dependiente,Tiempo completo,Satisfecho,Satisfecho,Satisfecho,Satisfecho,Satisfecho,Satisfecho,Satisfecho,Satisfecho,Satisfecho,Satisfecho,Satisfecho,Satisfecho,Satisfecho,Satisfecho,Satisfecho,Satisfecho,Satisfecho,Satisfecho,Satisfecho,Satisfecho,Satisfecho,Satisfecho,Satisfecho,Satisfecho,Satisfecho,No conozco,Satisfecho,Satisfecho,Satisfecho,Satisfecho,Satisfecho,Satisfecho,Satisfecho,Insatisfecho,Satisfecho,Satisfecho,Satisfecho,Satisfecho,Satisfecho,Satisfecho,Muy satisfecho,Muy satisfecho,10 (Promoter),
ssBBQt0T,,,COMPLETED,https://survey.zohopublic.com/zs/bBC5oY,"abr. 23, 2026 01:19:21 a. m.","abr. 23, 2026 01:21:33 a. m.",2 mins 11 secs ,Public collector,9,100,Comunicación,En búsqueda de empleo,,Muy satisfecho,Muy satisfecho,Muy satisfecho,Satisfecho,Muy satisfecho,Satisfecho,Muy satisfecho,Muy satisfecho,Totalmente satisfecho,Satisfecho,Satisfecho,Satisfecho,Satisfecho,Satisfecho,Satisfecho,Muy satisfecho,Satisfecho,Muy satisfecho,Muy satisfecho,Satisfecho,Satisfecho,Satisfecho,Satisfecho,Totalmente satisfecho,Muy satisfecho,No conozco,Satisfecho,No utilizo,Muy satisfecho,Satisfecho,Satisfecho,Muy satisfecho,Satisfecho,Satisfecho,Satisfecho,Muy satisfecho,Satisfecho,Satisfecho,Muy satisfecho,Satisfecho,Satisfecho,Totalmente satisfecho,9 (Promoter),
a6tp3cyd,,,COMPLETED,https://survey.zohopublic.com/zs/bBC5oY,"may. 14, 2026 05:54:56 p. m.","may. 14, 2026 06:05:55 p. m.",10 mins 58 secs ,Public collector,9,100,Ingeniería Industrial,En búsqueda de empleo,,Muy satisfecho,Muy satisfecho,Muy satisfecho,Muy satisfecho,Muy satisfecho,Muy satisfecho,Muy satisfecho,Muy satisfecho,No utilizo,Satisfecho,Satisfecho,Satisfecho,Satisfecho,Muy satisfecho,Muy satisfecho,Muy satisfecho,Muy satisfecho,Muy satisfecho,Muy satisfecho,Muy satisfecho,Satisfecho,Satisfecho,Satisfecho,Satisfecho,Satisfecho,Satisfecho,Satisfecho,Muy satisfecho,Muy satisfecho,Satisfecho,Satisfecho,Muy satisfecho,Muy satisfecho,Muy satisfecho,Muy satisfecho,Satisfecho,Satisfecho,Satisfecho,Totalmente insatisfecho,Satisfecho,Totalmente satisfecho,Totalmente satisfecho,9 (Promoter),
xhCZ1X1i,,,COMPLETED,https://survey.zohopublic.com/zs/bBC5oY,"may. 14, 2026 05:55:08 p. m.","may. 14, 2026 05:57:49 p. m.",2 mins 41 secs ,Public collector,9,100,Ingeniería Industrial,Trabajador dependiente,Tiempo completo,Muy satisfecho,Totalmente satisfecho,Totalmente satisfecho,Totalmente satisfecho,Totalmente satisfecho,Muy satisfecho,Totalmente satisfecho,Totalmente satisfecho,Totalmente satisfecho,Muy satisfecho,Satisfecho,Satisfecho,Satisfecho,Satisfecho,Satisfecho,Satisfecho,Satisfecho,Totalmente satisfecho,Totalmente satisfecho,Totalmente satisfecho,Totalmente satisfecho,Totalmente satisfecho,Totalmente satisfecho,Totalmente satisfecho,Totalmente satisfecho,Totalmente satisfecho,Totalmente satisfecho,Totalmente satisfecho,Totalmente satisfecho,Totalmente satisfecho,Totalmente satisfecho,Muy satisfecho,Totalmente satisfecho,Totalmente satisfecho,Totalmente satisfecho,Insatisfecho,Muy satisfecho,Insatisfecho,Insatisfecho,Insatisfecho,Totalmente satisfecho,Totalmente satisfecho,9 (Promoter),
LIC5h64Q,,,COMPLETED,https://survey.zohopublic.com/zs/bBC5oY,"may. 14, 2026 05:55:12 p. m.","may. 14, 2026 06:02:21 p. m.",7 mins 9 secs ,Public collector,10,100,Ingeniería Industrial,Prácticas profesionales,,Satisfecho,Satisfecho,Satisfecho,Satisfecho,Satisfecho,Muy satisfecho,Satisfecho,Satisfecho,No utilizo,Satisfecho,Satisfecho,Satisfecho,Satisfecho,Satisfecho,Satisfecho,Satisfecho,Satisfecho,Satisfecho,Satisfecho,Satisfecho,Satisfecho,Satisfecho,Satisfecho,Satisfecho,Satisfecho,Satisfecho,Satisfecho,Satisfecho,Satisfecho,Satisfecho,Muy satisfecho,Muy satisfecho,Muy satisfecho,Muy satisfecho,Muy satisfecho,Satisfecho,Satisfecho,Satisfecho,Insatisfecho,Insatisfecho,Muy satisfecho,Muy satisfecho,10 (Promoter),
rRzV96oA,,,COMPLETED,https://survey.zohopublic.com/zs/bBC5oY,"may. 14, 2026 05:56:26 p. m.","may. 14, 2026 06:04:18 p. m.",7 mins 52 secs ,Public collector,10,100,Ingeniería Ambiental,Prácticas profesionales,,Totalmente satisfecho,Totalmente satisfecho,Totalmente satisfecho,Totalmente satisfecho,Totalmente satisfecho,Totalmente satisfecho,Totalmente satisfecho,Totalmente satisfecho,Muy satisfecho,Totalmente satisfecho,Totalmente satisfecho,Totalmente satisfecho,Totalmente satisfecho,Totalmente satisfecho,Totalmente satisfecho,Totalmente satisfecho,Totalmente satisfecho,Totalmente satisfecho,Totalmente satisfecho,Totalmente satisfecho,Totalmente satisfecho,Muy satisfecho,Totalmente satisfecho,Totalmente satisfecho,Totalmente satisfecho,Totalmente satisfecho,Totalmente satisfecho,Totalmente satisfecho,Totalmente satisfecho,Muy satisfecho,Totalmente satisfecho,Totalmente satisfecho,Totalmente satisfecho,Totalmente satisfecho,Totalmente satisfecho,Totalmente satisfecho,Totalmente satisfecho,Totalmente satisfecho,Totalmente satisfecho,Totalmente satisfecho,Totalmente satisfecho,Totalmente satisfecho,10 (Promoter),
WMtiv6m9,,,COMPLETED,https://survey.zohopublic.com/zs/bBC5oY,"may. 14, 2026 05:56:47 p. m.","may. 14, 2026 06:20:22 p. m.",23 mins 35 secs ,Public collector,8,0,Ingeniería Industrial,Prácticas profesionales,,Satisfecho,Satisfecho,Satisfecho,Satisfecho,Satisfecho,Satisfecho,Satisfecho,Satisfecho,Insatisfecho,Satisfecho,Satisfecho,Satisfecho,Satisfecho,Satisfecho,Satisfecho,Satisfecho,Satisfecho,Satisfecho,Muy satisfecho,Muy satisfecho,Muy satisfecho,Satisfecho,Satisfecho,Satisfecho,Satisfecho,Satisfecho,No utilizo,No utilizo,No utilizo,No utilizo,Insatisfecho,Muy satisfecho,Muy satisfecho,Muy satisfecho,Satisfecho,Satisfecho,Satisfecho,Satisfecho,Satisfecho,Satisfecho,Satisfecho,Satisfecho,8 (Passive),bolsa trabajo limitada
9mC2ufju,,,COMPLETED,https://survey.zohopublic.com/zs/bBC5oY,"may. 14, 2026 05:56:47 p. m.","may. 14, 2026 06:03:35 p. m.",6 mins 48 secs ,Public collector,9,100,Ingeniería Industrial,Prácticas pre - profesionales,,Muy satisfecho,Muy satisfecho,Muy satisfecho,Satisfecho,Satisfecho,Satisfecho,Satisfecho,Satisfecho,Satisfecho,Satisfecho,Satisfecho,Satisfecho,Satisfecho,Satisfecho,Satisfecho,Satisfecho,Satisfecho,Muy satisfecho,Muy satisfecho,Muy satisfecho,Muy satisfecho,Satisfecho,Satisfecho,Satisfecho,Satisfecho,Satisfecho,Satisfecho,Satisfecho,Satisfecho,Satisfecho,Satisfecho,Satisfecho,Satisfecho,Satisfecho,Satisfecho,Satisfecho,Satisfecho,Satisfecho,Satisfecho,Satisfecho,Muy satisfecho,Muy satisfecho,9 (Promoter),
jZDFM0ev,,,COMPLETED,https://survey.zohopublic.com/zs/bBC5oY,"may. 14, 2026 05:57:14 p. m.","may. 14, 2026 06:07:26 p. m.",10 mins 11 secs ,Public collector,9,100,Ingeniería Industrial,En búsqueda de empleo,,Satisfecho,Satisfecho,Satisfecho,Totalmente satisfecho,Satisfecho,Muy satisfecho,Muy satisfecho,Satisfecho,No utilizo,Satisfecho,Muy satisfecho,Muy satisfecho,Muy satisfecho,Satisfecho,Satisfecho,Satisfecho,Muy satisfecho,Muy satisfecho,Satisfecho,Satisfecho,Insatisfecho,Satisfecho,Muy satisfecho,Satisfecho,Satisfecho,No utilizo,Muy satisfecho,No utilizo,No utilizo,No utilizo,Insatisfecho,Muy satisfecho,Totalmente satisfecho,Totalmente satisfecho,Muy satisfecho,Muy satisfecho,Muy satisfecho,Muy satisfecho,Muy satisfecho,Satisfecho,Satisfecho,Muy satisfecho,9 (Promoter),
PiBh9Gva,,,COMPLETED,https://survey.zohopublic.com/zs/bBC5oY,"may. 14, 2026 05:57:19 p. m.","may. 14, 2026 06:00:19 p. m.",3 mins ,Public collector,10,100,Ingeniería Industrial,Prácticas profesionales,,Totalmente satisfecho,Totalmente satisfecho,Totalmente satisfecho,Totalmente satisfecho,Totalmente satisfecho,Totalmente satisfecho,Totalmente satisfecho,Totalmente satisfecho,Totalmente satisfecho,Totalmente satisfecho,Totalmente satisfecho,Totalmente satisfecho,Totalmente satisfecho,Totalmente satisfecho,Totalmente satisfecho,Totalmente satisfecho,Totalmente satisfecho,Totalmente satisfecho,Totalmente satisfecho,Totalmente satisfecho,Totalmente satisfecho,Totalmente satisfecho,Totalmente satisfecho,Totalmente satisfecho,Totalmente satisfecho,Totalmente satisfecho,Totalmente satisfecho,Totalmente satisfecho,Totalmente satisfecho,Totalmente satisfecho,Totalmente satisfecho,Totalmente satisfecho,Totalmente satisfecho,Totalmente satisfecho,Totalmente satisfecho,Totalmente satisfecho,Totalmente satisfecho,Totalmente satisfecho,Totalmente satisfecho,Totalmente satisfecho,Totalmente satisfecho,Totalmente satisfecho,10 (Promoter),
4GC2ZhWP,,,COMPLETED,https://survey.zohopublic.com/zs/bBC5oY,"may. 14, 2026 05:57:44 p. m.","may. 14, 2026 06:09:49 p. m.",12 mins 4 secs ,Public collector,10,100,Ingeniería Industrial,Prácticas profesionales,,Muy satisfecho,Satisfecho,Muy satisfecho,Muy satisfecho,Muy satisfecho,Totalmente satisfecho,Totalmente satisfecho,Muy satisfecho,Muy satisfecho,Muy satisfecho,Muy satisfecho,Muy satisfecho,Muy satisfecho,Muy satisfecho,Muy satisfecho,Muy satisfecho,Muy satisfecho,Totalmente satisfecho,Muy satisfecho,Muy satisfecho,Muy satisfecho,Totalmente satisfecho,Muy satisfecho,Totalmente satisfecho,Totalmente satisfecho,Muy satisfecho,Totalmente satisfecho,Totalmente satisfecho,Totalmente satisfecho,Totalmente satisfecho,Totalmente satisfecho,Totalmente satisfecho,Totalmente satisfecho,Totalmente satisfecho,Totalmente satisfecho,Totalmente satisfecho,Totalmente satisfecho,Totalmente satisfecho,Totalmente satisfecho,Totalmente satisfecho,Totalmente satisfecho,Totalmente satisfecho,10 (Promoter),
7gzP85Id,,,COMPLETED,https://survey.zohopublic.com/zs/bBC5oY,"may. 14, 2026 05:57:55 p. m.","may. 14, 2026 06:18:04 p. m.",20 mins 9 secs ,Public collector,9,100,Ingeniería Industrial,Prácticas profesionales,,Muy satisfecho,Muy satisfecho,Totalmente satisfecho,Totalmente satisfecho,Muy satisfecho,Satisfecho,Muy satisfecho,Satisfecho,No utilizo,Satisfecho,Satisfecho,Satisfecho,Satisfecho,Satisfecho,Satisfecho,Satisfecho,Satisfecho,Muy satisfecho,Muy satisfecho,Satisfecho,Muy satisfecho,Satisfecho,Satisfecho,Muy satisfecho,Satisfecho,Satisfecho,Satisfecho,Satisfecho,Satisfecho,Satisfecho,Satisfecho,Satisfecho,Satisfecho,Satisfecho,Satisfecho,Satisfecho,Satisfecho,Satisfecho,Satisfecho,Satisfecho,Satisfecho,Satisfecho,9 (Promoter),
4UDFm73a,,,COMPLETED,https://survey.zohopublic.com/zs/bBC5oY,"may. 14, 2026 05:58:55 p. m.","may. 14, 2026 06:05:17 p. m.",6 mins 21 secs ,Public collector,10,100,Ingeniería Industrial,Prácticas profesionales,,Muy satisfecho,Muy satisfecho,Muy satisfecho,Muy satisfecho,Muy satisfecho,Muy satisfecho,Muy satisfecho,Muy satisfecho,Muy satisfecho,Muy satisfecho,Muy satisfecho,Muy satisfecho,Muy satisfecho,Muy satisfecho,Muy satisfecho,Muy satisfecho,Muy satisfecho,Muy satisfecho,Muy satisfecho,Muy satisfecho,Muy satisfecho,Muy satisfecho,Muy satisfecho,Muy satisfecho,Muy satisfecho,Muy satisfecho,Muy satisfecho,Muy satisfecho,Muy satisfecho,Muy satisfecho,Muy satisfecho,Muy satisfecho,Muy satisfecho,Muy satisfecho,Muy satisfecho,Muy satisfecho,Muy satisfecho,Muy satisfecho,Muy satisfecho,Muy satisfecho,Muy satisfecho,Totalmente satisfecho,10 (Promoter),
Hbtfjnn6,,,COMPLETED,https://survey.zohopublic.com/zs/bBC5oY,"may. 14, 2026 05:59:19 p. m.","may. 14, 2026 06:03:30 p. m.",4 mins 10 secs ,Public collector,9,100,Ingeniería Industrial,Trabajador dependiente,Tiempo completo,Satisfecho,Satisfecho,Satisfecho,Satisfecho,Satisfecho,Satisfecho,Satisfecho,Satisfecho,No utilizo,Satisfecho,Satisfecho,Satisfecho,Satisfecho,Satisfecho,Satisfecho,Satisfecho,Satisfecho,Satisfecho,Satisfecho,Satisfecho,Muy satisfecho,Satisfecho,Satisfecho,Satisfecho,Satisfecho,Satisfecho,Satisfecho,Satisfecho,Satisfecho,Satisfecho,Satisfecho,Satisfecho,Satisfecho,Satisfecho,Satisfecho,Satisfecho,Muy satisfecho,Satisfecho,Satisfecho,Satisfecho,Satisfecho,Satisfecho,9 (Promoter),
vpBBwHCY,,,COMPLETED,https://survey.zohopublic.com/zs/bBC5oY,"may. 14, 2026 05:59:22 p. m.","may. 14, 2026 06:04:32 p. m.",5 mins 10 secs ,Public collector,4,0,Ingeniería Industrial,En búsqueda de empleo,,Satisfecho,Satisfecho,Satisfecho,Satisfecho,Satisfecho,Satisfecho,Satisfecho,Satisfecho,Insatisfecho,Satisfecho,Satisfecho,Satisfecho,Satisfecho,Satisfecho,Satisfecho,Satisfecho,Insatisfecho,Satisfecho,Satisfecho,Insatisfecho,Insatisfecho,Satisfecho,Insatisfecho,Insatisfecho,Satisfecho,Satisfecho,Totalmente insatisfecho,Insatisfecho,No conozco,No conozco,Insatisfecho,Satisfecho,Satisfecho,Insatisfecho,Satisfecho,Insatisfecho,Satisfecho,Satisfecho,Insatisfecho,Insatisfecho,Muy satisfecho,Satisfecho,4 (Detractor),Siento que hay mucho alumnado
u5BhVeHm,,,COMPLETED,https://survey.zohopublic.com/zs/bBC5oY,"may. 14, 2026 05:59:28 p. m.","may. 14, 2026 06:03:12 p. m.",3 mins 44 secs ,Public collector,10,100,Ingeniería Industrial,En búsqueda de empleo,,Totalmente satisfecho,Totalmente satisfecho,Totalmente satisfecho,Totalmente satisfecho,Totalmente satisfecho,Totalmente satisfecho,Totalmente satisfecho,Totalmente satisfecho,No conozco,Totalmente satisfecho,Totalmente satisfecho,Totalmente satisfecho,Muy satisfecho,Totalmente satisfecho,Muy satisfecho,Muy satisfecho,Muy satisfecho,Muy satisfecho,Totalmente satisfecho,Totalmente satisfecho,Totalmente satisfecho,Totalmente satisfecho,Totalmente satisfecho,Totalmente satisfecho,Totalmente satisfecho,Totalmente satisfecho,Totalmente satisfecho,Totalmente satisfecho,No conozco,No conozco,Totalmente satisfecho,Totalmente satisfecho,Satisfecho,Totalmente satisfecho,Totalmente satisfecho,Totalmente satisfecho,Totalmente satisfecho,Totalmente satisfecho,Totalmente satisfecho,Totalmente satisfecho,Totalmente satisfecho,Totalmente satisfecho,10 (Promoter),
f6C2blgz,,,COMPLETED,https://survey.zohopublic.com/zs/bBC5oY,"may. 14, 2026 05:59:35 p. m.","may. 14, 2026 06:04:30 p. m.",4 mins 55 secs ,Public collector,10,100,Ingeniería Industrial,Trabajador dependiente,Tiempo completo,Muy satisfecho,Totalmente satisfecho,Totalmente satisfecho,Totalmente satisfecho,Totalmente satisfecho,Totalmente satisfecho,Totalmente satisfecho,Totalmente satisfecho,Totalmente satisfecho,Totalmente satisfecho,Totalmente satisfecho,Totalmente satisfecho,Totalmente satisfecho,Totalmente satisfecho,Totalmente satisfecho,Totalmente satisfecho,Totalmente satisfecho,Totalmente satisfecho,Totalmente satisfecho,Totalmente satisfecho,Totalmente satisfecho,Totalmente satisfecho,Totalmente satisfecho,Totalmente satisfecho,Totalmente satisfecho,Satisfecho,Totalmente satisfecho,Totalmente satisfecho,Totalmente satisfecho,Satisfecho,Totalmente satisfecho,Totalmente satisfecho,Totalmente satisfecho,Totalmente satisfecho,Totalmente satisfecho,Totalmente satisfecho,Totalmente satisfecho,Totalmente satisfecho,Totalmente satisfecho,Totalmente satisfecho,Totalmente satisfecho,Totalmente satisfecho,10 (Promoter),
qdDFGCbW,,,COMPLETED,https://survey.zohopublic.com/zs/bBC5oY,"may. 14, 2026 05:59:39 p. m.","may. 14, 2026 06:04:25 p. m.",4 mins 45 secs ,Public collector,10,100,Ingeniería Industrial,Trabajador dependiente,Tiempo completo,Totalmente satisfecho,Muy satisfecho,Totalmente satisfecho,Totalmente satisfecho,Muy satisfecho,Totalmente satisfecho,Totalmente satisfecho,Totalmente satisfecho,Satisfecho,Muy satisfecho,Totalmente satisfecho,Totalmente satisfecho,Totalmente satisfecho,Totalmente satisfecho,Totalmente satisfecho,Totalmente satisfecho,Totalmente satisfecho,Totalmente satisfecho,Totalmente satisfecho,Totalmente satisfecho,Totalmente satisfecho,Totalmente satisfecho,Totalmente satisfecho,Totalmente satisfecho,Totalmente satisfecho,Totalmente satisfecho,Totalmente satisfecho,Totalmente satisfecho,Totalmente satisfecho,Totalmente satisfecho,Totalmente satisfecho,Totalmente satisfecho,Totalmente satisfecho,Totalmente satisfecho,Totalmente satisfecho,Totalmente satisfecho,Totalmente satisfecho,Totalmente satisfecho,Totalmente satisfecho,Totalmente satisfecho,Totalmente satisfecho,Totalmente satisfecho,10 (Promoter),
Ymz201OQ,,,COMPLETED,https://survey.zohopublic.com/zs/bBC5oY,"may. 14, 2026 05:59:42 p. m.","may. 14, 2026 06:02:40 p. m.",2 mins 57 secs ,Public collector,10,100,Ingeniería Industrial,Trabajador dependiente,Tiempo completo,Totalmente satisfecho,Totalmente satisfecho,Totalmente satisfecho,Totalmente satisfecho,Totalmente satisfecho,Totalmente satisfecho,Totalmente satisfecho,Totalmente satisfecho,Totalmente satisfecho,Totalmente satisfecho,Totalmente satisfecho,Totalmente satisfecho,Totalmente satisfecho,Totalmente satisfecho,Totalmente satisfecho,Totalmente satisfecho,Totalmente satisfecho,Totalmente satisfecho,Muy satisfecho,Totalmente satisfecho,Totalmente satisfecho,Totalmente satisfecho,Totalmente satisfecho,Totalmente satisfecho,Totalmente satisfecho,Totalmente satisfecho,Totalmente satisfecho,Totalmente satisfecho,Totalmente satisfecho,Totalmente satisfecho,Totalmente satisfecho,Totalmente satisfecho,Totalmente satisfecho,Totalmente satisfecho,Totalmente satisfecho,Totalmente satisfecho,Totalmente satisfecho,Totalmente satisfecho,Totalmente satisfecho,Totalmente satisfecho,Totalmente satisfecho,Totalmente satisfecho,10 (Promoter),
hxj2SwR1,,,COMPLETED,https://survey.zohopublic.com/zs/bBC5oY,"may. 14, 2026 05:59:44 p. m.","may. 14, 2026 06:05:10 p. m.",5 mins 25 secs ,Public collector,10,100,Ingeniería Industrial,Prácticas pre - profesionales,,Totalmente satisfecho,Muy satisfecho,Muy satisfecho,Totalmente satisfecho,Totalmente satisfecho,Totalmente satisfecho,Totalmente satisfecho,Totalmente satisfecho,Totalmente satisfecho,Totalmente satisfecho,Totalmente satisfecho,Totalmente satisfecho,Totalmente satisfecho,Totalmente satisfecho,Totalmente satisfecho,Totalmente satisfecho,Totalmente satisfecho,Muy satisfecho,Totalmente satisfecho,Totalmente satisfecho,Totalmente satisfecho,Totalmente satisfecho,Totalmente satisfecho,Totalmente satisfecho,Totalmente satisfecho,Totalmente satisfecho,Totalmente satisfecho,Totalmente satisfecho,Totalmente satisfecho,Totalmente satisfecho,Totalmente satisfecho,Totalmente satisfecho,Totalmente satisfecho,Totalmente satisfecho,Totalmente satisfecho,Totalmente satisfecho,Totalmente satisfecho,Totalmente satisfecho,Totalmente satisfecho,Totalmente satisfecho,Totalmente satisfecho,Totalmente satisfecho,10 (Promoter),
sBDFWMhW,,,COMPLETED,https://survey.zohopublic.com/zs/bBC5oY,"may. 14, 2026 06:00:14 p. m.","may. 14, 2026 06:05:33 p. m.",5 mins 19 secs ,Public collector,10,100,Ingeniería Industrial,Prácticas pre - profesionales,,Muy satisfecho,Muy satisfecho,Muy satisfecho,Muy satisfecho,Muy satisfecho,Satisfecho,Totalmente satisfecho,Totalmente satisfecho,No conozco,Totalmente satisfecho,Muy satisfecho,Muy satisfecho,Muy satisfecho,Muy satisfecho,Muy satisfecho,Muy satisfecho,Satisfecho,Muy satisfecho,Muy satisfecho,Muy satisfecho,Totalmente satisfecho,Satisfecho,Totalmente satisfecho,Muy satisfecho,Muy satisfecho,No utilizo,Satisfecho,No utilizo,No utilizo,No utilizo,Satisfecho,Totalmente satisfecho,Totalmente satisfecho,Totalmente satisfecho,Totalmente satisfecho,Totalmente satisfecho,Totalmente satisfecho,Totalmente satisfecho,Muy satisfecho,Muy satisfecho,Muy satisfecho,Totalmente satisfecho,10 (Promoter),
WdBRNyIX,,,COMPLETED,https://survey.zohopublic.com/zs/bBC5oY,"may. 14, 2026 06:01:08 p. m.","may. 14, 2026 06:05:33 p. m.",4 mins 25 secs ,Public collector,10,100,Ingeniería Industrial,Prácticas profesionales,,Muy satisfecho,Muy satisfecho,Muy satisfecho,Muy satisfecho,Muy satisfecho,Muy satisfecho,Muy satisfecho,Muy satisfecho,Muy satisfecho,Muy satisfecho,Muy satisfecho,Muy satisfecho,Muy satisfecho,Muy satisfecho,Muy satisfecho,Muy satisfecho,Muy satisfecho,Muy satisfecho,Muy satisfecho,Muy satisfecho,Satisfecho,Muy satisfecho,Muy satisfecho,Muy satisfecho,Muy satisfecho,Muy satisfecho,Muy satisfecho,Muy satisfecho,Muy satisfecho,Muy satisfecho,Muy satisfecho,Muy satisfecho,Satisfecho,Muy satisfecho,Muy satisfecho,Muy satisfecho,Muy satisfecho,Muy satisfecho,Muy satisfecho,Satisfecho,Satisfecho,Muy satisfecho,10 (Promoter),
bnBhtpow,,,COMPLETED,https://survey.zohopublic.com/zs/bBC5oY,"may. 14, 2026 06:01:26 p. m.","may. 14, 2026 06:04:02 p. m.",2 mins 36 secs ,Public collector,9,100,Ingeniería Industrial,Trabajador dependiente,Tiempo completo,Satisfecho,Satisfecho,Satisfecho,Satisfecho,Satisfecho,Satisfecho,Satisfecho,Satisfecho,Muy satisfecho,Satisfecho,Satisfecho,Satisfecho,Satisfecho,Satisfecho,Satisfecho,Satisfecho,Satisfecho,Satisfecho,Muy satisfecho,Muy satisfecho,Muy satisfecho,Muy satisfecho,Muy satisfecho,Muy satisfecho,Muy satisfecho,Satisfecho,Satisfecho,Satisfecho,Satisfecho,Satisfecho,Satisfecho,Satisfecho,Satisfecho,Satisfecho,Satisfecho,Satisfecho,Satisfecho,Satisfecho,Insatisfecho,Satisfecho,Satisfecho,Muy satisfecho,9 (Promoter),
SxDB9VRI,,,COMPLETED,https://survey.zohopublic.com/zs/bBC5oY,"may. 14, 2026 06:01:35 p. m.","may. 14, 2026 06:07:38 p. m.",6 mins 3 secs ,Public collector,10,100,Ingeniería Industrial,Prácticas profesionales,,Muy satisfecho,Muy satisfecho,Muy satisfecho,Totalmente satisfecho,Muy satisfecho,Totalmente satisfecho,Muy satisfecho,Insatisfecho,No utilizo,Muy satisfecho,Muy satisfecho,Muy satisfecho,Muy satisfecho,Muy satisfecho,Muy satisfecho,Muy satisfecho,Muy satisfecho,Muy satisfecho,Muy satisfecho,Muy satisfecho,Muy satisfecho,Muy satisfecho,Muy satisfecho,Muy satisfecho,Muy satisfecho,Muy satisfecho,Muy satisfecho,Muy satisfecho,Muy satisfecho,Muy satisfecho,Totalmente satisfecho,Muy satisfecho,Muy satisfecho,Muy satisfecho,Muy satisfecho,Muy satisfecho,Insatisfecho,Muy satisfecho,Totalmente satisfecho,Totalmente satisfecho,Totalmente satisfecho,Totalmente satisfecho,10 (Promoter),
ktDFGHo1,,,COMPLETED,https://survey.zohopublic.com/zs/bBC5oY,"may. 14, 2026 06:01:36 p. m.","may. 14, 2026 06:10:43 p. m.",9 mins 7 secs ,Public collector,10,100,Ingeniería Industrial,Trabajador dependiente,Tiempo completo,Muy satisfecho,Muy satisfecho,Satisfecho,Totalmente satisfecho,Satisfecho,Totalmente satisfecho,Satisfecho,Muy satisfecho,No conozco,Muy satisfecho,Muy satisfecho,Muy satisfecho,Muy satisfecho,Muy satisfecho,Muy satisfecho,Muy satisfecho,Muy satisfecho,Totalmente satisfecho,Totalmente satisfecho,Totalmente satisfecho,Totalmente satisfecho,Muy satisfecho,Muy satisfecho,Muy satisfecho,Muy satisfecho,No conozco,Satisfecho,Satisfecho,Satisfecho,Satisfecho,Totalmente satisfecho,Totalmente satisfecho,Totalmente satisfecho,Totalmente satisfecho,Totalmente satisfecho,Satisfecho,Muy satisfecho,Muy satisfecho,Muy satisfecho,Muy satisfecho,Totalmente satisfecho,Totalmente satisfecho,10 (Promoter),
ySDFlUrt,,,COMPLETED,https://survey.zohopublic.com/zs/bBC5oY,"may. 14, 2026 06:01:56 p. m.","may. 14, 2026 06:09:31 p. m.",7 mins 34 secs ,Public collector,8,0,Ingeniería Industrial,Prácticas profesionales,,Satisfecho,Muy satisfecho,Satisfecho,Muy satisfecho,Satisfecho,Satisfecho,Satisfecho,Satisfecho,Satisfecho,Satisfecho,Satisfecho,Muy satisfecho,Muy satisfecho,Satisfecho,Satisfecho,Satisfecho,Insatisfecho,Satisfecho,Satisfecho,Satisfecho,Satisfecho,Satisfecho,Satisfecho,Satisfecho,Satisfecho,Satisfecho,Satisfecho,Satisfecho,Satisfecho,Satisfecho,Satisfecho,Satisfecho,Satisfecho,Satisfecho,Satisfecho,Satisfecho,Satisfecho,Satisfecho,Satisfecho,Satisfecho,Satisfecho,Satisfecho,8 (Passive),Le falta áreas verdes
UoBB4lpb,,,COMPLETED,https://survey.zohopublic.com/zs/bBC5oY,"may. 14, 2026 06:02:05 p. m.","may. 14, 2026 06:12:38 p. m.",10 mins 33 secs ,Public collector,9,100,Ingeniería Industrial,Trabajador dependiente,Tiempo completo,Muy satisfecho,Muy satisfecho,Totalmente satisfecho,Totalmente satisfecho,Totalmente satisfecho,Muy satisfecho,Totalmente satisfecho,Totalmente satisfecho,No conozco,Muy satisfecho,Muy satisfecho,Muy satisfecho,Muy satisfecho,Muy satisfecho,Muy satisfecho,Muy satisfecho,Muy satisfecho,Satisfecho,Satisfecho,Satisfecho,Satisfecho,Satisfecho,Muy satisfecho,Totalmente satisfecho,Totalmente satisfecho,Satisfecho,Satisfecho,Muy satisfecho,Muy satisfecho,Muy satisfecho,Totalmente satisfecho,Muy satisfecho,Totalmente satisfecho,Totalmente satisfecho,Totalmente satisfecho,Satisfecho,Satisfecho,Muy satisfecho,Muy satisfecho,Muy satisfecho,Muy satisfecho,Muy satisfecho,9 (Promoter),
aatPktCL,,,COMPLETED,https://survey.zohopublic.com/zs/bBC5oY,"may. 14, 2026 06:02:16 p. m.","may. 14, 2026 06:04:15 p. m.",1 min 59 secs ,Public collector,10,100,Ingeniería Industrial,Trabajador dependiente,Tiempo completo,Muy satisfecho,Muy satisfecho,Muy satisfecho,Muy satisfecho,Muy satisfecho,Satisfecho,Muy satisfecho,Muy satisfecho,Insatisfecho,Muy satisfecho,Satisfecho,Muy satisfecho,Muy satisfecho,Muy satisfecho,Muy satisfecho,Muy satisfecho,Muy satisfecho,Muy satisfecho,Muy satisfecho,Satisfecho,Muy satisfecho,Satisfecho,Satisfecho,Muy satisfecho,Muy satisfecho,Satisfecho,Totalmente satisfecho,Muy satisfecho,Satisfecho,Satisfecho,Muy satisfecho,Totalmente satisfecho,Muy satisfecho,Muy satisfecho,Totalmente satisfecho,Satisfecho,Totalmente satisfecho,Totalmente satisfecho,Totalmente satisfecho,Totalmente satisfecho,Totalmente satisfecho,Totalmente satisfecho,10 (Promoter),
0IDFkOXR,,,COMPLETED,https://survey.zohopublic.com/zs/bBC5oY,"may. 14, 2026 06:02:17 p. m.","may. 14, 2026 06:07:50 p. m.",5 mins 33 secs ,Public collector,10,100,Ingeniería Industrial,Prácticas pre - profesionales,,Totalmente satisfecho,Totalmente satisfecho,Totalmente satisfecho,Totalmente satisfecho,Totalmente satisfecho,Totalmente satisfecho,Totalmente satisfecho,Totalmente satisfecho,No utilizo,Totalmente satisfecho,Totalmente satisfecho,Totalmente satisfecho,Muy satisfecho,Totalmente satisfecho,Muy satisfecho,Muy satisfecho,Satisfecho,Muy satisfecho,Muy satisfecho,Muy satisfecho,Totalmente satisfecho,Muy satisfecho,Muy satisfecho,Muy satisfecho,Muy satisfecho,No utilizo,Satisfecho,No utilizo,No utilizo,No utilizo,Satisfecho,Totalmente satisfecho,Totalmente satisfecho,Muy satisfecho,Muy satisfecho,Muy satisfecho,Muy satisfecho,Totalmente satisfecho,Totalmente satisfecho,Muy satisfecho,Totalmente satisfecho,Totalmente satisfecho,10 (Promoter),
WUBnwh6s,,,COMPLETED,https://survey.zohopublic.com/zs/bBC5oY,"may. 14, 2026 06:02:22 p. m.","may. 14, 2026 06:08:15 p. m.",5 mins 52 secs ,Public collector,9,100,Ingeniería Industrial,En búsqueda de empleo,,Satisfecho,Insatisfecho,Insatisfecho,Satisfecho,Insatisfecho,Satisfecho,Satisfecho,Satisfecho,No conozco,Satisfecho,Muy satisfecho,Muy satisfecho,Muy satisfecho,Satisfecho,Muy satisfecho,Muy satisfecho,Totalmente satisfecho,Totalmente satisfecho,Totalmente satisfecho,Totalmente satisfecho,Muy satisfecho,Muy satisfecho,Satisfecho,Totalmente insatisfecho,Insatisfecho,No utilizo,No utilizo,No utilizo,No utilizo,Satisfecho,Satisfecho,Satisfecho,Satisfecho,Satisfecho,Satisfecho,Satisfecho,Satisfecho,Satisfecho,Satisfecho,Insatisfecho,Satisfecho,Muy satisfecho,9 (Promoter),
LpBBuB9d,,,COMPLETED,https://survey.zohopublic.com/zs/bBC5oY,"may. 14, 2026 06:02:22 p. m.","may. 14, 2026 06:07:33 p. m.",5 mins 11 secs ,Public collector,10,100,Ingeniería Industrial,Prácticas profesionales,,Totalmente satisfecho,Totalmente satisfecho,Totalmente satisfecho,Muy satisfecho,Muy satisfecho,Muy satisfecho,Muy satisfecho,Totalmente satisfecho,No conozco,Totalmente satisfecho,Muy satisfecho,Muy satisfecho,Muy satisfecho,Muy satisfecho,Muy satisfecho,Muy satisfecho,Muy satisfecho,Totalmente satisfecho,Muy satisfecho,Muy satisfecho,Muy satisfecho,Muy satisfecho,Muy satisfecho,Totalmente satisfecho,Totalmente satisfecho,Totalmente satisfecho,Satisfecho,No utilizo,No utilizo,No utilizo,Totalmente satisfecho,Muy satisfecho,Totalmente satisfecho,Muy satisfecho,Totalmente satisfecho,Satisfecho,Satisfecho,Satisfecho,Satisfecho,Satisfecho,Totalmente satisfecho,Totalmente satisfecho,10 (Promoter),
aMBn7Zhj,,,COMPLETED,https://survey.zohopublic.com/zs/bBC5oY,"may. 14, 2026 06:02:26 p. m.","may. 14, 2026 08:04:18 p. m.",2 hrs 1 min 51 secs ,Public collector,10,100,Ingeniería Industrial,Trabajador dependiente,Tiempo completo,Totalmente satisfecho,Totalmente satisfecho,Totalmente satisfecho,Totalmente satisfecho,Totalmente satisfecho,Muy satisfecho,Totalmente satisfecho,Totalmente satisfecho,No conozco,Muy satisfecho,Muy satisfecho,Muy satisfecho,Muy satisfecho,Muy satisfecho,Muy satisfecho,Muy satisfecho,Muy satisfecho,Totalmente satisfecho,Totalmente satisfecho,Totalmente satisfecho,Totalmente satisfecho,Totalmente satisfecho,Totalmente satisfecho,Totalmente satisfecho,Totalmente satisfecho,Satisfecho,Muy satisfecho,Satisfecho,Satisfecho,Satisfecho,Totalmente satisfecho,Muy satisfecho,Muy satisfecho,Muy satisfecho,Muy satisfecho,Totalmente satisfecho,Totalmente satisfecho,Totalmente satisfecho,Totalmente satisfecho,Totalmente satisfecho,Totalmente satisfecho,Totalmente satisfecho,10 (Promoter),
JhDB17wI,,,COMPLETED,https://survey.zohopublic.com/zs/bBC5oY,"may. 14, 2026 06:02:32 p. m.","may. 14, 2026 06:06:14 p. m.",3 mins 41 secs ,Public collector,10,100,Ingeniería Industrial,Trabajador dependiente,Tiempo completo,Totalmente satisfecho,Totalmente satisfecho,Totalmente satisfecho,Totalmente satisfecho,Totalmente satisfecho,Totalmente satisfecho,Totalmente satisfecho,Totalmente satisfecho,Totalmente satisfecho,Totalmente satisfecho,Totalmente satisfecho,Totalmente satisfecho,Totalmente satisfecho,Totalmente satisfecho,Totalmente satisfecho,Totalmente satisfecho,Totalmente satisfecho,Totalmente satisfecho,Totalmente satisfecho,Totalmente satisfecho,Totalmente satisfecho,Totalmente satisfecho,Totalmente satisfecho,Totalmente satisfecho,Totalmente satisfecho,Totalmente satisfecho,Totalmente satisfecho,Totalmente satisfecho,Totalmente satisfecho,Totalmente satisfecho,Totalmente satisfecho,Totalmente satisfecho,Totalmente satisfecho,Totalmente satisfecho,Muy satisfecho,Totalmente satisfecho,Muy satisfecho,Totalmente satisfecho,Totalmente satisfecho,Totalmente satisfecho,Totalmente satisfecho,Totalmente satisfecho,10 (Promoter),
Ezthd92n,,,COMPLETED,https://survey.zohopublic.com/zs/bBC5oY,"may. 14, 2026 06:02:42 p. m.","may. 14, 2026 06:06:02 p. m.",3 mins 20 secs ,Public collector,10,100,Ingeniería Industrial,Trabajador dependiente,Tiempo completo,Muy satisfecho,Muy satisfecho,Muy satisfecho,Muy satisfecho,Muy satisfecho,Totalmente satisfecho,Muy satisfecho,Muy satisfecho,Satisfecho,Muy satisfecho,Muy satisfecho,Satisfecho,Muy satisfecho,Muy satisfecho,Totalmente satisfecho,Satisfecho,Satisfecho,Muy satisfecho,Muy satisfecho,Satisfecho,Muy satisfecho,Satisfecho,Satisfecho,Satisfecho,Satisfecho,Muy satisfecho,Satisfecho,Satisfecho,Satisfecho,Satisfecho,Satisfecho,Muy satisfecho,Satisfecho,Totalmente satisfecho,Totalmente satisfecho,Satisfecho,Satisfecho,Totalmente satisfecho,Muy satisfecho,Satisfecho,Totalmente satisfecho,Totalmente satisfecho,10 (Promoter),
kfDBfwAw,,,COMPLETED,https://survey.zohopublic.com/zs/bBC5oY,"may. 14, 2026 06:02:42 p. m.","may. 14, 2026 06:06:31 p. m.",3 mins 49 secs ,Public collector,10,100,Ingeniería Industrial,Trabajador dependiente,Tiempo completo,Totalmente satisfecho,Totalmente satisfecho,Totalmente satisfecho,Totalmente satisfecho,Totalmente satisfecho,Totalmente satisfecho,Totalmente satisfecho,Totalmente satisfecho,Totalmente satisfecho,Totalmente satisfecho,Totalmente satisfecho,Totalmente satisfecho,Totalmente satisfecho,Totalmente satisfecho,Totalmente satisfecho,Totalmente satisfecho,Totalmente satisfecho,Totalmente satisfecho,Totalmente satisfecho,Totalmente satisfecho,Totalmente satisfecho,Totalmente satisfecho,Totalmente satisfecho,Totalmente satisfecho,Totalmente satisfecho,Totalmente satisfecho,Totalmente satisfecho,Totalmente satisfecho,Totalmente satisfecho,Totalmente satisfecho,Totalmente satisfecho,Totalmente satisfecho,Totalmente satisfecho,Totalmente satisfecho,Totalmente satisfecho,Totalmente satisfecho,Totalmente satisfecho,Totalmente satisfecho,Totalmente satisfecho,Totalmente satisfecho,Totalmente satisfecho,Totalmente satisfecho,10 (Promoter),
OYtsTZ8Q,,,COMPLETED,https://survey.zohopublic.com/zs/bBC5oY,"may. 14, 2026 06:03:01 p. m.","may. 14, 2026 06:09:30 p. m.",6 mins 29 secs ,Public collector,10,100,Ingeniería Industrial,Prácticas profesionales,,Totalmente satisfecho,Totalmente satisfecho,Totalmente satisfecho,Totalmente satisfecho,Totalmente satisfecho,Totalmente satisfecho,Totalmente satisfecho,Totalmente satisfecho,No utilizo,Totalmente satisfecho,Totalmente satisfecho,Muy satisfecho,Muy satisfecho,Totalmente satisfecho,Totalmente satisfecho,Totalmente satisfecho,Muy satisfecho,Totalmente satisfecho,Totalmente satisfecho,Muy satisfecho,Muy satisfecho,Muy satisfecho,Muy satisfecho,Muy satisfecho,Muy satisfecho,Muy satisfecho,Muy satisfecho,No utilizo,No utilizo,Totalmente satisfecho,Totalmente satisfecho,Totalmente satisfecho,Totalmente satisfecho,Totalmente satisfecho,Totalmente satisfecho,Totalmente satisfecho,Muy satisfecho,Muy satisfecho,Muy satisfecho,Muy satisfecho,Totalmente satisfecho,Totalmente satisfecho,10 (Promoter),
SFCZnsf8,,,COMPLETED,https://survey.zohopublic.com/zs/bBC5oY,"may. 14, 2026 06:03:08 p. m.","may. 14, 2026 06:07:33 p. m.",4 mins 25 secs ,Public collector,10,100,Ingeniería Industrial,Trabajador dependiente,Tiempo completo,Muy satisfecho,Muy satisfecho,Muy satisfecho,Muy satisfecho,Muy satisfecho,Muy satisfecho,Muy satisfecho,Muy satisfecho,Muy satisfecho,Muy satisfecho,Muy satisfecho,Muy satisfecho,Muy satisfecho,Muy satisfecho,Muy satisfecho,Muy satisfecho,Muy satisfecho,Muy satisfecho,Muy satisfecho,Muy satisfecho,Muy satisfecho,Muy satisfecho,Muy satisfecho,Muy satisfecho,Muy satisfecho,No conozco,Muy satisfecho,Muy satisfecho,Muy satisfecho,No conozco,Muy satisfecho,Muy satisfecho,Muy satisfecho,Muy satisfecho,Muy satisfecho,Muy satisfecho,Muy satisfecho,Muy satisfecho,Muy satisfecho,Muy satisfecho,Muy satisfecho,Muy satisfecho,10 (Promoter),
X0DFGjfW,,,COMPLETED,https://survey.zohopublic.com/zs/bBC5oY,"may. 14, 2026 06:03:10 p. m.","may. 14, 2026 06:11:35 p. m.",8 mins 24 secs ,Public collector,10,100,Ingeniería Industrial,Prácticas profesionales,,Totalmente satisfecho,Totalmente satisfecho,Totalmente satisfecho,Totalmente satisfecho,Totalmente satisfecho,Totalmente satisfecho,Totalmente satisfecho,Totalmente satisfecho,Totalmente satisfecho,Totalmente satisfecho,Totalmente satisfecho,Totalmente satisfecho,Totalmente satisfecho,Totalmente satisfecho,Totalmente satisfecho,Totalmente satisfecho,Totalmente satisfecho,Totalmente satisfecho,Totalmente satisfecho,Totalmente satisfecho,Totalmente satisfecho,Totalmente satisfecho,Totalmente satisfecho,Totalmente satisfecho,Totalmente satisfecho,Totalmente satisfecho,Totalmente satisfecho,Totalmente satisfecho,Totalmente satisfecho,Totalmente satisfecho,Totalmente satisfecho,Totalmente satisfecho,Totalmente satisfecho,Totalmente satisfecho,Totalmente satisfecho,Totalmente satisfecho,Totalmente satisfecho,Totalmente satisfecho,Totalmente satisfecho,Totalmente satisfecho,Totalmente satisfecho,Totalmente satisfecho,10 (Promoter),
s4C2OWTB,,,COMPLETED,https://survey.zohopublic.com/zs/bBC5oY,"may. 14, 2026 06:03:34 p. m.","may. 14, 2026 06:08:43 p. m.",5 mins 9 secs ,Public collector,10,100,Ingeniería Industrial,Trabajador dependiente,Tiempo completo,Muy satisfecho,Muy satisfecho,Muy satisfecho,Muy satisfecho,Totalmente satisfecho,Muy satisfecho,Totalmente satisfecho,Totalmente satisfecho,Totalmente satisfecho,Muy satisfecho,Totalmente satisfecho,Totalmente satisfecho,Totalmente satisfecho,Totalmente satisfecho,Totalmente satisfecho,Totalmente satisfecho,Totalmente satisfecho,Totalmente satisfecho,Totalmente satisfecho,Totalmente satisfecho,Totalmente satisfecho,Muy satisfecho,Muy satisfecho,Muy satisfecho,Muy satisfecho,Muy satisfecho,Muy satisfecho,Muy satisfecho,Totalmente satisfecho,Muy satisfecho,Muy satisfecho,Muy satisfecho,Muy satisfecho,Muy satisfecho,Muy satisfecho,Muy satisfecho,Muy satisfecho,Muy satisfecho,Muy satisfecho,Muy satisfecho,Muy satisfecho,Muy satisfecho,10 (Promoter),
HWzvZyQd,,,COMPLETED,https://survey.zohopublic.com/zs/bBC5oY,"may. 14, 2026 06:03:48 p. m.","may. 14, 2026 06:10:42 p. m.",6 mins 54 secs ,Public collector,10,100,Ingeniería Industrial,Prácticas profesionales,,Totalmente satisfecho,Totalmente satisfecho,Totalmente satisfecho,Totalmente satisfecho,Totalmente satisfecho,Totalmente satisfecho,Totalmente satisfecho,Totalmente satisfecho,Totalmente satisfecho,Totalmente satisfecho,Totalmente satisfecho,Totalmente satisfecho,Totalmente satisfecho,Totalmente satisfecho,Totalmente satisfecho,Totalmente satisfecho,Totalmente satisfecho,Totalmente satisfecho,Totalmente satisfecho,Totalmente satisfecho,Totalmente satisfecho,Totalmente satisfecho,Totalmente satisfecho,Totalmente satisfecho,Totalmente satisfecho,Totalmente satisfecho,Totalmente satisfecho,Totalmente satisfecho,Totalmente satisfecho,Totalmente satisfecho,Totalmente satisfecho,Totalmente satisfecho,Totalmente satisfecho,Totalmente satisfecho,Totalmente satisfecho,Totalmente satisfecho,Totalmente satisfecho,Totalmente satisfecho,Totalmente satisfecho,Totalmente satisfecho,Totalmente satisfecho,Totalmente satisfecho,10 (Promoter),
hXDBRndy,,,COMPLETED,https://survey.zohopublic.com/zs/bBC5oY,"may. 14, 2026 06:04:03 p. m.","may. 14, 2026 06:06:44 p. m.",2 mins 40 secs ,Public collector,10,100,Ingeniería Industrial,Prácticas profesionales,,Totalmente satisfecho,Totalmente satisfecho,Totalmente satisfecho,Totalmente satisfecho,Totalmente satisfecho,Totalmente satisfecho,Totalmente satisfecho,Totalmente satisfecho,Totalmente satisfecho,Totalmente satisfecho,Totalmente satisfecho,Totalmente satisfecho,Totalmente satisfecho,Totalmente satisfecho,Totalmente satisfecho,Totalmente satisfecho,Totalmente satisfecho,Totalmente satisfecho,Totalmente satisfecho,Totalmente satisfecho,Totalmente satisfecho,Totalmente satisfecho,Totalmente satisfecho,Totalmente satisfecho,Totalmente satisfecho,Totalmente satisfecho,Totalmente satisfecho,Totalmente satisfecho,Totalmente satisfecho,Totalmente satisfecho,Totalmente satisfecho,Totalmente satisfecho,Totalmente satisfecho,Totalmente satisfecho,Totalmente satisfecho,Totalmente satisfecho,Totalmente satisfecho,Totalmente satisfecho,Totalmente satisfecho,Totalmente satisfecho,Totalmente satisfecho,Totalmente satisfecho,10 (Promoter),
3ABntAbx,,,COMPLETED,https://survey.zohopublic.com/zs/bBC5oY,"may. 14, 2026 06:04:35 p. m.","may. 14, 2026 06:35:17 p. m.",30 mins 41 secs ,Public collector,10,100,Ingeniería Industrial,Prácticas profesionales,,Totalmente satisfecho,Totalmente satisfecho,Totalmente satisfecho,Totalmente satisfecho,Totalmente satisfecho,Totalmente satisfecho,Muy satisfecho,Totalmente satisfecho,Satisfecho,Totalmente satisfecho,Muy satisfecho,Totalmente satisfecho,Totalmente satisfecho,Totalmente satisfecho,Totalmente satisfecho,Muy satisfecho,Muy satisfecho,Totalmente satisfecho,Totalmente satisfecho,Totalmente satisfecho,Totalmente satisfecho,Totalmente satisfecho,Totalmente satisfecho,Totalmente satisfecho,Totalmente satisfecho,Totalmente satisfecho,Totalmente satisfecho,Totalmente satisfecho,Totalmente satisfecho,Totalmente satisfecho,Totalmente satisfecho,Totalmente satisfecho,Totalmente satisfecho,Totalmente satisfecho,Totalmente satisfecho,Totalmente satisfecho,Totalmente satisfecho,Totalmente satisfecho,Totalmente satisfecho,Totalmente satisfecho,Totalmente satisfecho,Totalmente satisfecho,10 (Promoter),
tSt4zmVG,,,COMPLETED,https://survey.zohopublic.com/zs/bBC5oY,"may. 14, 2026 06:05:26 p. m.","may. 14, 2026 06:07:50 p. m.",2 mins 24 secs ,Public collector,10,100,Ingeniería Industrial,Prácticas profesionales,,Totalmente satisfecho,Totalmente satisfecho,Totalmente satisfecho,Totalmente satisfecho,Totalmente satisfecho,Totalmente satisfecho,Totalmente satisfecho,Totalmente satisfecho,Totalmente satisfecho,Totalmente satisfecho,Totalmente satisfecho,Totalmente satisfecho,Totalmente satisfecho,Totalmente satisfecho,Totalmente satisfecho,Totalmente satisfecho,Totalmente satisfecho,Totalmente satisfecho,Totalmente satisfecho,Totalmente satisfecho,Totalmente satisfecho,Totalmente satisfecho,Totalmente satisfecho,Totalmente satisfecho,Totalmente satisfecho,Totalmente satisfecho,Totalmente satisfecho,Totalmente satisfecho,Totalmente satisfecho,Totalmente satisfecho,Totalmente satisfecho,Totalmente satisfecho,Totalmente satisfecho,Totalmente satisfecho,Totalmente satisfecho,Totalmente satisfecho,Totalmente satisfecho,Totalmente satisfecho,Totalmente satisfecho,Totalmente satisfecho,Totalmente satisfecho,Totalmente satisfecho,10 (Promoter),
nyC2tIiD,,,COMPLETED,https://survey.zohopublic.com/zs/bBC5oY,"may. 14, 2026 06:05:44 p. m.","may. 14, 2026 06:11:17 p. m.",5 mins 33 secs ,Public collector,9,100,Ingeniería Industrial,Trabajador dependiente,Tiempo completo,Muy satisfecho,Muy satisfecho,Satisfecho,Totalmente satisfecho,Muy satisfecho,Muy satisfecho,Satisfecho,Muy satisfecho,No utilizo,Muy satisfecho,Satisfecho,Satisfecho,Satisfecho,Muy satisfecho,Muy satisfecho,Muy satisfecho,Totalmente satisfecho,Muy satisfecho,Totalmente satisfecho,Satisfecho,Totalmente satisfecho,Muy satisfecho,Muy satisfecho,Muy satisfecho,Totalmente satisfecho,No utilizo,No utilizo,No utilizo,No utilizo,No utilizo,Muy satisfecho,Muy satisfecho,Muy satisfecho,Satisfecho,Muy satisfecho,Muy satisfecho,Muy satisfecho,Totalmente satisfecho,Totalmente satisfecho,Totalmente satisfecho,Totalmente satisfecho,Totalmente satisfecho,9 (Promoter),
XrCZukHt,,,COMPLETED,https://survey.zohopublic.com/zs/bBC5oY,"may. 14, 2026 06:05:50 p. m.","may. 14, 2026 06:08:31 p. m.",2 mins 40 secs ,Public collector,10,100,Ingeniería Industrial,Trabajador independiente,Tiempo completo,Muy satisfecho,Totalmente satisfecho,Satisfecho,Muy satisfecho,Muy satisfecho,Muy satisfecho,Satisfecho,Satisfecho,Satisfecho,Muy satisfecho,Muy satisfecho,Muy satisfecho,Muy satisfecho,Satisfecho,Muy satisfecho,Muy satisfecho,Muy satisfecho,Muy satisfecho,Muy satisfecho,Muy satisfecho,Muy satisfecho,Satisfecho,Satisfecho,Satisfecho,Muy satisfecho,Satisfecho,Satisfecho,Satisfecho,Satisfecho,Satisfecho,Satisfecho,Muy satisfecho,Muy satisfecho,Muy satisfecho,Muy satisfecho,Muy satisfecho,Muy satisfecho,Muy satisfecho,Totalmente satisfecho,Muy satisfecho,Satisfecho,Totalmente satisfecho,10 (Promoter),
fyC2IDIY,,,COMPLETED,https://survey.zohopublic.com/zs/bBC5oY,"may. 14, 2026 06:05:51 p. m.","may. 14, 2026 06:12:13 p. m.",6 mins 22 secs ,Public collector,10,100,Ingeniería Industrial,Prácticas profesionales,,Muy satisfecho,Muy satisfecho,Muy satisfecho,Muy satisfecho,Satisfecho,Satisfecho,Satisfecho,Satisfecho,No conozco,Satisfecho,Satisfecho,Satisfecho,Satisfecho,Satisfecho,Satisfecho,Satisfecho,Satisfecho,Satisfecho,Satisfecho,Satisfecho,Satisfecho,Satisfecho,Satisfecho,Satisfecho,Satisfecho,Satisfecho,Satisfecho,Satisfecho,Satisfecho,Satisfecho,Satisfecho,Satisfecho,Satisfecho,Satisfecho,Satisfecho,Satisfecho,Satisfecho,Satisfecho,Satisfecho,Satisfecho,Muy satisfecho,Totalmente satisfecho,10 (Promoter),
ZuDFJCOp,,,COMPLETED,https://survey.zohopublic.com/zs/bBC5oY,"may. 14, 2026 06:06:11 p. m.","may. 14, 2026 06:10:38 p. m.",4 mins 26 secs ,Public collector,9,100,Ingeniería Industrial,Prácticas profesionales,,Muy satisfecho,Muy satisfecho,Muy satisfecho,Muy satisfecho,Muy satisfecho,Muy satisfecho,Muy satisfecho,Muy satisfecho,Muy satisfecho,Muy satisfecho,Muy satisfecho,Satisfecho,Satisfecho,Muy satisfecho,Satisfecho,Satisfecho,Muy satisfecho,Muy satisfecho,Satisfecho,Muy satisfecho,Satisfecho,Muy satisfecho,Muy satisfecho,Muy satisfecho,Muy satisfecho,Satisfecho,Muy satisfecho,Muy satisfecho,Satisfecho,Muy satisfecho,Satisfecho,Muy satisfecho,Satisfecho,Totalmente satisfecho,Satisfecho,Muy satisfecho,Totalmente satisfecho,Satisfecho,Muy satisfecho,Satisfecho,Totalmente satisfecho,Muy satisfecho,9 (Promoter),
sajv37nA,,,COMPLETED,https://survey.zohopublic.com/zs/bBC5oY,"may. 14, 2026 06:06:14 p. m.","may. 14, 2026 06:14:13 p. m.",7 mins 58 secs ,Public collector,10,100,Ingeniería Industrial,Trabajador independiente,Tiempo parcial,Totalmente satisfecho,Muy satisfecho,Totalmente satisfecho,Totalmente satisfecho,Totalmente satisfecho,Totalmente satisfecho,Satisfecho,Muy satisfecho,Insatisfecho,Muy satisfecho,Muy satisfecho,Muy satisfecho,Muy satisfecho,Muy satisfecho,Muy satisfecho,Muy satisfecho,Muy satisfecho,Muy satisfecho,Muy satisfecho,Muy satisfecho,Muy satisfecho,Muy satisfecho,Muy satisfecho,Muy satisfecho,Muy satisfecho,Muy satisfecho,Totalmente satisfecho,Totalmente satisfecho,Totalmente satisfecho,Totalmente satisfecho,Totalmente satisfecho,Totalmente satisfecho,Totalmente satisfecho,Totalmente satisfecho,Totalmente satisfecho,Totalmente satisfecho,Totalmente satisfecho,Totalmente satisfecho,Totalmente satisfecho,Totalmente satisfecho,Totalmente satisfecho,Totalmente satisfecho,10 (Promoter),
6Tt8SY32,,,COMPLETED,https://survey.zohopublic.com/zs/bBC5oY,"may. 14, 2026 06:06:16 p. m.","may. 14, 2026 06:08:29 p. m.",2 mins 12 secs ,Public collector,10,100,Ingeniería Industrial,Prácticas profesionales,,Totalmente satisfecho,Totalmente satisfecho,Totalmente satisfecho,Totalmente satisfecho,Totalmente satisfecho,Totalmente satisfecho,Totalmente satisfecho,Totalmente satisfecho,Totalmente satisfecho,Totalmente satisfecho,Totalmente satisfecho,Totalmente satisfecho,Totalmente satisfecho,Totalmente satisfecho,Totalmente satisfecho,Totalmente satisfecho,Totalmente satisfecho,Totalmente satisfecho,Totalmente satisfecho,Totalmente satisfecho,Totalmente satisfecho,Totalmente satisfecho,Totalmente satisfecho,Totalmente satisfecho,Totalmente satisfecho,Totalmente satisfecho,Totalmente satisfecho,Totalmente satisfecho,Totalmente satisfecho,Totalmente satisfecho,Totalmente satisfecho,Totalmente satisfecho,Totalmente satisfecho,Totalmente satisfecho,Totalmente satisfecho,Totalmente satisfecho,Totalmente satisfecho,Totalmente satisfecho,Totalmente satisfecho,Totalmente satisfecho,Totalmente satisfecho,Totalmente satisfecho,10 (Promoter),
xczvA06P,,,COMPLETED,https://survey.zohopublic.com/zs/bBC5oY,"may. 14, 2026 06:06:22 p. m.","may. 14, 2026 06:10:39 p. m.",4 mins 17 secs ,Public collector,10,100,Ingeniería Industrial,En búsqueda de empleo,,Muy satisfecho,Totalmente satisfecho,Muy satisfecho,Muy satisfecho,Muy satisfecho,Totalmente satisfecho,Satisfecho,Satisfecho,No utilizo,Muy satisfecho,Muy satisfecho,Muy satisfecho,Muy satisfecho,Muy satisfecho,Muy satisfecho,Muy satisfecho,Muy satisfecho,Muy satisfecho,Muy satisfecho,Muy satisfecho,Muy satisfecho,Muy satisfecho,Muy satisfecho,Satisfecho,Muy satisfecho,No conozco,Satisfecho,Muy satisfecho,No utilizo,Muy satisfecho,Totalmente satisfecho,Muy satisfecho,Muy satisfecho,Satisfecho,Totalmente satisfecho,Muy satisfecho,Muy satisfecho,Muy satisfecho,Muy satisfecho,Muy satisfecho,Totalmente satisfecho,Totalmente satisfecho,10 (Promoter),
4gtjWtPo,,,COMPLETED,https://survey.zohopublic.com/zs/bBC5oY,"may. 14, 2026 06:06:24 p. m.","may. 14, 2026 06:09:44 p. m.",3 mins 20 secs ,Public collector,10,100,Ingeniería Industrial,Trabajador dependiente,Tiempo completo,Muy satisfecho,Muy satisfecho,Muy satisfecho,Muy satisfecho,Muy satisfecho,Muy satisfecho,Muy satisfecho,Muy satisfecho,No utilizo,Muy satisfecho,Muy satisfecho,Muy satisfecho,Muy satisfecho,Muy satisfecho,Muy satisfecho,Muy satisfecho,Muy satisfecho,Muy satisfecho,Muy satisfecho,Muy satisfecho,Muy satisfecho,Muy satisfecho,Muy satisfecho,Muy satisfecho,Muy satisfecho,No utilizo,Muy satisfecho,No utilizo,No utilizo,No utilizo,Muy satisfecho,Muy satisfecho,Muy satisfecho,Muy satisfecho,Muy satisfecho,Muy satisfecho,Muy satisfecho,Muy satisfecho,Muy satisfecho,Muy satisfecho,Muy satisfecho,Muy satisfecho,10 (Promoter),
YlC5YLMW,,,COMPLETED,https://survey.zohopublic.com/zs/bBC5oY,"may. 14, 2026 06:06:37 p. m.","may. 14, 2026 06:10:57 p. m.",4 mins 20 secs ,Public collector,10,100,Ingeniería Industrial,Prácticas profesionales,,Muy satisfecho,Muy satisfecho,Satisfecho,Satisfecho,Satisfecho,Totalmente satisfecho,Muy satisfecho,Muy satisfecho,No utilizo,Satisfecho,Muy satisfecho,Muy satisfecho,Muy satisfecho,Muy satisfecho,Satisfecho,Satisfecho,Muy satisfecho,Muy satisfecho,Totalmente satisfecho,Totalmente satisfecho,Muy satisfecho,Totalmente satisfecho,Satisfecho,Satisfecho,Satisfecho,No utilizo,Totalmente satisfecho,No utilizo,No utilizo,No utilizo,Totalmente satisfecho,Totalmente satisfecho,Totalmente satisfecho,Totalmente satisfecho,Totalmente satisfecho,Totalmente satisfecho,Muy satisfecho,Muy satisfecho,Satisfecho,Satisfecho,Totalmente satisfecho,Totalmente satisfecho,10 (Promoter),
fBzqCAtT,,,COMPLETED,https://survey.zohopublic.com/zs/bBC5oY,"may. 14, 2026 06:06:39 p. m.","may. 14, 2026 06:09:30 p. m.",2 mins 50 secs ,Public collector,10,100,Ingeniería Industrial,Trabajador dependiente,Tiempo completo,Satisfecho,Satisfecho,Satisfecho,Muy satisfecho,Muy satisfecho,Satisfecho,Satisfecho,Satisfecho,No conozco,Satisfecho,Satisfecho,Satisfecho,Satisfecho,Satisfecho,Satisfecho,Satisfecho,Satisfecho,Muy satisfecho,Satisfecho,Satisfecho,Satisfecho,Satisfecho,Satisfecho,Satisfecho,Satisfecho,Satisfecho,Satisfecho,Satisfecho,Satisfecho,Satisfecho,Insatisfecho,Muy satisfecho,Muy satisfecho,Muy satisfecho,Muy satisfecho,Satisfecho,Satisfecho,Satisfecho,Satisfecho,Satisfecho,Satisfecho,Satisfecho,10 (Promoter),
iFBBGA99,,,COMPLETED,https://survey.zohopublic.com/zs/bBC5oY,"may. 14, 2026 06:06:41 p. m.","may. 14, 2026 06:10:37 p. m.",3 mins 56 secs ,Public collector,10,100,Ingeniería Industrial,Trabajador dependiente,Tiempo completo,Totalmente satisfecho,Totalmente satisfecho,Muy satisfecho,Totalmente satisfecho,Totalmente satisfecho,Totalmente satisfecho,Muy satisfecho,Totalmente satisfecho,No conozco,Totalmente satisfecho,Muy satisfecho,Totalmente satisfecho,Muy satisfecho,Totalmente satisfecho,Totalmente satisfecho,Totalmente satisfecho,Totalmente satisfecho,Totalmente satisfecho,Totalmente satisfecho,Totalmente satisfecho,Totalmente satisfecho,Totalmente satisfecho,Muy satisfecho,Muy satisfecho,Muy satisfecho,No conozco,Insatisfecho,No utilizo,No conozco,Satisfecho,Totalmente satisfecho,Totalmente satisfecho,Totalmente satisfecho,Totalmente satisfecho,Muy satisfecho,Muy satisfecho,Insatisfecho,Muy satisfecho,Totalmente satisfecho,Totalmente satisfecho,Totalmente satisfecho,Totalmente satisfecho,10 (Promoter),
L5CZS3ZJ,,,COMPLETED,https://survey.zohopublic.com/zs/bBC5oY,"may. 14, 2026 06:06:49 p. m.","may. 14, 2026 06:11:13 p. m.",4 mins 24 secs ,Public collector,10,100,Ingeniería Industrial,Prácticas profesionales,,Totalmente satisfecho,Totalmente satisfecho,Totalmente satisfecho,Totalmente satisfecho,Totalmente satisfecho,Totalmente satisfecho,Totalmente satisfecho,Totalmente satisfecho,No utilizo,Totalmente satisfecho,Totalmente satisfecho,Totalmente satisfecho,Totalmente satisfecho,Totalmente satisfecho,Totalmente satisfecho,Totalmente satisfecho,Totalmente satisfecho,Totalmente satisfecho,Totalmente satisfecho,Totalmente satisfecho,Totalmente satisfecho,Totalmente satisfecho,Totalmente satisfecho,Totalmente satisfecho,Totalmente satisfecho,Totalmente satisfecho,Totalmente satisfecho,Totalmente satisfecho,Totalmente satisfecho,Totalmente satisfecho,Totalmente satisfecho,Totalmente satisfecho,Totalmente satisfecho,Totalmente satisfecho,Totalmente satisfecho,Totalmente satisfecho,Totalmente satisfecho,Totalmente satisfecho,Totalmente satisfecho,Totalmente satisfecho,Totalmente satisfecho,Totalmente satisfecho,10 (Promoter),
fDDB7ioJ,,,COMPLETED,https://survey.zohopublic.com/zs/bBC5oY,"may. 14, 2026 06:06:57 p. m.","may. 14, 2026 06:14:16 p. m.",7 mins 19 secs ,Public collector,10,100,Ingeniería Industrial,Trabajador dependiente,Tiempo completo,Totalmente satisfecho,Totalmente satisfecho,Muy satisfecho,Totalmente satisfecho,Muy satisfecho,Totalmente satisfecho,Muy satisfecho,Totalmente satisfecho,No conozco,Muy satisfecho,Muy satisfecho,Totalmente satisfecho,Muy satisfecho,Muy satisfecho,Muy satisfecho,Totalmente satisfecho,Muy satisfecho,Totalmente satisfecho,Totalmente satisfecho,Muy satisfecho,Muy satisfecho,Muy satisfecho,Muy satisfecho,Satisfecho,Muy satisfecho,No conozco,Totalmente satisfecho,Muy satisfecho,Muy satisfecho,Muy satisfecho,Totalmente satisfecho,Totalmente satisfecho,Muy satisfecho,Muy satisfecho,Muy satisfecho,Muy satisfecho,Satisfecho,Muy satisfecho,Muy satisfecho,Satisfecho,Totalmente satisfecho,Totalmente satisfecho,10 (Promoter),
ngC2SvWV,,,COMPLETED,https://survey.zohopublic.com/zs/bBC5oY,"may. 14, 2026 06:07:49 p. m.","may. 14, 2026 06:10:28 p. m.",2 mins 39 secs ,Public collector,10,100,Ingeniería Industrial,En búsqueda de empleo,,Totalmente satisfecho,Totalmente satisfecho,Totalmente satisfecho,Totalmente satisfecho,Totalmente satisfecho,Totalmente satisfecho,Totalmente satisfecho,Totalmente satisfecho,No utilizo,Totalmente satisfecho,Totalmente satisfecho,Totalmente satisfecho,Totalmente satisfecho,Totalmente satisfecho,Totalmente satisfecho,Totalmente satisfecho,Totalmente satisfecho,Totalmente satisfecho,Totalmente satisfecho,Totalmente satisfecho,Totalmente satisfecho,Muy satisfecho,Muy satisfecho,Totalmente satisfecho,Totalmente satisfecho,Muy satisfecho,Totalmente satisfecho,No utilizo,No utilizo,Totalmente satisfecho,Totalmente satisfecho,Totalmente satisfecho,Totalmente satisfecho,Totalmente satisfecho,Totalmente satisfecho,Totalmente satisfecho,Totalmente satisfecho,Totalmente satisfecho,Totalmente satisfecho,Totalmente satisfecho,Totalmente satisfecho,Totalmente satisfecho,10 (Promoter),
wQBBl9Z1,,,COMPLETED,https://survey.zohopublic.com/zs/bBC5oY,"may. 14, 2026 06:08:04 p. m.","may. 14, 2026 06:10:43 p. m.",2 mins 39 secs ,Public collector,10,100,Ingeniería Industrial,Trabajador dependiente,Tiempo completo,Totalmente satisfecho,Totalmente satisfecho,Totalmente satisfecho,Totalmente satisfecho,Totalmente satisfecho,Totalmente satisfecho,Totalmente satisfecho,Totalmente satisfecho,Totalmente satisfecho,Totalmente satisfecho,Totalmente satisfecho,Totalmente satisfecho,Totalmente satisfecho,Totalmente satisfecho,Totalmente satisfecho,Totalmente satisfecho,Totalmente satisfecho,Totalmente satisfecho,Totalmente satisfecho,Totalmente satisfecho,Totalmente satisfecho,Totalmente satisfecho,Totalmente satisfecho,Totalmente satisfecho,Totalmente satisfecho,Totalmente satisfecho,Totalmente satisfecho,Totalmente satisfecho,Totalmente satisfecho,Totalmente satisfecho,Totalmente satisfecho,Totalmente satisfecho,Totalmente satisfecho,Totalmente satisfecho,Totalmente satisfecho,Totalmente satisfecho,Totalmente satisfecho,Totalmente satisfecho,Totalmente satisfecho,Totalmente satisfecho,Totalmente satisfecho,Totalmente satisfecho,10 (Promoter),
ygC5vSRI,,,COMPLETED,https://survey.zohopublic.com/zs/bBC5oY,"may. 14, 2026 06:08:06 p. m.","may. 14, 2026 06:16:01 p. m.",7 mins 54 secs ,Public collector,10,100,Ingeniería Industrial,Prácticas profesionales,,Totalmente satisfecho,Totalmente satisfecho,Totalmente satisfecho,Satisfecho,Totalmente satisfecho,Totalmente satisfecho,Totalmente satisfecho,Totalmente satisfecho,No utilizo,Totalmente satisfecho,Muy satisfecho,Totalmente satisfecho,Satisfecho,Totalmente satisfecho,Muy satisfecho,Totalmente satisfecho,Muy satisfecho,Totalmente satisfecho,Totalmente satisfecho,Totalmente satisfecho,Totalmente satisfecho,Totalmente satisfecho,Totalmente satisfecho,Muy satisfecho,Totalmente satisfecho,No utilizo,No utilizo,No utilizo,No utilizo,No utilizo,Totalmente satisfecho,Muy satisfecho,Muy satisfecho,Totalmente satisfecho,Totalmente satisfecho,Totalmente satisfecho,Totalmente satisfecho,Muy satisfecho,Muy satisfecho,No utilizo,Totalmente satisfecho,Totalmente satisfecho,10 (Promoter),
kYCZwkPB,,,COMPLETED,https://survey.zohopublic.com/zs/bBC5oY,"may. 14, 2026 06:08:22 p. m.","may. 14, 2026 06:10:34 p. m.",2 mins 11 secs ,Public collector,10,100,Ingeniería Industrial,Trabajador dependiente,Tiempo completo,Totalmente satisfecho,Totalmente satisfecho,Totalmente satisfecho,Totalmente satisfecho,Totalmente satisfecho,Totalmente satisfecho,Totalmente satisfecho,Totalmente satisfecho,Totalmente satisfecho,Totalmente satisfecho,Totalmente satisfecho,Totalmente satisfecho,Totalmente satisfecho,Totalmente satisfecho,Totalmente satisfecho,Totalmente satisfecho,Totalmente satisfecho,Totalmente satisfecho,Totalmente satisfecho,Totalmente satisfecho,Totalmente satisfecho,Totalmente satisfecho,Totalmente satisfecho,Totalmente satisfecho,Totalmente satisfecho,Totalmente satisfecho,Totalmente satisfecho,Totalmente satisfecho,Totalmente satisfecho,Totalmente satisfecho,Totalmente satisfecho,Totalmente satisfecho,Totalmente satisfecho,Totalmente satisfecho,Totalmente satisfecho,Totalmente satisfecho,Insatisfecho,Totalmente satisfecho,Totalmente satisfecho,Totalmente satisfecho,Totalmente satisfecho,Totalmente satisfecho,10 (Promoter),
RpDFEJpX,,,COMPLETED,https://survey.zohopublic.com/zs/bBC5oY,"may. 14, 2026 06:08:49 p. m.","may. 14, 2026 06:12:01 p. m.",3 mins 12 secs ,Public collector,10,100,Ingeniería Industrial,Trabajador dependiente,Tiempo completo,Totalmente satisfecho,Totalmente satisfecho,Totalmente satisfecho,Totalmente satisfecho,Totalmente satisfecho,Totalmente satisfecho,Totalmente satisfecho,Totalmente satisfecho,Totalmente satisfecho,Totalmente satisfecho,Totalmente satisfecho,Totalmente satisfecho,Totalmente satisfecho,Totalmente satisfecho,Totalmente satisfecho,Totalmente satisfecho,Totalmente satisfecho,Totalmente satisfecho,Totalmente satisfecho,Totalmente satisfecho,Totalmente satisfecho,Totalmente satisfecho,Totalmente satisfecho,Totalmente satisfecho,Totalmente satisfecho,Totalmente satisfecho,Totalmente satisfecho,Totalmente satisfecho,Totalmente satisfecho,Totalmente satisfecho,Totalmente satisfecho,Totalmente satisfecho,Totalmente satisfecho,Totalmente satisfecho,Totalmente satisfecho,Totalmente satisfecho,Totalmente satisfecho,Totalmente satisfecho,Totalmente satisfecho,Totalmente satisfecho,Totalmente satisfecho,Totalmente satisfecho,10 (Promoter),
dgBhYCCj,,,COMPLETED,https://survey.zohopublic.com/zs/bBC5oY,"may. 14, 2026 06:09:02 p. m.","may. 14, 2026 06:13:04 p. m.",4 mins 1 sec ,Public collector,10,100,Ingeniería Industrial,En búsqueda de empleo,,Totalmente satisfecho,Totalmente satisfecho,Totalmente satisfecho,Totalmente satisfecho,Totalmente satisfecho,Totalmente satisfecho,Totalmente satisfecho,Totalmente satisfecho,Totalmente satisfecho,Totalmente satisfecho,Totalmente satisfecho,Totalmente satisfecho,Totalmente satisfecho,Totalmente satisfecho,Totalmente satisfecho,Totalmente satisfecho,Totalmente satisfecho,Totalmente satisfecho,Totalmente satisfecho,Totalmente satisfecho,Totalmente satisfecho,Totalmente satisfecho,Totalmente satisfecho,Totalmente satisfecho,Totalmente satisfecho,Totalmente satisfecho,Totalmente satisfecho,Totalmente satisfecho,Totalmente satisfecho,Totalmente satisfecho,Totalmente satisfecho,Totalmente satisfecho,Totalmente satisfecho,Totalmente satisfecho,Totalmente satisfecho,Totalmente satisfecho,Totalmente satisfecho,Totalmente satisfecho,Totalmente satisfecho,Totalmente satisfecho,Totalmente satisfecho,Totalmente satisfecho,10 (Promoter),
RtjgZzxw,,,COMPLETED,https://survey.zohopublic.com/zs/bBC5oY,"may. 14, 2026 06:09:12 p. m.","may. 14, 2026 06:12:58 p. m.",3 mins 45 secs ,Public collector,9,100,Ingeniería Industrial,Trabajador dependiente,Tiempo completo,Satisfecho,Satisfecho,Satisfecho,Satisfecho,Satisfecho,Satisfecho,Satisfecho,Satisfecho,Satisfecho,Satisfecho,Satisfecho,Satisfecho,Satisfecho,Satisfecho,Satisfecho,Satisfecho,Satisfecho,Satisfecho,Satisfecho,Satisfecho,Satisfecho,Satisfecho,Satisfecho,Satisfecho,Satisfecho,Satisfecho,Satisfecho,Satisfecho,Satisfecho,Satisfecho,Satisfecho,Satisfecho,Satisfecho,Satisfecho,Satisfecho,Satisfecho,Satisfecho,Satisfecho,Satisfecho,Satisfecho,Satisfecho,Satisfecho,9 (Promoter),
3ZC2ICdB,,,COMPLETED,https://survey.zohopublic.com/zs/bBC5oY,"may. 14, 2026 06:09:21 p. m.","may. 14, 2026 06:13:43 p. m.",4 mins 22 secs ,Public collector,10,100,Ingeniería Industrial,Trabajador dependiente,Tiempo completo,Muy satisfecho,Muy satisfecho,Totalmente satisfecho,Totalmente satisfecho,Totalmente satisfecho,Totalmente satisfecho,Totalmente satisfecho,Totalmente satisfecho,Totalmente satisfecho,Muy satisfecho,Muy satisfecho,Totalmente satisfecho,Muy satisfecho,Muy satisfecho,Muy satisfecho,Muy satisfecho,Satisfecho,Totalmente satisfecho,Totalmente satisfecho,Totalmente satisfecho,Totalmente satisfecho,Totalmente satisfecho,Totalmente satisfecho,Totalmente satisfecho,Totalmente satisfecho,Totalmente satisfecho,Totalmente satisfecho,Totalmente satisfecho,Totalmente satisfecho,Totalmente satisfecho,Totalmente satisfecho,Totalmente satisfecho,Totalmente satisfecho,Totalmente satisfecho,Totalmente satisfecho,Totalmente satisfecho,Muy satisfecho,Satisfecho,Insatisfecho,Satisfecho,Totalmente satisfecho,Totalmente satisfecho,10 (Promoter),
UKtkd5n1,,,COMPLETED,https://survey.zohopublic.com/zs/bBC5oY,"may. 14, 2026 06:09:25 p. m.","may. 14, 2026 06:13:17 p. m.",3 mins 52 secs ,Public collector,10,100,Ingeniería Industrial,Trabajador dependiente,Tiempo completo,Muy satisfecho,Muy satisfecho,Totalmente satisfecho,Totalmente satisfecho,Totalmente satisfecho,Muy satisfecho,Totalmente satisfecho,Totalmente satisfecho,No utilizo,Totalmente satisfecho,Totalmente satisfecho,Totalmente satisfecho,Muy satisfecho,Muy satisfecho,Totalmente satisfecho,Totalmente satisfecho,Satisfecho,Totalmente satisfecho,Muy satisfecho,Muy satisfecho,Totalmente satisfecho,Totalmente satisfecho,Muy satisfecho,Muy satisfecho,Muy satisfecho,No utilizo,No utilizo,No utilizo,No utilizo,No utilizo,Satisfecho,Totalmente satisfecho,Totalmente satisfecho,Totalmente satisfecho,Muy satisfecho,Totalmente satisfecho,Totalmente satisfecho,Totalmente satisfecho,Totalmente satisfecho,Totalmente satisfecho,Totalmente satisfecho,Totalmente satisfecho,10 (Promoter),
SjzxK4ue,,,COMPLETED,https://survey.zohopublic.com/zs/bBC5oY,"may. 14, 2026 06:10:10 p. m.","may. 14, 2026 06:15:25 p. m.",5 mins 14 secs ,Public collector,10,100,Ingeniería Industrial,Trabajador dependiente,Tiempo completo,Totalmente satisfecho,Totalmente satisfecho,Totalmente satisfecho,Totalmente satisfecho,Totalmente satisfecho,Totalmente satisfecho,Totalmente satisfecho,Totalmente satisfecho,Totalmente satisfecho,Totalmente satisfecho,Totalmente satisfecho,Totalmente satisfecho,Totalmente satisfecho,Totalmente satisfecho,Totalmente satisfecho,Totalmente satisfecho,Totalmente satisfecho,Totalmente satisfecho,Totalmente satisfecho,Totalmente satisfecho,Totalmente satisfecho,Totalmente satisfecho,Totalmente satisfecho,Totalmente satisfecho,Totalmente satisfecho,Totalmente satisfecho,Totalmente satisfecho,Totalmente satisfecho,Totalmente satisfecho,Totalmente satisfecho,Totalmente satisfecho,Totalmente satisfecho,Totalmente satisfecho,Totalmente satisfecho,Totalmente satisfecho,Totalmente satisfecho,Totalmente satisfecho,Totalmente satisfecho,Totalmente satisfecho,Totalmente satisfecho,Totalmente satisfecho,Totalmente satisfecho,10 (Promoter),
yaBBPy4c,,,COMPLETED,https://survey.zohopublic.com/zs/bBC5oY,"may. 14, 2026 06:10:26 p. m.","may. 14, 2026 06:13:38 p. m.",3 mins 12 secs ,Public collector,10,100,Ingeniería Industrial,Trabajador dependiente,Tiempo completo,Satisfecho,Totalmente satisfecho,Muy satisfecho,Muy satisfecho,Insatisfecho,Totalmente satisfecho,Muy satisfecho,Muy satisfecho,No conozco,Muy satisfecho,Satisfecho,Satisfecho,Satisfecho,Satisfecho,Muy satisfecho,Totalmente satisfecho,Satisfecho,Muy satisfecho,Satisfecho,Muy satisfecho,Totalmente satisfecho,Totalmente satisfecho,Muy satisfecho,Satisfecho,Satisfecho,No conozco,No conozco,No conozco,No conozco,No conozco,Totalmente satisfecho,Totalmente satisfecho,Totalmente satisfecho,Totalmente satisfecho,Totalmente satisfecho,Muy satisfecho,Muy satisfecho,Muy satisfecho,Satisfecho,Muy satisfecho,Totalmente satisfecho,Totalmente satisfecho,10 (Promoter),
fLDBUb9m,,,COMPLETED,https://survey.zohopublic.com/zs/bBC5oY,"may. 14, 2026 06:11:03 p. m.","may. 14, 2026 06:14:39 p. m.",3 mins 36 secs ,Public collector,10,100,Ingeniería Industrial,Prácticas profesionales,,Muy satisfecho,Muy satisfecho,Muy satisfecho,Muy satisfecho,Satisfecho,Muy satisfecho,Muy satisfecho,Muy satisfecho,Satisfecho,Muy satisfecho,Muy satisfecho,Muy satisfecho,Muy satisfecho,Muy satisfecho,Muy satisfecho,Muy satisfecho,Satisfecho,Muy satisfecho,Muy satisfecho,Muy satisfecho,Muy satisfecho,Muy satisfecho,Satisfecho,Muy satisfecho,Muy satisfecho,Muy satisfecho,Muy satisfecho,Muy satisfecho,Muy satisfecho,Muy satisfecho,Muy satisfecho,Muy satisfecho,Satisfecho,Muy satisfecho,Muy satisfecho,Muy satisfecho,Muy satisfecho,Muy satisfecho,Muy satisfecho,Muy satisfecho,Muy satisfecho,Muy satisfecho,10 (Promoter),
nDBR8TmP,,,COMPLETED,https://survey.zohopublic.com/zs/bBC5oY,"may. 14, 2026 06:11:07 p. m.","may. 14, 2026 06:16:28 p. m.",5 mins 21 secs ,Public collector,10,100,Ingeniería Industrial,Prácticas profesionales,,Muy satisfecho,Muy satisfecho,Muy satisfecho,Muy satisfecho,Muy satisfecho,Muy satisfecho,Muy satisfecho,Muy satisfecho,Satisfecho,Muy satisfecho,Muy satisfecho,Muy satisfecho,Muy satisfecho,Muy satisfecho,Muy satisfecho,Muy satisfecho,Muy satisfecho,Muy satisfecho,Muy satisfecho,Muy satisfecho,Muy satisfecho,Muy satisfecho,Muy satisfecho,Muy satisfecho,Muy satisfecho,Muy satisfecho,Muy satisfecho,Muy satisfecho,Muy satisfecho,Muy satisfecho,Muy satisfecho,Muy satisfecho,Muy satisfecho,Muy satisfecho,Muy satisfecho,Satisfecho,Muy satisfecho,Muy satisfecho,Muy satisfecho,Muy satisfecho,Totalmente satisfecho,Totalmente satisfecho,10 (Promoter),
YmBn7F8d,,,COMPLETED,https://survey.zohopublic.com/zs/bBC5oY,"may. 14, 2026 06:11:29 p. m.","may. 14, 2026 06:31:52 p. m.",20 mins 23 secs ,Public collector,10,100,Ingeniería Industrial,Prácticas profesionales,,Muy satisfecho,Satisfecho,Satisfecho,Satisfecho,Satisfecho,Satisfecho,Satisfecho,Satisfecho,Satisfecho,Satisfecho,Satisfecho,Satisfecho,Satisfecho,Satisfecho,Insatisfecho,Insatisfecho,Satisfecho,Satisfecho,Satisfecho,Satisfecho,Satisfecho,Totalmente insatisfecho,Satisfecho,Satisfecho,Satisfecho,Satisfecho,Satisfecho,Satisfecho,Satisfecho,Satisfecho,Satisfecho,Satisfecho,Satisfecho,Satisfecho,Satisfecho,Satisfecho,Satisfecho,Satisfecho,Satisfecho,Satisfecho,Satisfecho,Satisfecho,10 (Promoter),
ygDBZWKq,,,COMPLETED,https://survey.zohopublic.com/zs/bBC5oY,"may. 14, 2026 06:11:29 p. m.","may. 14, 2026 06:17:58 p. m.",6 mins 28 secs ,Public collector,8,0,Ingeniería Industrial,Prácticas profesionales,,Muy satisfecho,Satisfecho,Satisfecho,Muy satisfecho,Muy satisfecho,Satisfecho,Satisfecho,Satisfecho,No utilizo,Satisfecho,Satisfecho,Muy satisfecho,Muy satisfecho,Satisfecho,Satisfecho,Satisfecho,Muy satisfecho,Muy satisfecho,Muy satisfecho,Satisfecho,Satisfecho,Satisfecho,Satisfecho,Satisfecho,Satisfecho,No utilizo,No utilizo,No utilizo,No utilizo,No utilizo,Satisfecho,Muy satisfecho,Satisfecho,Muy satisfecho,Satisfecho,Satisfecho,Satisfecho,Satisfecho,Satisfecho,Satisfecho,Satisfecho,Satisfecho,8 (Passive),Es una universidad que invierte bastante en la infraestructura
wUBRoMtJ,,,COMPLETED,https://survey.zohopublic.com/zs/bBC5oY,"may. 14, 2026 06:12:13 p. m.","may. 14, 2026 06:18:34 p. m.",6 mins 20 secs ,Public collector,10,100,Ingeniería Industrial,Trabajador dependiente,Tiempo completo,Totalmente satisfecho,Totalmente satisfecho,Totalmente satisfecho,Totalmente satisfecho,Totalmente satisfecho,Totalmente satisfecho,Totalmente satisfecho,Totalmente satisfecho,No utilizo,Totalmente satisfecho,Totalmente satisfecho,Totalmente satisfecho,Totalmente satisfecho,Totalmente satisfecho,Totalmente satisfecho,Totalmente satisfecho,Totalmente satisfecho,Totalmente satisfecho,Totalmente satisfecho,Totalmente satisfecho,Totalmente satisfecho,Satisfecho,Totalmente satisfecho,Totalmente satisfecho,Totalmente satisfecho,Totalmente satisfecho,No utilizo,No utilizo,No utilizo,No utilizo,Totalmente satisfecho,Muy satisfecho,Totalmente satisfecho,Totalmente satisfecho,Totalmente satisfecho,Totalmente satisfecho,Totalmente satisfecho,Totalmente satisfecho,Totalmente satisfecho,Totalmente satisfecho,Totalmente satisfecho,Totalmente satisfecho,10 (Promoter),
MfBRGafd,,,COMPLETED,https://survey.zohopublic.com/zs/bBC5oY,"may. 14, 2026 06:12:19 p. m.","may. 14, 2026 06:17:41 p. m.",5 mins 22 secs ,Public collector,10,100,Ingeniería Industrial,Trabajador dependiente,Tiempo completo,Totalmente satisfecho,Muy satisfecho,Muy satisfecho,Muy satisfecho,Muy satisfecho,Muy satisfecho,Muy satisfecho,Muy satisfecho,No utilizo,Satisfecho,Muy satisfecho,Satisfecho,Muy satisfecho,Satisfecho,Satisfecho,Satisfecho,Satisfecho,Muy satisfecho,Satisfecho,Muy satisfecho,Muy satisfecho,Satisfecho,Satisfecho,Muy satisfecho,Muy satisfecho,No conozco,No conozco,No conozco,No conozco,Muy satisfecho,Muy satisfecho,Muy satisfecho,Muy satisfecho,Muy satisfecho,Totalmente satisfecho,Muy satisfecho,Muy satisfecho,Muy satisfecho,Muy satisfecho,Muy satisfecho,Satisfecho,Totalmente satisfecho,10 (Promoter),
FrBnrbNh,,,COMPLETED,https://survey.zohopublic.com/zs/bBC5oY,"may. 14, 2026 06:12:51 p. m.","may. 14, 2026 06:17:30 p. m.",4 mins 38 secs ,Public collector,9,100,Ingeniería Industrial,Prácticas profesionales,,Muy satisfecho,Muy satisfecho,Totalmente satisfecho,Totalmente satisfecho,Muy satisfecho,Muy satisfecho,Satisfecho,Satisfecho,No utilizo,Muy satisfecho,Muy satisfecho,Muy satisfecho,Satisfecho,Muy satisfecho,Satisfecho,Satisfecho,Satisfecho,Satisfecho,Muy satisfecho,Satisfecho,Satisfecho,Satisfecho,Satisfecho,Satisfecho,Satisfecho,No utilizo,No utilizo,No utilizo,No utilizo,Insatisfecho,Satisfecho,Muy satisfecho,Muy satisfecho,Satisfecho,Satisfecho,Satisfecho,Satisfecho,Satisfecho,Satisfecho,Satisfecho,Totalmente satisfecho,Muy satisfecho,9 (Promoter),
ReBB1s07,,,COMPLETED,https://survey.zohopublic.com/zs/bBC5oY,"may. 14, 2026 06:13:25 p. m.","may. 14, 2026 06:22:58 p. m.",9 mins 33 secs ,Public collector,9,100,Ingeniería Industrial,Trabajador dependiente,Tiempo completo,Muy satisfecho,Muy satisfecho,Muy satisfecho,Muy satisfecho,Muy satisfecho,Muy satisfecho,Muy satisfecho,Totalmente satisfecho,Satisfecho,Muy satisfecho,Totalmente satisfecho,Muy satisfecho,Totalmente satisfecho,Totalmente satisfecho,Totalmente satisfecho,Totalmente satisfecho,Satisfecho,Muy satisfecho,Muy satisfecho,Totalmente satisfecho,Totalmente satisfecho,Muy satisfecho,Muy satisfecho,Totalmente satisfecho,Totalmente satisfecho,Satisfecho,Muy satisfecho,Muy satisfecho,Muy satisfecho,Muy satisfecho,Insatisfecho,Totalmente satisfecho,Muy satisfecho,Totalmente satisfecho,Totalmente satisfecho,Muy satisfecho,Muy satisfecho,Totalmente satisfecho,Satisfecho,Satisfecho,Totalmente satisfecho,Totalmente satisfecho,9 (Promoter),
bijOKQsa,,,COMPLETED,https://survey.zohopublic.com/zs/bBC5oY,"may. 14, 2026 06:13:36 p. m.","may. 14, 2026 06:16:34 p. m.",2 mins 57 secs ,Public collector,10,100,Ingeniería Industrial,Trabajador dependiente,Tiempo completo,Totalmente satisfecho,Totalmente satisfecho,Totalmente satisfecho,Totalmente satisfecho,Totalmente satisfecho,Totalmente satisfecho,Totalmente satisfecho,Totalmente satisfecho,Totalmente satisfecho,Totalmente satisfecho,Totalmente satisfecho,Totalmente satisfecho,Totalmente satisfecho,Totalmente satisfecho,Totalmente satisfecho,Totalmente satisfecho,Totalmente satisfecho,Totalmente satisfecho,Totalmente satisfecho,Totalmente satisfecho,Totalmente satisfecho,Totalmente satisfecho,Totalmente satisfecho,Totalmente satisfecho,Totalmente satisfecho,Totalmente satisfecho,Totalmente satisfecho,Totalmente satisfecho,Totalmente satisfecho,Totalmente satisfecho,Totalmente satisfecho,Totalmente satisfecho,Totalmente satisfecho,Totalmente satisfecho,Totalmente satisfecho,Totalmente satisfecho,Totalmente satisfecho,Totalmente satisfecho,Totalmente satisfecho,Totalmente satisfecho,Totalmente satisfecho,Totalmente satisfecho,10 (Promoter),
4ICZRmzf,,,COMPLETED,https://survey.zohopublic.com/zs/bBC5oY,"may. 14, 2026 06:14:21 p. m.","may. 14, 2026 06:16:42 p. m.",2 mins 21 secs ,Public collector,10,100,Ingeniería Industrial,Trabajador dependiente,Tiempo completo,Totalmente satisfecho,Muy satisfecho,Muy satisfecho,Muy satisfecho,Satisfecho,Totalmente satisfecho,Satisfecho,Muy satisfecho,Satisfecho,Muy satisfecho,Muy satisfecho,Totalmente satisfecho,Satisfecho,Totalmente satisfecho,Muy satisfecho,Totalmente satisfecho,Muy satisfecho,Muy satisfecho,Muy satisfecho,Muy satisfecho,Satisfecho,Totalmente satisfecho,Totalmente satisfecho,Muy satisfecho,Muy satisfecho,Muy satisfecho,Muy satisfecho,Muy satisfecho,Muy satisfecho,Muy satisfecho,Muy satisfecho,Totalmente satisfecho,Muy satisfecho,Totalmente satisfecho,Muy satisfecho,Totalmente satisfecho,Totalmente satisfecho,Totalmente satisfecho,Totalmente satisfecho,Muy satisfecho,Totalmente satisfecho,Totalmente satisfecho,10 (Promoter),
EVBhGiQm,,,COMPLETED,https://survey.zohopublic.com/zs/bBC5oY,"may. 14, 2026 06:14:40 p. m.","may. 14, 2026 06:19:39 p. m.",4 mins 59 secs ,Public collector,10,100,Ingeniería Industrial,Trabajador dependiente,Tiempo completo,Satisfecho,Satisfecho,Satisfecho,Muy satisfecho,Muy satisfecho,Satisfecho,Muy satisfecho,Muy satisfecho,Satisfecho,Muy satisfecho,Satisfecho,Satisfecho,Satisfecho,Satisfecho,Muy satisfecho,Satisfecho,Muy satisfecho,Muy satisfecho,Totalmente satisfecho,Muy satisfecho,Muy satisfecho,Muy satisfecho,Satisfecho,Satisfecho,Muy satisfecho,Satisfecho,Satisfecho,Satisfecho,Satisfecho,Insatisfecho,Satisfecho,Satisfecho,Satisfecho,Satisfecho,Satisfecho,Muy satisfecho,Muy satisfecho,Muy satisfecho,Satisfecho,Satisfecho,Muy satisfecho,Muy satisfecho,10 (Promoter),
GXC563CR,,,COMPLETED,https://survey.zohopublic.com/zs/bBC5oY,"may. 14, 2026 06:14:56 p. m.","may. 14, 2026 06:22:46 p. m.",7 mins 50 secs ,Public collector,10,100,Ingeniería Industrial,Trabajador dependiente,Tiempo completo,Satisfecho,Satisfecho,Satisfecho,Satisfecho,Satisfecho,Muy satisfecho,Satisfecho,Satisfecho,No utilizo,Satisfecho,Satisfecho,Totalmente satisfecho,Satisfecho,Satisfecho,Muy satisfecho,Satisfecho,Satisfecho,Satisfecho,Satisfecho,Satisfecho,Muy satisfecho,Satisfecho,No conozco,Satisfecho,Muy satisfecho,No utilizo,Satisfecho,No utilizo,No utilizo,No utilizo,Satisfecho,Satisfecho,Totalmente satisfecho,Totalmente satisfecho,Totalmente satisfecho,No utilizo,Muy satisfecho,Totalmente satisfecho,Totalmente satisfecho,No utilizo,Totalmente satisfecho,Totalmente satisfecho,10 (Promoter),
4iC5e1vg,,,COMPLETED,https://survey.zohopublic.com/zs/bBC5oY,"may. 14, 2026 06:15:01 p. m.","may. 14, 2026 06:18:25 p. m.",3 mins 24 secs ,Public collector,10,100,Ingeniería Industrial,Trabajador independiente,Tiempo completo,Totalmente satisfecho,Totalmente satisfecho,Totalmente satisfecho,Totalmente satisfecho,Totalmente satisfecho,Totalmente satisfecho,Totalmente satisfecho,Totalmente satisfecho,No utilizo,Totalmente satisfecho,Totalmente satisfecho,Totalmente satisfecho,Totalmente satisfecho,Totalmente satisfecho,Totalmente satisfecho,Totalmente satisfecho,Totalmente satisfecho,Totalmente satisfecho,Totalmente satisfecho,Totalmente satisfecho,Totalmente satisfecho,Totalmente insatisfecho,Totalmente satisfecho,Totalmente satisfecho,Totalmente satisfecho,No utilizo,No utilizo,No utilizo,Totalmente satisfecho,Totalmente satisfecho,Totalmente satisfecho,Totalmente satisfecho,Totalmente satisfecho,Totalmente satisfecho,Totalmente satisfecho,Totalmente satisfecho,Totalmente satisfecho,Totalmente satisfecho,Muy satisfecho,Totalmente satisfecho,Totalmente satisfecho,Totalmente satisfecho,10 (Promoter),
y0Bhl0YJ,,,COMPLETED,https://survey.zohopublic.com/zs/bBC5oY,"may. 14, 2026 06:15:30 p. m.","may. 14, 2026 06:18:58 p. m.",3 mins 27 secs ,Public collector,10,100,Ingeniería Industrial,Trabajador dependiente,Tiempo completo,Muy satisfecho,Muy satisfecho,Muy satisfecho,Muy satisfecho,Insatisfecho,Muy satisfecho,Muy satisfecho,Muy satisfecho,No conozco,Muy satisfecho,Muy satisfecho,Muy satisfecho,Muy satisfecho,Muy satisfecho,Muy satisfecho,Muy satisfecho,Muy satisfecho,Muy satisfecho,Muy satisfecho,Muy satisfecho,Muy satisfecho,Insatisfecho,Muy satisfecho,Muy satisfecho,Totalmente satisfecho,No conozco,Muy satisfecho,No conozco,No conozco,Muy satisfecho,Muy satisfecho,Muy satisfecho,Muy satisfecho,Muy satisfecho,Muy satisfecho,Muy satisfecho,Muy satisfecho,Muy satisfecho,Muy satisfecho,Muy satisfecho,Muy satisfecho,Totalmente satisfecho,10 (Promoter),
NeC5r9Cr,,,COMPLETED,https://survey.zohopublic.com/zs/bBC5oY,"may. 14, 2026 06:15:53 p. m.","may. 14, 2026 06:22:38 p. m.",6 mins 44 secs ,Public collector,10,100,Ingeniería Industrial,Trabajador dependiente,Tiempo parcial,Totalmente satisfecho,Totalmente satisfecho,Totalmente satisfecho,Totalmente satisfecho,Totalmente satisfecho,Totalmente satisfecho,Totalmente satisfecho,Totalmente satisfecho,Totalmente satisfecho,Muy satisfecho,Totalmente satisfecho,Totalmente satisfecho,Totalmente satisfecho,Totalmente satisfecho,Totalmente satisfecho,Totalmente satisfecho,Totalmente satisfecho,Totalmente satisfecho,Totalmente satisfecho,Totalmente satisfecho,Totalmente satisfecho,Satisfecho,Totalmente satisfecho,Totalmente satisfecho,Totalmente satisfecho,Satisfecho,Totalmente satisfecho,Totalmente satisfecho,Totalmente satisfecho,Totalmente satisfecho,Totalmente satisfecho,Totalmente satisfecho,Muy satisfecho,Totalmente satisfecho,Totalmente satisfecho,Totalmente satisfecho,Totalmente satisfecho,Totalmente satisfecho,Totalmente satisfecho,Totalmente satisfecho,Totalmente satisfecho,Totalmente satisfecho,10 (Promoter),
eSDFcggq,,,COMPLETED,https://survey.zohopublic.com/zs/bBC5oY,"may. 14, 2026 06:15:54 p. m.","may. 14, 2026 06:21:05 p. m.",5 mins 11 secs ,Public collector,10,100,Ingeniería Industrial,Prácticas profesionales,,Totalmente satisfecho,Totalmente satisfecho,Muy satisfecho,Totalmente satisfecho,Totalmente satisfecho,Totalmente satisfecho,Totalmente satisfecho,Totalmente satisfecho,No utilizo,Totalmente satisfecho,Muy satisfecho,Totalmente satisfecho,Totalmente satisfecho,Totalmente satisfecho,Totalmente satisfecho,Totalmente satisfecho,Totalmente satisfecho,Totalmente satisfecho,Totalmente satisfecho,Totalmente satisfecho,Totalmente satisfecho,Totalmente satisfecho,Muy satisfecho,Totalmente satisfecho,Totalmente satisfecho,Totalmente satisfecho,No utilizo,No utilizo,No utilizo,Totalmente satisfecho,Totalmente satisfecho,Totalmente satisfecho,Totalmente satisfecho,Totalmente satisfecho,Totalmente satisfecho,Muy satisfecho,Totalmente satisfecho,Totalmente satisfecho,Totalmente satisfecho,Totalmente satisfecho,Totalmente satisfecho,Totalmente satisfecho,10 (Promoter),
xwtW0pLB,,,COMPLETED,https://survey.zohopublic.com/zs/bBC5oY,"may. 14, 2026 06:16:02 p. m.","may. 14, 2026 06:19:47 p. m.",3 mins 44 secs ,Public collector,10,100,Ingeniería Civil,Trabajador dependiente,Tiempo completo,Muy satisfecho,Muy satisfecho,Satisfecho,Muy satisfecho,Totalmente satisfecho,Totalmente satisfecho,Satisfecho,Satisfecho,No utilizo,Satisfecho,Muy satisfecho,Muy satisfecho,Muy satisfecho,Muy satisfecho,Muy satisfecho,Muy satisfecho,Muy satisfecho,Muy satisfecho,Muy satisfecho,Muy satisfecho,Muy satisfecho,Muy satisfecho,Muy satisfecho,Muy satisfecho,Muy satisfecho,No utilizo,Satisfecho,Muy satisfecho,Muy satisfecho,Muy satisfecho,Muy satisfecho,Totalmente satisfecho,Muy satisfecho,Muy satisfecho,Muy satisfecho,Muy satisfecho,Muy satisfecho,Totalmente satisfecho,Totalmente satisfecho,Muy satisfecho,Totalmente satisfecho,Totalmente satisfecho,10 (Promoter),
UgC5V9aX,,,COMPLETED,https://survey.zohopublic.com/zs/bBC5oY,"may. 14, 2026 06:16:16 p. m.","may. 14, 2026 06:21:16 p. m.",4 mins 59 secs ,Public collector,8,0,Ingeniería Industrial,Trabajador dependiente,Tiempo completo,Satisfecho,Satisfecho,Satisfecho,Satisfecho,Satisfecho,Muy satisfecho,Satisfecho,Satisfecho,No utilizo,Satisfecho,Satisfecho,Satisfecho,Satisfecho,Satisfecho,Satisfecho,Satisfecho,Satisfecho,Satisfecho,Satisfecho,Satisfecho,Satisfecho,Satisfecho,Satisfecho,Satisfecho,Satisfecho,Satisfecho,Satisfecho,Satisfecho,Satisfecho,Satisfecho,Satisfecho,Satisfecho,Satisfecho,Satisfecho,Satisfecho,Satisfecho,Satisfecho,Satisfecho,Satisfecho,Satisfecho,Satisfecho,Satisfecho,8 (Passive),"Me parece que han abierto la posibilidad a demasiadas personas, se ha vuelto muy comercial"
XuDB5Vk1,,,COMPLETED,https://survey.zohopublic.com/zs/bBC5oY,"may. 14, 2026 06:17:37 p. m.","may. 14, 2026 06:20:43 p. m.",3 mins 5 secs ,Public collector,10,100,Ingeniería Industrial,Prácticas profesionales,,Totalmente satisfecho,Totalmente satisfecho,Totalmente satisfecho,Totalmente satisfecho,Totalmente satisfecho,Totalmente satisfecho,Totalmente satisfecho,Totalmente satisfecho,Totalmente satisfecho,Totalmente satisfecho,Totalmente satisfecho,Totalmente satisfecho,Totalmente satisfecho,Insatisfecho,Totalmente satisfecho,Totalmente satisfecho,Satisfecho,Totalmente satisfecho,Muy satisfecho,Muy satisfecho,Muy satisfecho,Totalmente satisfecho,Muy satisfecho,Totalmente satisfecho,Totalmente satisfecho,Totalmente satisfecho,Totalmente satisfecho,Totalmente satisfecho,No utilizo,Totalmente satisfecho,Totalmente satisfecho,Totalmente satisfecho,Totalmente satisfecho,Totalmente satisfecho,Totalmente satisfecho,Satisfecho,Totalmente satisfecho,Totalmente satisfecho,Totalmente satisfecho,Totalmente satisfecho,Totalmente satisfecho,Totalmente satisfecho,10 (Promoter),
KmCZNRX7,,,COMPLETED,https://survey.zohopublic.com/zs/bBC5oY,"may. 14, 2026 06:18:12 p. m.","may. 14, 2026 06:22:18 p. m.",4 mins 6 secs ,Public collector,10,100,Ingeniería Industrial,Trabajador dependiente,Tiempo completo,Muy satisfecho,Muy satisfecho,Muy satisfecho,Muy satisfecho,Muy satisfecho,Muy satisfecho,Muy satisfecho,Muy satisfecho,Muy satisfecho,Muy satisfecho,Muy satisfecho,Muy satisfecho,Muy satisfecho,Muy satisfecho,Muy satisfecho,Muy satisfecho,Muy satisfecho,Muy satisfecho,Muy satisfecho,Muy satisfecho,Muy satisfecho,Muy satisfecho,Muy satisfecho,Muy satisfecho,Muy satisfecho,Muy satisfecho,Muy satisfecho,Muy satisfecho,Muy satisfecho,Muy satisfecho,Muy satisfecho,Muy satisfecho,Muy satisfecho,Muy satisfecho,Muy satisfecho,Muy satisfecho,Muy satisfecho,Muy satisfecho,Muy satisfecho,Muy satisfecho,Muy satisfecho,Muy satisfecho,10 (Promoter),
6CBnINdN,,,COMPLETED,https://survey.zohopublic.com/zs/bBC5oY,"may. 14, 2026 06:18:30 p. m.","may. 14, 2026 06:21:14 p. m.",2 mins 44 secs ,Public collector,10,100,Ingeniería Industrial,Trabajador dependiente,Tiempo completo,Totalmente satisfecho,Totalmente satisfecho,Totalmente satisfecho,Muy satisfecho,Totalmente satisfecho,Muy satisfecho,Totalmente satisfecho,Totalmente satisfecho,Totalmente satisfecho,Totalmente satisfecho,Totalmente satisfecho,Totalmente satisfecho,Totalmente satisfecho,Totalmente satisfecho,Totalmente satisfecho,Muy satisfecho,Muy satisfecho,Satisfecho,Satisfecho,Totalmente insatisfecho,Muy satisfecho,Totalmente satisfecho,Muy satisfecho,Totalmente satisfecho,Totalmente satisfecho,Totalmente satisfecho,Muy satisfecho,Totalmente satisfecho,Muy satisfecho,Satisfecho,Totalmente satisfecho,Totalmente satisfecho,Totalmente satisfecho,Totalmente satisfecho,Totalmente satisfecho,Muy satisfecho,Muy satisfecho,Muy satisfecho,Muy satisfecho,Totalmente satisfecho,Totalmente satisfecho,Totalmente satisfecho,10 (Promoter),
KcDFCubz,,,COMPLETED,https://survey.zohopublic.com/zs/bBC5oY,"may. 14, 2026 06:18:39 p. m.","may. 14, 2026 06:22:29 p. m.",3 mins 49 secs ,Public collector,10,100,Ingeniería Industrial,Trabajador dependiente,Tiempo completo,Muy satisfecho,Satisfecho,Muy satisfecho,Satisfecho,Muy satisfecho,Muy satisfecho,Satisfecho,Muy satisfecho,Muy satisfecho,Muy satisfecho,Muy satisfecho,Muy satisfecho,Muy satisfecho,Muy satisfecho,Satisfecho,Satisfecho,Satisfecho,Muy satisfecho,Satisfecho,Satisfecho,Muy satisfecho,Muy satisfecho,Muy satisfecho,Muy satisfecho,Muy satisfecho,Satisfecho,Muy satisfecho,Muy satisfecho,Muy satisfecho,Satisfecho,Muy satisfecho,Muy satisfecho,Satisfecho,Satisfecho,Muy satisfecho,Muy satisfecho,Muy satisfecho,Muy satisfecho,Muy satisfecho,Muy satisfecho,Muy satisfecho,Muy satisfecho,10 (Promoter),
hBDB0K1Q,,,COMPLETED,https://survey.zohopublic.com/zs/bBC5oY,"may. 14, 2026 06:19:50 p. m.","may. 14, 2026 06:23:28 p. m.",3 mins 37 secs ,Public collector,10,100,Ingeniería Industrial,Prácticas profesionales,,Satisfecho,Satisfecho,Satisfecho,Satisfecho,Muy satisfecho,Muy satisfecho,Satisfecho,Satisfecho,Satisfecho,Satisfecho,Satisfecho,Satisfecho,Satisfecho,Satisfecho,Muy satisfecho,Satisfecho,Satisfecho,Satisfecho,Satisfecho,Satisfecho,Satisfecho,Satisfecho,Satisfecho,Satisfecho,Satisfecho,Satisfecho,Totalmente satisfecho,Satisfecho,Muy satisfecho,Muy satisfecho,Muy satisfecho,Muy satisfecho,Muy satisfecho,Muy satisfecho,Totalmente satisfecho,Muy satisfecho,Muy satisfecho,Muy satisfecho,Muy satisfecho,Muy satisfecho,Muy satisfecho,Totalmente satisfecho,10 (Promoter),
DiBnFQ5A,,,COMPLETED,https://survey.zohopublic.com/zs/bBC5oY,"may. 14, 2026 06:23:17 p. m.","may. 14, 2026 06:27:04 p. m.",3 mins 46 secs ,Public collector,10,100,Ingeniería Industrial,Prácticas profesionales,,Muy satisfecho,Muy satisfecho,Totalmente satisfecho,Totalmente satisfecho,Totalmente satisfecho,Muy satisfecho,Totalmente satisfecho,Totalmente satisfecho,Totalmente satisfecho,Muy satisfecho,Muy satisfecho,Muy satisfecho,Muy satisfecho,Muy satisfecho,Muy satisfecho,Muy satisfecho,Muy satisfecho,Muy satisfecho,Muy satisfecho,Muy satisfecho,Muy satisfecho,Muy satisfecho,Muy satisfecho,Muy satisfecho,Muy satisfecho,Muy satisfecho,Muy satisfecho,Muy satisfecho,Muy satisfecho,Muy satisfecho,Totalmente satisfecho,Totalmente satisfecho,Totalmente satisfecho,Totalmente satisfecho,Muy satisfecho,Muy satisfecho,Muy satisfecho,Muy satisfecho,Muy satisfecho,Muy satisfecho,Muy satisfecho,Muy satisfecho,10 (Promoter),
9QjD4z0t,,,COMPLETED,https://survey.zohopublic.com/zs/bBC5oY,"may. 14, 2026 06:23:32 p. m.","may. 14, 2026 06:26:19 p. m.",2 mins 47 secs ,Public collector,10,100,Ingeniería Industrial,Trabajador dependiente,Tiempo completo,Totalmente satisfecho,Totalmente satisfecho,Muy satisfecho,Muy satisfecho,Muy satisfecho,Muy satisfecho,Totalmente satisfecho,Muy satisfecho,Muy satisfecho,Muy satisfecho,Muy satisfecho,Muy satisfecho,Muy satisfecho,Muy satisfecho,Muy satisfecho,Muy satisfecho,Muy satisfecho,Muy satisfecho,Muy satisfecho,Muy satisfecho,Totalmente satisfecho,Totalmente satisfecho,Muy satisfecho,Muy satisfecho,Muy satisfecho,Muy satisfecho,Muy satisfecho,Satisfecho,Muy satisfecho,Muy satisfecho,Satisfecho,Totalmente satisfecho,Totalmente satisfecho,Totalmente satisfecho,Totalmente satisfecho,Muy satisfecho,Totalmente satisfecho,Muy satisfecho,Totalmente satisfecho,Muy satisfecho,Totalmente satisfecho,Totalmente satisfecho,10 (Promoter),
OFC2NLFC,,,COMPLETED,https://survey.zohopublic.com/zs/bBC5oY,"may. 14, 2026 06:23:56 p. m.","may. 14, 2026 06:26:45 p. m.",2 mins 48 secs ,Public collector,9,100,Ingeniería Industrial,Prácticas profesionales,,Satisfecho,Satisfecho,Satisfecho,Satisfecho,Satisfecho,Satisfecho,Satisfecho,Satisfecho,Satisfecho,Satisfecho,Satisfecho,Satisfecho,Satisfecho,Satisfecho,Satisfecho,Satisfecho,Satisfecho,Satisfecho,Satisfecho,Satisfecho,Satisfecho,Satisfecho,Satisfecho,Satisfecho,Satisfecho,Satisfecho,Satisfecho,Satisfecho,Satisfecho,Satisfecho,Satisfecho,Satisfecho,Satisfecho,Satisfecho,Satisfecho,Satisfecho,Satisfecho,Satisfecho,Satisfecho,Satisfecho,Satisfecho,Satisfecho,9 (Promoter),
TxBBrvFz,,,COMPLETED,https://survey.zohopublic.com/zs/bBC5oY,"may. 14, 2026 06:23:59 p. m.","may. 14, 2026 06:27:59 p. m.",4 mins ,Public collector,10,100,Ingeniería Industrial,Trabajador dependiente,Tiempo completo,Muy satisfecho,Muy satisfecho,Totalmente satisfecho,Muy satisfecho,Totalmente satisfecho,Totalmente satisfecho,Totalmente satisfecho,Totalmente satisfecho,No utilizo,Totalmente satisfecho,Totalmente satisfecho,Totalmente satisfecho,Totalmente satisfecho,Totalmente satisfecho,Totalmente satisfecho,Totalmente satisfecho,Totalmente satisfecho,Totalmente satisfecho,Totalmente satisfecho,Totalmente satisfecho,Totalmente satisfecho,Muy satisfecho,Totalmente satisfecho,Totalmente satisfecho,Totalmente satisfecho,No utilizo,No utilizo,No utilizo,No utilizo,Muy satisfecho,Totalmente satisfecho,Totalmente satisfecho,Satisfecho,Muy satisfecho,Totalmente satisfecho,Totalmente satisfecho,Totalmente satisfecho,Totalmente satisfecho,Totalmente satisfecho,Satisfecho,Totalmente satisfecho,Totalmente satisfecho,10 (Promoter),
ofC26isG,,,COMPLETED,https://survey.zohopublic.com/zs/bBC5oY,"may. 14, 2026 06:24:15 p. m.","may. 14, 2026 06:28:20 p. m.",4 mins 4 secs ,Public collector,10,100,Ingeniería Industrial,En búsqueda de empleo,,Muy satisfecho,Satisfecho,Satisfecho,Satisfecho,Satisfecho,Satisfecho,Muy satisfecho,Satisfecho,No utilizo,Totalmente satisfecho,Satisfecho,Muy satisfecho,Satisfecho,Satisfecho,Satisfecho,Satisfecho,Satisfecho,Satisfecho,Satisfecho,Satisfecho,Satisfecho,Satisfecho,Muy satisfecho,Satisfecho,Satisfecho,Satisfecho,Muy satisfecho,Muy satisfecho,No utilizo,No utilizo,Satisfecho,Muy satisfecho,Muy satisfecho,Muy satisfecho,Muy satisfecho,Satisfecho,Satisfecho,Satisfecho,Satisfecho,Satisfecho,Satisfecho,Satisfecho,10 (Promoter),
BJzOLfVi,,,COMPLETED,https://survey.zohopublic.com/zs/bBC5oY,"may. 14, 2026 06:25:05 p. m.","may. 14, 2026 06:29:47 p. m.",4 mins 41 secs ,Public collector,10,100,Ingeniería Industrial,Trabajador dependiente,Tiempo completo,Muy satisfecho,Muy satisfecho,Muy satisfecho,Muy satisfecho,Muy satisfecho,Totalmente satisfecho,Muy satisfecho,Muy satisfecho,No conozco,Totalmente satisfecho,Totalmente satisfecho,Totalmente satisfecho,Totalmente satisfecho,Totalmente satisfecho,Totalmente satisfecho,Totalmente satisfecho,Totalmente satisfecho,Totalmente satisfecho,Totalmente satisfecho,Totalmente satisfecho,Totalmente satisfecho,Muy satisfecho,Muy satisfecho,Muy satisfecho,Muy satisfecho,Muy satisfecho,Muy satisfecho,Muy satisfecho,Muy satisfecho,Muy satisfecho,Totalmente satisfecho,Totalmente satisfecho,Totalmente satisfecho,Totalmente satisfecho,Totalmente satisfecho,Totalmente satisfecho,Totalmente satisfecho,Totalmente satisfecho,Totalmente satisfecho,Totalmente satisfecho,Totalmente satisfecho,Totalmente satisfecho,10 (Promoter),
vrCZirjd,,,COMPLETED,https://survey.zohopublic.com/zs/bBC5oY,"may. 14, 2026 06:29:29 p. m.","may. 14, 2026 06:35:35 p. m.",6 mins 6 secs ,Public collector,9,100,Ingeniería Industrial,En búsqueda de empleo,,Satisfecho,Muy satisfecho,Satisfecho,Satisfecho,Insatisfecho,Muy satisfecho,Satisfecho,Satisfecho,No conozco,Muy satisfecho,Muy satisfecho,Muy satisfecho,Muy satisfecho,Muy satisfecho,Muy satisfecho,Muy satisfecho,Muy satisfecho,Totalmente satisfecho,Totalmente satisfecho,Totalmente satisfecho,Insatisfecho,Muy satisfecho,Satisfecho,Satisfecho,Satisfecho,No conozco,Satisfecho,Satisfecho,Satisfecho,Satisfecho,Totalmente insatisfecho,Totalmente satisfecho,Totalmente satisfecho,Totalmente satisfecho,Totalmente satisfecho,Satisfecho,Satisfecho,Muy satisfecho,Muy satisfecho,Satisfecho,Muy satisfecho,Muy satisfecho,9 (Promoter),
5qt78Kds,,,COMPLETED,https://survey.zohopublic.com/zs/bBC5oY,"may. 14, 2026 06:29:49 p. m.","may. 14, 2026 06:34:41 p. m.",4 mins 51 secs ,Public collector,7,0,Ingeniería Industrial,Prácticas profesionales,,Muy satisfecho,Muy satisfecho,Muy satisfecho,Muy satisfecho,Muy satisfecho,Satisfecho,Muy satisfecho,Muy satisfecho,No utilizo,Muy satisfecho,Muy satisfecho,Muy satisfecho,Muy satisfecho,Muy satisfecho,Muy satisfecho,Muy satisfecho,Muy satisfecho,Muy satisfecho,Satisfecho,Satisfecho,Satisfecho,Totalmente satisfecho,Satisfecho,Satisfecho,Satisfecho,Satisfecho,Satisfecho,Satisfecho,Totalmente satisfecho,No utilizo,Muy satisfecho,Satisfecho,Muy satisfecho,Insatisfecho,Satisfecho,Satisfecho,Satisfecho,Satisfecho,Muy satisfecho,Satisfecho,Satisfecho,Muy satisfecho,7 (Passive),Buena enseñanza pero a veces dejan pasar a alumnos flojos solo por su amistad o confianza
ENDBbilW,,,COMPLETED,https://survey.zohopublic.com/zs/bBC5oY,"may. 14, 2026 06:30:56 p. m.","may. 14, 2026 06:52:13 p. m.",21 mins 17 secs ,Public collector,10,100,Ingeniería Industrial,Trabajador independiente,Tiempo completo,Totalmente satisfecho,Totalmente satisfecho,Totalmente satisfecho,Totalmente satisfecho,Totalmente satisfecho,Totalmente satisfecho,Totalmente satisfecho,Totalmente satisfecho,No utilizo,Totalmente satisfecho,Totalmente satisfecho,Totalmente satisfecho,Totalmente satisfecho,Totalmente satisfecho,Totalmente satisfecho,Totalmente satisfecho,Totalmente satisfecho,Totalmente satisfecho,Totalmente satisfecho,Totalmente satisfecho,Totalmente satisfecho,Totalmente satisfecho,Totalmente satisfecho,Totalmente satisfecho,Totalmente satisfecho,No conozco,Totalmente satisfecho,Totalmente satisfecho,No utilizo,Totalmente satisfecho,Totalmente satisfecho,Totalmente satisfecho,Totalmente satisfecho,Totalmente satisfecho,Totalmente satisfecho,Totalmente satisfecho,Totalmente satisfecho,Totalmente satisfecho,Totalmente satisfecho,Totalmente satisfecho,Totalmente satisfecho,Totalmente satisfecho,10 (Promoter),
RMBBpC2F,,,COMPLETED,https://survey.zohopublic.com/zs/bBC5oY,"may. 14, 2026 06:31:55 p. m.","may. 14, 2026 06:53:11 p. m.",21 mins 16 secs ,Public collector,10,100,Ingeniería Industrial,Trabajador dependiente,Tiempo completo,Satisfecho,Satisfecho,Satisfecho,Satisfecho,Satisfecho,Totalmente satisfecho,Satisfecho,Satisfecho,Satisfecho,Satisfecho,Satisfecho,Satisfecho,Satisfecho,Satisfecho,Satisfecho,Satisfecho,Satisfecho,Muy satisfecho,Muy satisfecho,Muy satisfecho,Muy satisfecho,Satisfecho,Satisfecho,Satisfecho,Satisfecho,Satisfecho,Satisfecho,No utilizo,No utilizo,Satisfecho,Totalmente satisfecho,Totalmente satisfecho,Muy satisfecho,Muy satisfecho,Muy satisfecho,Satisfecho,Satisfecho,Satisfecho,Satisfecho,Satisfecho,Totalmente satisfecho,Totalmente satisfecho,10 (Promoter),
ZDDB9kCd,,,COMPLETED,https://survey.zohopublic.com/zs/bBC5oY,"may. 14, 2026 06:38:51 p. m.","may. 14, 2026 07:17:53 p. m.",39 mins 1 sec ,Public collector,10,100,Ingeniería Industrial,En búsqueda de empleo,,Totalmente satisfecho,Totalmente satisfecho,Totalmente satisfecho,Totalmente satisfecho,Totalmente satisfecho,Totalmente satisfecho,Totalmente satisfecho,Totalmente satisfecho,No conozco,Totalmente satisfecho,Totalmente satisfecho,Totalmente satisfecho,Totalmente satisfecho,Totalmente satisfecho,Totalmente satisfecho,Totalmente satisfecho,Totalmente satisfecho,Totalmente satisfecho,Totalmente satisfecho,Totalmente satisfecho,Totalmente satisfecho,Totalmente satisfecho,Totalmente satisfecho,Totalmente satisfecho,Satisfecho,No conozco,Totalmente satisfecho,Satisfecho,No utilizo,Totalmente satisfecho,Satisfecho,Totalmente satisfecho,Totalmente satisfecho,Totalmente satisfecho,Totalmente satisfecho,Totalmente satisfecho,Satisfecho,Totalmente satisfecho,Totalmente satisfecho,Totalmente satisfecho,Totalmente satisfecho,Totalmente satisfecho,10 (Promoter),
CqC2HOpL,,,COMPLETED,https://survey.zohopublic.com/zs/bBC5oY,"may. 14, 2026 06:40:34 p. m.","may. 14, 2026 06:45:04 p. m.",4 mins 29 secs ,Public collector,9,100,Ingeniería Industrial,Trabajador dependiente,Tiempo completo,Totalmente satisfecho,Totalmente satisfecho,Totalmente satisfecho,Muy satisfecho,Totalmente satisfecho,Totalmente satisfecho,Totalmente satisfecho,Totalmente satisfecho,Totalmente satisfecho,Totalmente satisfecho,Totalmente satisfecho,Totalmente satisfecho,Totalmente satisfecho,Totalmente satisfecho,Totalmente satisfecho,Totalmente satisfecho,Totalmente satisfecho,Totalmente satisfecho,Totalmente satisfecho,Totalmente satisfecho,Totalmente satisfecho,Totalmente satisfecho,Totalmente satisfecho,Muy satisfecho,Totalmente satisfecho,Satisfecho,Totalmente satisfecho,Totalmente satisfecho,Muy satisfecho,Totalmente satisfecho,Muy satisfecho,Totalmente satisfecho,Totalmente satisfecho,Totalmente satisfecho,Totalmente satisfecho,Totalmente satisfecho,Totalmente satisfecho,Totalmente satisfecho,Totalmente satisfecho,Totalmente satisfecho,Muy satisfecho,Totalmente satisfecho,9 (Promoter),
QgBRqfMS,,,COMPLETED,https://survey.zohopublic.com/zs/bBC5oY,"may. 14, 2026 06:47:22 p. m.","may. 14, 2026 06:51:19 p. m.",3 mins 56 secs ,Public collector,10,100,Ingeniería Industrial,Prácticas profesionales,,Satisfecho,Satisfecho,Satisfecho,Satisfecho,Satisfecho,Satisfecho,Satisfecho,Satisfecho,Satisfecho,Satisfecho,Satisfecho,Satisfecho,Satisfecho,Satisfecho,Insatisfecho,Satisfecho,Satisfecho,Satisfecho,Satisfecho,Satisfecho,Satisfecho,Satisfecho,Insatisfecho,Satisfecho,Satisfecho,No conozco,Satisfecho,Satisfecho,Satisfecho,Satisfecho,Satisfecho,Satisfecho,Satisfecho,Satisfecho,Satisfecho,Satisfecho,Satisfecho,Satisfecho,Satisfecho,Satisfecho,Satisfecho,Satisfecho,10 (Promoter),
cGBBrNJT,,,COMPLETED,https://survey.zohopublic.com/zs/bBC5oY,"may. 14, 2026 07:02:59 p. m.","may. 14, 2026 07:07:53 p. m.",4 mins 53 secs ,Public collector,10,100,Ingeniería Industrial,Prácticas profesionales,,Muy satisfecho,Muy satisfecho,Muy satisfecho,Totalmente satisfecho,Satisfecho,Muy satisfecho,Muy satisfecho,Muy satisfecho,No utilizo,Muy satisfecho,Muy satisfecho,Muy satisfecho,Muy satisfecho,Muy satisfecho,Muy satisfecho,Muy satisfecho,Muy satisfecho,Totalmente satisfecho,Totalmente satisfecho,Totalmente satisfecho,Totalmente satisfecho,Totalmente satisfecho,Totalmente satisfecho,Totalmente satisfecho,Totalmente satisfecho,Totalmente satisfecho,Totalmente satisfecho,Totalmente satisfecho,No utilizo,Muy satisfecho,Muy satisfecho,Totalmente satisfecho,Totalmente satisfecho,Totalmente satisfecho,Totalmente satisfecho,Totalmente satisfecho,Totalmente satisfecho,Totalmente satisfecho,Totalmente satisfecho,Totalmente satisfecho,Totalmente satisfecho,Totalmente satisfecho,10 (Promoter),
klDFJh9y,,,COMPLETED,https://survey.zohopublic.com/zs/bBC5oY,"may. 14, 2026 07:03:01 p. m.","may. 14, 2026 07:07:30 p. m.",4 mins 28 secs ,Public collector,9,100,Ingeniería Industrial,Prácticas profesionales,,Totalmente satisfecho,Totalmente satisfecho,Totalmente satisfecho,Totalmente satisfecho,Totalmente satisfecho,Muy satisfecho,Totalmente satisfecho,Totalmente satisfecho,Totalmente satisfecho,Muy satisfecho,Totalmente satisfecho,Totalmente satisfecho,Totalmente satisfecho,Totalmente satisfecho,Totalmente satisfecho,Totalmente satisfecho,Totalmente satisfecho,Totalmente satisfecho,Totalmente satisfecho,Muy satisfecho,Muy satisfecho,Totalmente satisfecho,Totalmente satisfecho,Muy satisfecho,Muy satisfecho,Muy satisfecho,Totalmente satisfecho,Totalmente satisfecho,Muy satisfecho,Totalmente satisfecho,Totalmente satisfecho,Totalmente satisfecho,Totalmente satisfecho,Muy satisfecho,Totalmente satisfecho,Muy satisfecho,Totalmente satisfecho,Totalmente satisfecho,Muy satisfecho,Totalmente satisfecho,Totalmente satisfecho,Totalmente satisfecho,9 (Promoter),
6WzAiB70,,,COMPLETED,https://survey.zohopublic.com/zs/bBC5oY,"may. 14, 2026 07:03:02 p. m.","may. 14, 2026 07:07:42 p. m.",4 mins 39 secs ,Public collector,9,100,Ingeniería Industrial,Trabajador dependiente,Tiempo completo,Satisfecho,Satisfecho,Muy satisfecho,Muy satisfecho,Muy satisfecho,Satisfecho,Satisfecho,Satisfecho,No utilizo,Muy satisfecho,Satisfecho,Muy satisfecho,Muy satisfecho,Satisfecho,Satisfecho,Satisfecho,Muy satisfecho,Satisfecho,Muy satisfecho,Satisfecho,Muy satisfecho,Satisfecho,No utilizo,Satisfecho,Satisfecho,No utilizo,Satisfecho,Satisfecho,No utilizo,No utilizo,Satisfecho,Satisfecho,Insatisfecho,Satisfecho,Muy satisfecho,Satisfecho,Satisfecho,Satisfecho,Satisfecho,No utilizo,Muy satisfecho,Satisfecho,9 (Promoter),
VOtlQ2nK,,,COMPLETED,https://survey.zohopublic.com/zs/bBC5oY,"may. 14, 2026 07:03:17 p. m.","may. 14, 2026 07:04:57 p. m.",1 min 39 secs ,Public collector,9,100,Ingeniería Industrial,Prácticas profesionales,,Muy satisfecho,Muy satisfecho,Muy satisfecho,Muy satisfecho,Muy satisfecho,Muy satisfecho,Muy satisfecho,Muy satisfecho,Muy satisfecho,Muy satisfecho,Muy satisfecho,Muy satisfecho,Muy satisfecho,Muy satisfecho,Muy satisfecho,Muy satisfecho,Muy satisfecho,Muy satisfecho,Muy satisfecho,Muy satisfecho,Muy satisfecho,Muy satisfecho,Muy satisfecho,Muy satisfecho,Muy satisfecho,Satisfecho,Satisfecho,Satisfecho,Satisfecho,Satisfecho,Muy satisfecho,Muy satisfecho,Muy satisfecho,Satisfecho,Muy satisfecho,Muy satisfecho,Muy satisfecho,Muy satisfecho,Muy satisfecho,Muy satisfecho,Muy satisfecho,Muy satisfecho,9 (Promoter),
PWC5KRBM,,,COMPLETED,https://survey.zohopublic.com/zs/bBC5oY,"may. 14, 2026 09:51:15 p. m.","may. 14, 2026 09:57:10 p. m.",5 mins 55 secs ,Public collector,10,100,Ingeniería Industrial,Prácticas pre - profesionales,,Totalmente satisfecho,Totalmente satisfecho,Totalmente satisfecho,Totalmente satisfecho,Totalmente satisfecho,Totalmente satisfecho,Totalmente satisfecho,Totalmente satisfecho,Totalmente satisfecho,Totalmente satisfecho,Muy satisfecho,Totalmente satisfecho,Muy satisfecho,Totalmente satisfecho,Totalmente satisfecho,Totalmente satisfecho,Totalmente satisfecho,Totalmente satisfecho,Totalmente satisfecho,Totalmente satisfecho,Totalmente satisfecho,Totalmente satisfecho,Totalmente satisfecho,Totalmente satisfecho,Satisfecho,No utilizo,Totalmente satisfecho,Totalmente satisfecho,No utilizo,No utilizo,Totalmente satisfecho,Totalmente satisfecho,Totalmente satisfecho,Totalmente satisfecho,Totalmente satisfecho,Totalmente satisfecho,Totalmente satisfecho,Totalmente satisfecho,Totalmente satisfecho,Totalmente satisfecho,Totalmente satisfecho,Totalmente satisfecho,10 (Promoter),
jrC5oUUo,,,COMPLETED,https://survey.zohopublic.com/zs/bBC5oY,"may. 15, 2026 12:06:00 a. m.","may. 15, 2026 12:08:27 a. m.",2 mins 27 secs ,Public collector,10,100,Ingeniería Industrial,Prácticas profesionales,,Totalmente satisfecho,Totalmente satisfecho,Totalmente satisfecho,Totalmente satisfecho,Totalmente satisfecho,Totalmente satisfecho,Totalmente satisfecho,Totalmente satisfecho,Totalmente satisfecho,Totalmente satisfecho,Totalmente satisfecho,Totalmente satisfecho,Totalmente satisfecho,Totalmente satisfecho,Totalmente satisfecho,Totalmente satisfecho,Totalmente satisfecho,Totalmente satisfecho,Totalmente satisfecho,Totalmente satisfecho,Totalmente satisfecho,Totalmente satisfecho,Totalmente satisfecho,Totalmente satisfecho,Totalmente satisfecho,Totalmente satisfecho,Totalmente satisfecho,Totalmente satisfecho,Totalmente satisfecho,Totalmente satisfecho,Totalmente satisfecho,Totalmente satisfecho,Totalmente satisfecho,Totalmente satisfecho,Totalmente satisfecho,Totalmente satisfecho,Totalmente satisfecho,Totalmente satisfecho,Satisfecho,Totalmente satisfecho,Totalmente satisfecho,Totalmente satisfecho,10 (Promoter),
MCBhiyoU,,,COMPLETED,https://survey.zohopublic.com/zs/bBC5oY,"may. 15, 2026 08:21:29 a. m.","may. 15, 2026 08:25:31 a. m.",4 mins 1 sec ,Public collector,10,100,Ingeniería Industrial,Trabajador dependiente,Tiempo completo,Totalmente satisfecho,Totalmente satisfecho,Muy satisfecho,Totalmente satisfecho,Totalmente satisfecho,Totalmente satisfecho,Totalmente satisfecho,Totalmente satisfecho,No utilizo,Totalmente satisfecho,Totalmente satisfecho,Totalmente satisfecho,Totalmente satisfecho,Totalmente satisfecho,Totalmente satisfecho,Totalmente satisfecho,Totalmente satisfecho,Totalmente satisfecho,Totalmente satisfecho,Totalmente satisfecho,Totalmente satisfecho,Totalmente satisfecho,Totalmente satisfecho,Totalmente satisfecho,Totalmente satisfecho,No utilizo,Totalmente satisfecho,No utilizo,No utilizo,No utilizo,Totalmente satisfecho,Totalmente satisfecho,Totalmente satisfecho,Totalmente satisfecho,Totalmente satisfecho,Totalmente satisfecho,Totalmente satisfecho,Totalmente satisfecho,Totalmente satisfecho,Totalmente satisfecho,Totalmente satisfecho,Totalmente satisfecho,10 (Promoter),
B8DBLQcK,,,COMPLETED,https://survey.zohopublic.com/zs/bBC5oY,"may. 15, 2026 01:50:38 p. m.","may. 15, 2026 01:54:17 p. m.",3 mins 39 secs ,Public collector,9,100,Ingeniería Industrial,Trabajador dependiente,Tiempo completo,Muy satisfecho,Muy satisfecho,Muy satisfecho,Muy satisfecho,Muy satisfecho,Muy satisfecho,Muy satisfecho,Muy satisfecho,Totalmente satisfecho,Muy satisfecho,Muy satisfecho,Muy satisfecho,Muy satisfecho,Muy satisfecho,Satisfecho,Muy satisfecho,Muy satisfecho,Muy satisfecho,Totalmente satisfecho,Muy satisfecho,Muy satisfecho,Muy satisfecho,Muy satisfecho,Muy satisfecho,Satisfecho,Muy satisfecho,Satisfecho,Muy satisfecho,Muy satisfecho,Satisfecho,Muy satisfecho,Muy satisfecho,Satisfecho,Muy satisfecho,Muy satisfecho,Muy satisfecho,Satisfecho,Muy satisfecho,Muy satisfecho,Muy satisfecho,Muy satisfecho,Muy satisfecho,9 (Promoter),
ohBhGrxi,,,COMPLETED,https://survey.zohopublic.com/zs/bBC5oY,"jun. 18, 2026 05:49:39 p. m.","jun. 18, 2026 05:57:53 p. m.",8 mins 13 secs ,Public collector,10,100,Negocios Internacionales,Prácticas profesionales,,Totalmente satisfecho,Muy satisfecho,Muy satisfecho,Muy satisfecho,Muy satisfecho,Muy satisfecho,Muy satisfecho,Muy satisfecho,Muy satisfecho,Muy satisfecho,Muy satisfecho,Muy satisfecho,Muy satisfecho,Muy satisfecho,Muy satisfecho,Muy satisfecho,Muy satisfecho,Muy satisfecho,Muy satisfecho,Muy satisfecho,Muy satisfecho,Muy satisfecho,Satisfecho,Muy satisfecho,Muy satisfecho,Muy satisfecho,Muy satisfecho,Muy satisfecho,Muy satisfecho,Muy satisfecho,Muy satisfecho,Muy satisfecho,Muy satisfecho,Muy satisfecho,Muy satisfecho,Muy satisfecho,Muy satisfecho,Satisfecho,Muy satisfecho,Muy satisfecho,Muy satisfecho,Muy satisfecho,10 (Promoter),nn
59BhegP9,,,COMPLETED,https://survey.zohopublic.com/zs/bBC5oY,"jun. 18, 2026 05:49:48 p. m.","jun. 18, 2026 06:02:14 p. m.",12 mins 25 secs ,Public collector,10,100,Negocios Internacionales,Trabajador dependiente,Tiempo completo,Satisfecho,Muy satisfecho,Muy satisfecho,Muy satisfecho,Muy satisfecho,Muy satisfecho,Muy satisfecho,Muy satisfecho,No conozco,Muy satisfecho,Satisfecho,Muy satisfecho,Satisfecho,Satisfecho,Muy satisfecho,Muy satisfecho,Satisfecho,Satisfecho,Muy satisfecho,Muy satisfecho,Muy satisfecho,Muy satisfecho,Muy satisfecho,Muy satisfecho,Muy satisfecho,Insatisfecho,Muy satisfecho,Muy satisfecho,No utilizo,Muy satisfecho,Satisfecho,Totalmente satisfecho,Muy satisfecho,Muy satisfecho,Muy satisfecho,Satisfecho,Satisfecho,Satisfecho,Satisfecho,Satisfecho,Muy satisfecho,Muy satisfecho,10 (Promoter),Increible
sAtBkuyq,,,COMPLETED,https://survey.zohopublic.com/zs/bBC5oY,"jun. 18, 2026 05:50:10 p. m.","jun. 18, 2026 05:56:50 p. m.",6 mins 40 secs ,Public collector,9,100,Negocios Internacionales,Prácticas profesionales,,Satisfecho,Satisfecho,Satisfecho,Satisfecho,Satisfecho,Satisfecho,Muy satisfecho,Muy satisfecho,Satisfecho,Muy satisfecho,Satisfecho,Muy satisfecho,Satisfecho,Satisfecho,Satisfecho,Satisfecho,Satisfecho,Satisfecho,Satisfecho,Satisfecho,Satisfecho,Satisfecho,Satisfecho,Satisfecho,Satisfecho,Satisfecho,Satisfecho,Satisfecho,Satisfecho,Satisfecho,Satisfecho,Satisfecho,Satisfecho,Satisfecho,Satisfecho,Satisfecho,Muy satisfecho,Muy satisfecho,Satisfecho,Satisfecho,Satisfecho,Muy satisfecho,9 (Promoter),Es una universidad de categoría.
iNC5hQan,,,COMPLETED,https://survey.zohopublic.com/zs/bBC5oY,"jun. 18, 2026 05:52:19 p. m.","jun. 18, 2026 06:08:39 p. m.",16 mins 20 secs ,Public collector,9,100,Negocios Internacionales,Trabajador independiente,Tiempo completo,Muy satisfecho,Muy satisfecho,Satisfecho,Satisfecho,Muy satisfecho,Muy satisfecho,Satisfecho,Satisfecho,Muy satisfecho,Muy satisfecho,Muy satisfecho,Muy satisfecho,Muy satisfecho,Muy satisfecho,Muy satisfecho,Muy satisfecho,Muy satisfecho,Totalmente satisfecho,Totalmente satisfecho,Totalmente satisfecho,Satisfecho,Muy satisfecho,Muy satisfecho,Muy satisfecho,Muy satisfecho,Muy satisfecho,Muy satisfecho,No utilizo,No utilizo,Muy satisfecho,Muy satisfecho,Muy satisfecho,Muy satisfecho,No utilizo,,No utilizo,Muy satisfecho,Muy satisfecho,Muy satisfecho,Muy satisfecho,Muy satisfecho,Totalmente satisfecho,9 (Promoter),"Universidad completa, prestigio, contactos y nivel de profesionales"
rhC2dpoJ,,,COMPLETED,https://survey.zohopublic.com/zs/bBC5oY,"jun. 18, 2026 05:52:20 p. m.","jun. 18, 2026 05:59:53 p. m.",7 mins 32 secs ,Public collector,9,100,Negocios Internacionales,Prácticas profesionales,,Muy satisfecho,Totalmente satisfecho,Muy satisfecho,Muy satisfecho,Totalmente satisfecho,Muy satisfecho,Muy satisfecho,Muy satisfecho,No utilizo,Muy satisfecho,Muy satisfecho,Muy satisfecho,Muy satisfecho,Muy satisfecho,Muy satisfecho,Muy satisfecho,Muy satisfecho,Muy satisfecho,Muy satisfecho,Muy satisfecho,Muy satisfecho,Muy satisfecho,Satisfecho,Satisfecho,Muy satisfecho,Muy satisfecho,Muy satisfecho,Muy satisfecho,Muy satisfecho,Muy satisfecho,Muy satisfecho,Muy satisfecho,Satisfecho,Satisfecho,Muy satisfecho,Muy satisfecho,Muy satisfecho,Muy satisfecho,Muy satisfecho,Muy satisfecho,Muy satisfecho,Muy satisfecho,9 (Promoter),Excelencia
McCZt6CV,,,COMPLETED,https://survey.zohopublic.com/zs/bBC5oY,"jun. 18, 2026 05:52:35 p. m.","jun. 18, 2026 06:00:45 p. m.",8 mins 9 secs ,Public collector,9,100,Negocios Internacionales,Prácticas profesionales,,Satisfecho,Satisfecho,Satisfecho,Satisfecho,Satisfecho,Muy satisfecho,Satisfecho,Satisfecho,No utilizo,Muy satisfecho,Muy satisfecho,Satisfecho,Satisfecho,Satisfecho,Satisfecho,Satisfecho,Muy satisfecho,Muy satisfecho,Satisfecho,Satisfecho,Muy satisfecho,Muy satisfecho,Satisfecho,Satisfecho,Satisfecho,Muy satisfecho,No utilizo,No utilizo,No utilizo,No utilizo,Satisfecho,Muy satisfecho,Satisfecho,Satisfecho,Satisfecho,Satisfecho,Insatisfecho,Insatisfecho,Satisfecho,Satisfecho,Satisfecho,Muy satisfecho,9 (Promoter),Compromiso notable con la educación
REC2EDKF,,,COMPLETED,https://survey.zohopublic.com/zs/bBC5oY,"jun. 18, 2026 05:54:42 p. m.","jun. 18, 2026 06:05:21 p. m.",10 mins 38 secs ,Public collector,9,100,Negocios Internacionales,Prácticas profesionales,,Muy satisfecho,Satisfecho,Satisfecho,Muy satisfecho,Muy satisfecho,Muy satisfecho,Totalmente satisfecho,Muy satisfecho,No conozco,Muy satisfecho,Muy satisfecho,Muy satisfecho,Satisfecho,Muy satisfecho,Muy satisfecho,Satisfecho,Satisfecho,Muy satisfecho,Satisfecho,Muy satisfecho,Satisfecho,Muy satisfecho,Muy satisfecho,Satisfecho,Muy satisfecho,No conozco,Satisfecho,No utilizo,No utilizo,No utilizo,Muy satisfecho,Totalmente satisfecho,Muy satisfecho,Satisfecho,Totalmente satisfecho,Satisfecho,Totalmente satisfecho,Satisfecho,Satisfecho,Insatisfecho,Muy satisfecho,Muy satisfecho,9 (Promoter),Perfil completo y entorno adecuado
2DC5bBlH,,,COMPLETED,https://survey.zohopublic.com/zs/bBC5oY,"jun. 18, 2026 05:55:19 p. m.","jun. 18, 2026 06:01:51 p. m.",6 mins 31 secs ,Public collector,10,100,Negocios Internacionales,Trabajador dependiente,Tiempo completo,Totalmente satisfecho,Totalmente satisfecho,Totalmente satisfecho,Totalmente satisfecho,Totalmente satisfecho,Totalmente satisfecho,Totalmente satisfecho,Totalmente satisfecho,Totalmente satisfecho,Totalmente satisfecho,Totalmente satisfecho,Totalmente satisfecho,Totalmente satisfecho,Totalmente satisfecho,Totalmente satisfecho,Totalmente satisfecho,Totalmente satisfecho,Totalmente satisfecho,Totalmente satisfecho,Totalmente satisfecho,Totalmente satisfecho,Totalmente satisfecho,Totalmente satisfecho,Totalmente satisfecho,Totalmente satisfecho,Totalmente satisfecho,Totalmente satisfecho,Totalmente satisfecho,Totalmente satisfecho,Totalmente satisfecho,Totalmente satisfecho,Totalmente satisfecho,Totalmente satisfecho,Totalmente satisfecho,Totalmente satisfecho,Totalmente satisfecho,Totalmente satisfecho,Totalmente satisfecho,Totalmente satisfecho,Totalmente satisfecho,Totalmente satisfecho,Totalmente satisfecho,10 (Promoter),Una enseñanza con casos reales y la última tecnologia
z2BR6EUo,,,COMPLETED,https://survey.zohopublic.com/zs/bBC5oY,"jun. 18, 2026 05:55:38 p. m.","jun. 18, 2026 06:00:28 p. m.",4 mins 50 secs ,Public collector,10,100,Negocios Internacionales,Prácticas profesionales,,Muy satisfecho,Satisfecho,Insatisfecho,Muy satisfecho,Satisfecho,Muy satisfecho,Muy satisfecho,Muy satisfecho,No utilizo,Muy satisfecho,Muy satisfecho,Totalmente satisfecho,Muy satisfecho,Muy satisfecho,Muy satisfecho,Muy satisfecho,Satisfecho,Muy satisfecho,Satisfecho,Muy satisfecho,Satisfecho,Muy satisfecho,Satisfecho,Totalmente satisfecho,Totalmente satisfecho,No utilizo,Satisfecho,Muy satisfecho,Satisfecho,Muy satisfecho,Muy satisfecho,Muy satisfecho,Satisfecho,No utilizo,,Muy satisfecho,Muy satisfecho,Muy satisfecho,Muy satisfecho,Satisfecho,Satisfecho,Totalmente satisfecho,10 (Promoter),"La infraestructura es excelente, siempre buscan mejorar ese aspecto, calidad de ensañanza exigencia también."
UCBRvWeS,,,COMPLETED,https://survey.zohopublic.com/zs/bBC5oY,"jun. 18, 2026 05:55:39 p. m.","jun. 18, 2026 06:01:04 p. m.",5 mins 25 secs ,Public collector,10,100,Negocios Internacionales,Trabajador dependiente,Tiempo completo,Muy satisfecho,Muy satisfecho,Muy satisfecho,Muy satisfecho,Muy satisfecho,Totalmente satisfecho,Muy satisfecho,Totalmente satisfecho,Muy satisfecho,Totalmente satisfecho,Totalmente satisfecho,Muy satisfecho,Muy satisfecho,Muy satisfecho,Satisfecho,Muy satisfecho,Satisfecho,Muy satisfecho,Satisfecho,Muy satisfecho,Muy satisfecho,Muy satisfecho,Satisfecho,Satisfecho,Muy satisfecho,Muy satisfecho,Muy satisfecho,Muy satisfecho,Muy satisfecho,Muy satisfecho,Muy satisfecho,Muy satisfecho,Muy satisfecho,Muy satisfecho,Muy satisfecho,Muy satisfecho,Muy satisfecho,Muy satisfecho,Muy satisfecho,Satisfecho,Totalmente satisfecho,Totalmente satisfecho,10 (Promoter),Buena universidad
ZjBBabCQ,,,COMPLETED,https://survey.zohopublic.com/zs/bBC5oY,"jun. 18, 2026 05:55:53 p. m.","jun. 18, 2026 06:06:27 p. m.",10 mins 34 secs ,Public collector,10,100,Negocios Internacionales,Trabajador dependiente,Tiempo completo,Muy satisfecho,Muy satisfecho,Muy satisfecho,Muy satisfecho,Muy satisfecho,Muy satisfecho,Muy satisfecho,Muy satisfecho,Muy satisfecho,Muy satisfecho,Muy satisfecho,Muy satisfecho,Muy satisfecho,Muy satisfecho,Muy satisfecho,Muy satisfecho,Satisfecho,Satisfecho,Satisfecho,Satisfecho,Satisfecho,Satisfecho,Satisfecho,Satisfecho,Satisfecho,Satisfecho,Satisfecho,Satisfecho,Totalmente satisfecho,Satisfecho,Satisfecho,Muy satisfecho,Satisfecho,Satisfecho,Satisfecho,Satisfecho,Satisfecho,Satisfecho,Satisfecho,Satisfecho,Muy satisfecho,Muy satisfecho,10 (Promoter),La calidad del nivel educativo es muy bueno y los contactos que puedes tener aquí ayudan mucho
ulz2n68A,,,COMPLETED,https://survey.zohopublic.com/zs/bBC5oY,"jun. 18, 2026 05:56:07 p. m.","jun. 18, 2026 06:04:03 p. m.",7 mins 56 secs ,Public collector,9,100,Negocios Internacionales,Trabajador independiente,Tiempo parcial,Muy satisfecho,Muy satisfecho,Satisfecho,Totalmente satisfecho,Satisfecho,Satisfecho,Muy satisfecho,Muy satisfecho,Satisfecho,Satisfecho,Satisfecho,Satisfecho,Satisfecho,Satisfecho,Muy satisfecho,Muy satisfecho,Satisfecho,Satisfecho,Muy satisfecho,Muy satisfecho,Satisfecho,Satisfecho,Satisfecho,Satisfecho,Muy satisfecho,Satisfecho,Muy satisfecho,Satisfecho,Muy satisfecho,Satisfecho,Muy satisfecho,Muy satisfecho,Satisfecho,Satisfecho,Muy satisfecho,Satisfecho,Satisfecho,Satisfecho,Muy satisfecho,Satisfecho,Satisfecho,Muy satisfecho,9 (Promoter),.
4SBnsw4O,,,COMPLETED,https://survey.zohopublic.com/zs/bBC5oY,"jun. 18, 2026 05:56:19 p. m.","jun. 18, 2026 06:09:42 p. m.",13 mins 22 secs ,Public collector,10,100,Negocios Internacionales,Trabajador dependiente,Tiempo completo,Muy satisfecho,Muy satisfecho,Totalmente satisfecho,Totalmente satisfecho,Totalmente satisfecho,Totalmente satisfecho,Totalmente satisfecho,Totalmente satisfecho,No utilizo,Totalmente satisfecho,Muy satisfecho,Muy satisfecho,Satisfecho,Totalmente satisfecho,Totalmente satisfecho,Muy satisfecho,Satisfecho,Totalmente satisfecho,Muy satisfecho,Muy satisfecho,Totalmente satisfecho,Totalmente satisfecho,Muy satisfecho,Totalmente satisfecho,Satisfecho,No conozco,Muy satisfecho,No utilizo,No utilizo,Muy satisfecho,Totalmente satisfecho,Totalmente satisfecho,Totalmente satisfecho,Totalmente satisfecho,Totalmente satisfecho,Totalmente satisfecho,Totalmente satisfecho,Totalmente satisfecho,Totalmente satisfecho,Totalmente satisfecho,Totalmente satisfecho,Totalmente satisfecho,10 (Promoter),"Sin duda me dio demasiado conocimiento, el cual aplicó y lo veo en situaciones de mi día día corporativo"
y4BRijDc,,,COMPLETED,https://survey.zohopublic.com/zs/bBC5oY,"jun. 18, 2026 05:56:24 p. m.","jun. 18, 2026 06:10:52 p. m.",14 mins 28 secs ,Public collector,10,100,Negocios Internacionales,Trabajador dependiente,Tiempo completo,Muy satisfecho,Muy satisfecho,Muy satisfecho,Muy satisfecho,Muy satisfecho,Totalmente satisfecho,Totalmente satisfecho,Totalmente satisfecho,No conozco,Totalmente satisfecho,Muy satisfecho,Muy satisfecho,Muy satisfecho,Totalmente satisfecho,Muy satisfecho,Totalmente satisfecho,Muy satisfecho,Muy satisfecho,Muy satisfecho,Muy satisfecho,Muy satisfecho,Muy satisfecho,Muy satisfecho,Muy satisfecho,Muy satisfecho,Muy satisfecho,Muy satisfecho,Muy satisfecho,Muy satisfecho,Muy satisfecho,Satisfecho,Muy satisfecho,Muy satisfecho,No utilizo,,Satisfecho,Satisfecho,Muy satisfecho,Muy satisfecho,Muy satisfecho,Totalmente satisfecho,Totalmente satisfecho,10 (Promoter),"Conocimiento, networking, reconocimientos"
HrC2vAZb,,,COMPLETED,https://survey.zohopublic.com/zs/bBC5oY,"jun. 18, 2026 05:56:39 p. m.","jun. 18, 2026 06:13:27 p. m.",16 mins 48 secs ,Public collector,10,100,Negocios Internacionales,Prácticas profesionales,,Totalmente satisfecho,Totalmente satisfecho,Totalmente satisfecho,Totalmente satisfecho,Totalmente satisfecho,Totalmente satisfecho,Totalmente satisfecho,Totalmente satisfecho,Satisfecho,Totalmente satisfecho,Totalmente satisfecho,Totalmente satisfecho,Totalmente satisfecho,Totalmente satisfecho,Totalmente satisfecho,Totalmente satisfecho,Totalmente satisfecho,Totalmente satisfecho,Totalmente satisfecho,Totalmente satisfecho,Totalmente satisfecho,Totalmente satisfecho,Totalmente satisfecho,Muy satisfecho,Totalmente satisfecho,No utilizo,No utilizo,Totalmente satisfecho,Totalmente satisfecho,Totalmente satisfecho,Totalmente satisfecho,Totalmente satisfecho,Totalmente satisfecho,Totalmente satisfecho,Totalmente satisfecho,No utilizo,Totalmente satisfecho,Totalmente satisfecho,Totalmente satisfecho,Totalmente satisfecho,Totalmente satisfecho,Totalmente satisfecho,10 (Promoter),Muy contenta con la experiencia en la universidad
PPCZqQSJ,,,COMPLETED,https://survey.zohopublic.com/zs/bBC5oY,"jun. 18, 2026 05:56:47 p. m.","jun. 18, 2026 06:19:13 p. m.",22 mins 25 secs ,Public collector,10,100,Negocios Internacionales,Prácticas profesionales,,Muy satisfecho,Muy satisfecho,Muy satisfecho,Muy satisfecho,Muy satisfecho,Muy satisfecho,Muy satisfecho,Totalmente satisfecho,Insatisfecho,Muy satisfecho,Totalmente satisfecho,Muy satisfecho,Muy satisfecho,Muy satisfecho,Muy satisfecho,Totalmente satisfecho,Totalmente satisfecho,Muy satisfecho,Muy satisfecho,Muy satisfecho,Totalmente satisfecho,Totalmente satisfecho,Totalmente satisfecho,Muy satisfecho,Muy satisfecho,Insatisfecho,No utilizo,No utilizo,No utilizo,Totalmente satisfecho,Totalmente satisfecho,Totalmente satisfecho,Totalmente satisfecho,No conozco,,Muy satisfecho,Totalmente satisfecho,Totalmente satisfecho,Totalmente satisfecho,No utilizo,Totalmente satisfecho,Totalmente satisfecho,10 (Promoter),Programa de estudios muy completo y oportunidades laborales amplias.
rpzFyTPL,,,COMPLETED,https://survey.zohopublic.com/zs/bBC5oY,"jun. 18, 2026 05:57:51 p. m.","jun. 18, 2026 06:06:24 p. m.",8 mins 33 secs ,Public collector,10,100,Negocios Internacionales,Trabajador dependiente,Tiempo completo,Totalmente satisfecho,Totalmente satisfecho,Totalmente satisfecho,Totalmente satisfecho,Muy satisfecho,Totalmente satisfecho,Muy satisfecho,Muy satisfecho,No utilizo,Muy satisfecho,Muy satisfecho,Muy satisfecho,Totalmente satisfecho,Totalmente satisfecho,Totalmente satisfecho,Totalmente satisfecho,Totalmente satisfecho,Totalmente satisfecho,Totalmente satisfecho,Totalmente satisfecho,Totalmente satisfecho,Satisfecho,Totalmente satisfecho,Satisfecho,Satisfecho,Totalmente insatisfecho,Satisfecho,Totalmente insatisfecho,Totalmente satisfecho,Totalmente satisfecho,Totalmente satisfecho,Totalmente satisfecho,Totalmente satisfecho,Totalmente satisfecho,Totalmente satisfecho,Totalmente satisfecho,Totalmente satisfecho,Totalmente satisfecho,Totalmente satisfecho,Muy satisfecho,Muy satisfecho,Muy satisfecho,10 (Promoter),La calidad educativa es buena.
SDBnv1fa,,,COMPLETED,https://survey.zohopublic.com/zs/bBC5oY,"jun. 18, 2026 05:58:15 p. m.","jun. 18, 2026 06:03:14 p. m.",4 mins 58 secs ,Public collector,9,100,Negocios Internacionales,Trabajador dependiente,Tiempo completo,Muy satisfecho,Muy satisfecho,Satisfecho,Muy satisfecho,Satisfecho,Satisfecho,Satisfecho,Satisfecho,Satisfecho,Satisfecho,Satisfecho,Satisfecho,Satisfecho,Satisfecho,Satisfecho,Satisfecho,Satisfecho,Muy satisfecho,Satisfecho,Satisfecho,Satisfecho,Satisfecho,Satisfecho,Satisfecho,Satisfecho,No conozco,No conozco,No conozco,No conozco,No conozco,Muy satisfecho,Satisfecho,Insatisfecho,No conozco,,Satisfecho,Satisfecho,Satisfecho,Insatisfecho,Insatisfecho,Satisfecho,Satisfecho,9 (Promoter),porque es una gran universidad que apoya al alumno
W7C2skzJ,,,COMPLETED,https://survey.zohopublic.com/zs/bBC5oY,"jun. 18, 2026 05:58:30 p. m.","jun. 18, 2026 06:05:18 p. m.",6 mins 47 secs ,Public collector,10,100,Negocios Internacionales,Prácticas profesionales,,Satisfecho,Satisfecho,Satisfecho,Satisfecho,Satisfecho,Satisfecho,Satisfecho,Satisfecho,Satisfecho,Satisfecho,Satisfecho,Satisfecho,Satisfecho,Satisfecho,Satisfecho,Satisfecho,Satisfecho,Satisfecho,Satisfecho,Satisfecho,Satisfecho,Satisfecho,Satisfecho,Satisfecho,Satisfecho,Satisfecho,Satisfecho,Satisfecho,Satisfecho,Satisfecho,Satisfecho,Satisfecho,Satisfecho,Satisfecho,Satisfecho,Satisfecho,Satisfecho,Satisfecho,Satisfecho,Satisfecho,Satisfecho,Satisfecho,10 (Promoter),Muy buena universidad
9jC5asNK,,,COMPLETED,https://survey.zohopublic.com/zs/bBC5oY,"jun. 18, 2026 05:59:08 p. m.","jun. 18, 2026 06:04:08 p. m.",5 mins ,Public collector,10,100,Negocios Internacionales,Trabajador dependiente,Tiempo completo,Totalmente satisfecho,Totalmente satisfecho,Totalmente satisfecho,Totalmente satisfecho,Totalmente satisfecho,Totalmente satisfecho,Totalmente satisfecho,Totalmente satisfecho,Muy satisfecho,Totalmente satisfecho,Totalmente satisfecho,Totalmente satisfecho,Totalmente satisfecho,Totalmente satisfecho,Totalmente satisfecho,Totalmente satisfecho,Totalmente satisfecho,Totalmente satisfecho,Totalmente satisfecho,Totalmente satisfecho,Totalmente satisfecho,Totalmente satisfecho,Totalmente satisfecho,Totalmente satisfecho,Totalmente satisfecho,Totalmente satisfecho,Totalmente satisfecho,Totalmente satisfecho,Totalmente satisfecho,Totalmente satisfecho,Totalmente satisfecho,Totalmente satisfecho,Totalmente satisfecho,Totalmente satisfecho,Totalmente satisfecho,Totalmente satisfecho,Totalmente satisfecho,Muy satisfecho,Muy satisfecho,Muy satisfecho,Totalmente satisfecho,Totalmente satisfecho,10 (Promoter),N
Mpj8RF2w,,,COMPLETED,https://survey.zohopublic.com/zs/bBC5oY,"jun. 18, 2026 06:00:56 p. m.","jun. 18, 2026 06:10:54 p. m.",9 mins 58 secs ,Public collector,9,100,Negocios Internacionales,Prácticas profesionales,,Satisfecho,Insatisfecho,Satisfecho,Muy satisfecho,Muy satisfecho,Totalmente satisfecho,Totalmente satisfecho,Muy satisfecho,Muy satisfecho,Satisfecho,Muy satisfecho,Totalmente satisfecho,Satisfecho,Muy satisfecho,Totalmente satisfecho,Totalmente satisfecho,Totalmente satisfecho,Muy satisfecho,Muy satisfecho,Muy satisfecho,Muy satisfecho,Totalmente satisfecho,Muy satisfecho,Muy satisfecho,Satisfecho,Satisfecho,Totalmente satisfecho,Insatisfecho,Satisfecho,Satisfecho,Satisfecho,Insatisfecho,Satisfecho,No utilizo,,Muy satisfecho,Totalmente insatisfecho,Muy satisfecho,Totalmente insatisfecho,Totalmente insatisfecho,Muy satisfecho,Muy satisfecho,9 (Promoter),;)
lYCZjbuy,,,COMPLETED,https://survey.zohopublic.com/zs/bBC5oY,"jun. 18, 2026 06:01:08 p. m.","jun. 18, 2026 06:06:37 p. m.",5 mins 29 secs ,Public collector,10,100,Negocios Internacionales,Trabajador dependiente,Tiempo completo,Satisfecho,Satisfecho,Satisfecho,Muy satisfecho,Satisfecho,Muy satisfecho,Muy satisfecho,Satisfecho,No conozco,Muy satisfecho,Muy satisfecho,Muy satisfecho,Muy satisfecho,Muy satisfecho,Muy satisfecho,Muy satisfecho,Muy satisfecho,Muy satisfecho,Muy satisfecho,Muy satisfecho,Muy satisfecho,Muy satisfecho,Satisfecho,Muy satisfecho,Muy satisfecho,Satisfecho,No utilizo,Muy satisfecho,Muy satisfecho,Satisfecho,Muy satisfecho,Muy satisfecho,Muy satisfecho,Satisfecho,Muy satisfecho,Muy satisfecho,Satisfecho,Muy satisfecho,Muy satisfecho,Muy satisfecho,Totalmente satisfecho,Muy satisfecho,10 (Promoter),Una universidad muy completa
RPC5qBIs,,,COMPLETED,https://survey.zohopublic.com/zs/bBC5oY,"jun. 18, 2026 06:01:57 p. m.","jun. 18, 2026 06:06:45 p. m.",4 mins 47 secs ,Public collector,10,100,Negocios Internacionales,Prácticas profesionales,,Totalmente satisfecho,Totalmente satisfecho,Totalmente satisfecho,Totalmente satisfecho,Totalmente satisfecho,Totalmente satisfecho,Totalmente satisfecho,Totalmente satisfecho,Muy satisfecho,Totalmente satisfecho,Totalmente satisfecho,Totalmente satisfecho,Totalmente satisfecho,Muy satisfecho,Totalmente satisfecho,Totalmente satisfecho,Totalmente satisfecho,Totalmente satisfecho,Totalmente satisfecho,Totalmente satisfecho,Totalmente satisfecho,Totalmente satisfecho,Satisfecho,Totalmente satisfecho,Totalmente satisfecho,Totalmente satisfecho,Totalmente satisfecho,Totalmente satisfecho,Totalmente satisfecho,Muy satisfecho,Muy satisfecho,Totalmente satisfecho,Totalmente satisfecho,Totalmente satisfecho,Totalmente satisfecho,Totalmente satisfecho,Satisfecho,Satisfecho,Satisfecho,Totalmente satisfecho,Totalmente satisfecho,Totalmente satisfecho,10 (Promoter),.
hMt6flBH,,,COMPLETED,https://survey.zohopublic.com/zs/bBC5oY,"jun. 18, 2026 06:02:25 p. m.","jun. 18, 2026 06:08:47 p. m.",6 mins 21 secs ,Public collector,10,100,Negocios Internacionales,Trabajador dependiente,Tiempo completo,Totalmente satisfecho,Totalmente satisfecho,Totalmente satisfecho,Totalmente satisfecho,Totalmente satisfecho,Totalmente satisfecho,Totalmente satisfecho,Totalmente satisfecho,Totalmente satisfecho,Totalmente satisfecho,Totalmente satisfecho,Totalmente satisfecho,Totalmente satisfecho,Totalmente satisfecho,Totalmente satisfecho,Totalmente satisfecho,Totalmente satisfecho,Totalmente satisfecho,Totalmente satisfecho,Totalmente satisfecho,Totalmente satisfecho,Totalmente satisfecho,Totalmente satisfecho,Totalmente satisfecho,Totalmente satisfecho,Totalmente satisfecho,Totalmente satisfecho,Totalmente satisfecho,Totalmente satisfecho,Totalmente satisfecho,Totalmente satisfecho,Totalmente satisfecho,Totalmente satisfecho,Totalmente satisfecho,Totalmente satisfecho,Totalmente satisfecho,Totalmente satisfecho,Totalmente satisfecho,Totalmente satisfecho,Totalmente satisfecho,Totalmente satisfecho,Totalmente satisfecho,10 (Promoter),Simplemente la mejor universidad
pEjEKM7e,,,COMPLETED,https://survey.zohopublic.com/zs/bBC5oY,"jun. 18, 2026 06:03:20 p. m.","jun. 18, 2026 06:06:30 p. m.",3 mins 9 secs ,Public collector,10,100,Negocios Internacionales,Trabajador independiente,Tiempo completo,Totalmente satisfecho,Totalmente satisfecho,Totalmente satisfecho,Totalmente satisfecho,Totalmente satisfecho,Totalmente satisfecho,Totalmente satisfecho,Totalmente satisfecho,Totalmente satisfecho,Totalmente satisfecho,Totalmente satisfecho,Totalmente satisfecho,Totalmente satisfecho,Satisfecho,Totalmente satisfecho,Totalmente satisfecho,Totalmente satisfecho,Totalmente satisfecho,Totalmente satisfecho,Totalmente satisfecho,Totalmente satisfecho,Totalmente satisfecho,Totalmente satisfecho,Totalmente satisfecho,Totalmente satisfecho,Totalmente satisfecho,Totalmente satisfecho,Totalmente satisfecho,Totalmente satisfecho,Totalmente satisfecho,Totalmente satisfecho,Muy satisfecho,Totalmente satisfecho,Totalmente satisfecho,Totalmente satisfecho,Muy satisfecho,Totalmente satisfecho,Totalmente satisfecho,Totalmente satisfecho,Totalmente satisfecho,Muy satisfecho,Totalmente satisfecho,10 (Promoter),Mi casa de estudios me dio todos los recursos posibles para poder terminar mi carrera!
5ijOUaHH,,,COMPLETED,https://survey.zohopublic.com/zs/bBC5oY,"jun. 18, 2026 06:03:34 p. m.","jun. 18, 2026 06:06:50 p. m.",3 mins 16 secs ,Public collector,10,100,Negocios Internacionales,Trabajador dependiente,Tiempo completo,Totalmente satisfecho,Totalmente satisfecho,Totalmente satisfecho,Totalmente satisfecho,Totalmente satisfecho,Totalmente satisfecho,Totalmente satisfecho,Totalmente satisfecho,Totalmente satisfecho,Totalmente satisfecho,Totalmente satisfecho,Totalmente satisfecho,Totalmente satisfecho,Totalmente satisfecho,Totalmente satisfecho,Totalmente satisfecho,Totalmente satisfecho,Totalmente satisfecho,Totalmente satisfecho,Totalmente satisfecho,Totalmente satisfecho,Totalmente satisfecho,Totalmente satisfecho,Totalmente satisfecho,Totalmente satisfecho,Totalmente satisfecho,Totalmente satisfecho,Totalmente satisfecho,Totalmente satisfecho,Totalmente satisfecho,Totalmente satisfecho,Totalmente satisfecho,Totalmente satisfecho,Totalmente satisfecho,Totalmente satisfecho,Totalmente satisfecho,Totalmente satisfecho,Totalmente satisfecho,Totalmente satisfecho,Totalmente satisfecho,Totalmente satisfecho,Totalmente satisfecho,10 (Promoter),Muy buenos profesores y metodología
U6BnrXM8,,,COMPLETED,https://survey.zohopublic.com/zs/bBC5oY,"jun. 18, 2026 06:03:35 p. m.","jun. 18, 2026 06:11:28 p. m.",7 mins 52 secs ,Public collector,9,100,Negocios Internacionales,Prácticas profesionales,,Muy satisfecho,Satisfecho,Satisfecho,Muy satisfecho,Satisfecho,Satisfecho,Satisfecho,Muy satisfecho,Muy satisfecho,Satisfecho,Satisfecho,Satisfecho,Satisfecho,Satisfecho,Satisfecho,Muy satisfecho,Satisfecho,Satisfecho,Satisfecho,Muy satisfecho,Muy satisfecho,Satisfecho,Satisfecho,Satisfecho,Satisfecho,Satisfecho,Satisfecho,Satisfecho,Satisfecho,Satisfecho,Satisfecho,Muy satisfecho,Muy satisfecho,Satisfecho,Satisfecho,Muy satisfecho,Muy satisfecho,Muy satisfecho,Muy satisfecho,Muy satisfecho,Muy satisfecho,Muy satisfecho,9 (Promoter),.
ZHDFH3LT,,,COMPLETED,https://survey.zohopublic.com/zs/bBC5oY,"jun. 18, 2026 06:04:11 p. m.","jun. 18, 2026 06:07:45 p. m.",3 mins 34 secs ,Public collector,10,100,Negocios Internacionales,Trabajador dependiente,Tiempo completo,Muy satisfecho,Muy satisfecho,Muy satisfecho,Totalmente satisfecho,Satisfecho,Totalmente satisfecho,Totalmente satisfecho,Totalmente satisfecho,Totalmente satisfecho,Muy satisfecho,Totalmente satisfecho,Muy satisfecho,Totalmente satisfecho,Muy satisfecho,Totalmente satisfecho,Muy satisfecho,Totalmente satisfecho,Muy satisfecho,Totalmente satisfecho,Totalmente satisfecho,Totalmente satisfecho,Muy satisfecho,Totalmente satisfecho,Totalmente satisfecho,Totalmente satisfecho,Totalmente satisfecho,Totalmente satisfecho,Totalmente satisfecho,Totalmente satisfecho,Totalmente satisfecho,Muy satisfecho,Totalmente satisfecho,Totalmente satisfecho,Totalmente satisfecho,Totalmente satisfecho,Muy satisfecho,Totalmente satisfecho,Totalmente satisfecho,Totalmente satisfecho,Totalmente satisfecho,Muy satisfecho,Satisfecho,10 (Promoter),"Deben actuar más rápido en la incorporación de programas softwares, programas etc conforme se necesita en el mercado"
DZC5THRL,,,COMPLETED,https://survey.zohopublic.com/zs/bBC5oY,"jun. 18, 2026 06:05:41 p. m.","jun. 18, 2026 06:16:26 p. m.",10 mins 45 secs ,Public collector,9,100,Negocios Internacionales,Trabajador dependiente,Tiempo completo,Muy satisfecho,Muy satisfecho,Muy satisfecho,Muy satisfecho,Muy satisfecho,Muy satisfecho,Muy satisfecho,Muy satisfecho,Muy satisfecho,Satisfecho,Muy satisfecho,Satisfecho,Muy satisfecho,Muy satisfecho,Muy satisfecho,Muy satisfecho,Satisfecho,Muy satisfecho,Muy satisfecho,Muy satisfecho,Muy satisfecho,Satisfecho,Satisfecho,Satisfecho,Satisfecho,Satisfecho,Muy satisfecho,Satisfecho,Satisfecho,Muy satisfecho,Muy satisfecho,Muy satisfecho,Muy satisfecho,Satisfecho,Muy satisfecho,Satisfecho,Satisfecho,Satisfecho,Satisfecho,Satisfecho,Muy satisfecho,Totalmente satisfecho,9 (Promoter),"Me encanta mi carrera y la universidad, siento que me ha preparado bien para lo que me apasiona en cuestión a la linea de carrera que quiero continuar y me siento muy orgulloso de ser egresado de la Universidad de Lima."
QnC2jop3,,,COMPLETED,https://survey.zohopublic.com/zs/bBC5oY,"jun. 18, 2026 06:10:15 p. m.","jun. 18, 2026 06:17:43 p. m.",7 mins 28 secs ,Public collector,10,100,Negocios Internacionales,Trabajador dependiente,Tiempo completo,Totalmente satisfecho,Totalmente satisfecho,Totalmente satisfecho,Totalmente satisfecho,Totalmente satisfecho,Totalmente satisfecho,Totalmente satisfecho,Totalmente insatisfecho,Totalmente satisfecho,Totalmente satisfecho,Totalmente satisfecho,Totalmente satisfecho,Totalmente satisfecho,Totalmente satisfecho,Totalmente satisfecho,Totalmente satisfecho,Totalmente satisfecho,Totalmente satisfecho,Totalmente satisfecho,Totalmente satisfecho,Totalmente satisfecho,Totalmente satisfecho,Totalmente satisfecho,Totalmente satisfecho,Totalmente satisfecho,Totalmente satisfecho,Totalmente satisfecho,Totalmente satisfecho,Totalmente satisfecho,Totalmente satisfecho,Totalmente satisfecho,Totalmente satisfecho,Totalmente satisfecho,Totalmente satisfecho,Totalmente satisfecho,Totalmente satisfecho,Totalmente satisfecho,Totalmente satisfecho,Totalmente satisfecho,Totalmente satisfecho,Totalmente satisfecho,Totalmente satisfecho,10 (Promoter),"Universidad completa, brindando oportunidades y experiencias inolvidables"
n6C2QF9z,,,COMPLETED,https://survey.zohopublic.com/zs/bBC5oY,"jun. 18, 2026 06:10:15 p. m.","jun. 18, 2026 06:14:03 p. m.",3 mins 48 secs ,Public collector,10,100,Negocios Internacionales,Trabajador dependiente,Tiempo completo,Totalmente satisfecho,Totalmente satisfecho,Totalmente satisfecho,Totalmente satisfecho,Totalmente satisfecho,Totalmente satisfecho,Totalmente satisfecho,Totalmente satisfecho,Totalmente satisfecho,Totalmente satisfecho,Totalmente satisfecho,Muy satisfecho,Totalmente satisfecho,Muy satisfecho,Muy satisfecho,Totalmente satisfecho,Muy satisfecho,Totalmente satisfecho,Totalmente satisfecho,Muy satisfecho,Muy satisfecho,Muy satisfecho,Totalmente satisfecho,Muy satisfecho,Totalmente satisfecho,Satisfecho,Totalmente satisfecho,Totalmente satisfecho,Muy satisfecho,Totalmente satisfecho,Totalmente satisfecho,Totalmente satisfecho,Totalmente satisfecho,Totalmente satisfecho,Totalmente satisfecho,Totalmente satisfecho,Totalmente satisfecho,Totalmente satisfecho,Totalmente satisfecho,Totalmente satisfecho,Totalmente satisfecho,Totalmente satisfecho,10 (Promoter),"Porque es una universidad que te brinda todos los conocimientos, contactos y profesores para desempeñarte en el mundo laboral de manera eficaz"
anC2Azyy,,,COMPLETED,https://survey.zohopublic.com/zs/bBC5oY,"jun. 18, 2026 06:10:18 p. m.","jun. 18, 2026 07:31:41 p. m.",1 hr 21 mins 23 secs ,Public collector,10,100,Negocios Internacionales,Prácticas profesionales,,Totalmente satisfecho,Totalmente satisfecho,Totalmente satisfecho,Totalmente satisfecho,Totalmente satisfecho,Totalmente satisfecho,Totalmente satisfecho,Totalmente satisfecho,Totalmente satisfecho,Totalmente satisfecho,Totalmente satisfecho,Totalmente satisfecho,Totalmente satisfecho,Totalmente satisfecho,Totalmente satisfecho,Totalmente satisfecho,Totalmente satisfecho,Totalmente satisfecho,Totalmente satisfecho,Totalmente satisfecho,Totalmente satisfecho,Totalmente satisfecho,Totalmente satisfecho,Totalmente satisfecho,Totalmente satisfecho,Totalmente satisfecho,Totalmente satisfecho,Totalmente satisfecho,Totalmente satisfecho,Totalmente satisfecho,Totalmente satisfecho,Totalmente satisfecho,Totalmente satisfecho,Totalmente satisfecho,Totalmente satisfecho,Totalmente satisfecho,Totalmente satisfecho,Totalmente satisfecho,Totalmente satisfecho,Totalmente satisfecho,Totalmente satisfecho,Totalmente satisfecho,10 (Promoter),La mejor universidad
ESCZmmcc,,,COMPLETED,https://survey.zohopublic.com/zs/bBC5oY,"jun. 18, 2026 06:13:09 p. m.","jun. 18, 2026 06:18:44 p. m.",5 mins 34 secs ,Public collector,10,100,Negocios Internacionales,Trabajador dependiente,Tiempo completo,Totalmente satisfecho,Totalmente satisfecho,Totalmente satisfecho,Totalmente satisfecho,Totalmente satisfecho,Totalmente satisfecho,Totalmente satisfecho,Totalmente satisfecho,No conozco,Totalmente satisfecho,Totalmente satisfecho,Totalmente satisfecho,Totalmente satisfecho,Totalmente satisfecho,Totalmente satisfecho,Totalmente satisfecho,Totalmente satisfecho,Satisfecho,Totalmente satisfecho,Totalmente satisfecho,Totalmente satisfecho,Muy satisfecho,Muy satisfecho,Totalmente satisfecho,Muy satisfecho,Muy satisfecho,Satisfecho,Totalmente satisfecho,Muy satisfecho,Muy satisfecho,Totalmente satisfecho,Totalmente satisfecho,Muy satisfecho,Totalmente satisfecho,Totalmente satisfecho,Totalmente satisfecho,Totalmente satisfecho,Totalmente satisfecho,Totalmente satisfecho,Muy satisfecho,Totalmente satisfecho,Totalmente satisfecho,10 (Promoter),Buena malla curricular
FFBhowNQ,,,COMPLETED,https://survey.zohopublic.com/zs/bBC5oY,"jun. 18, 2026 06:13:30 p. m.","jun. 18, 2026 06:17:40 p. m.",4 mins 9 secs ,Public collector,9,100,Negocios Internacionales,Prácticas profesionales,,Muy satisfecho,Muy satisfecho,Totalmente satisfecho,Muy satisfecho,Muy satisfecho,Muy satisfecho,Muy satisfecho,Muy satisfecho,Muy satisfecho,Muy satisfecho,Muy satisfecho,Muy satisfecho,Muy satisfecho,Muy satisfecho,Muy satisfecho,Muy satisfecho,Muy satisfecho,Muy satisfecho,Muy satisfecho,Muy satisfecho,Muy satisfecho,Muy satisfecho,Muy satisfecho,Muy satisfecho,Muy satisfecho,Muy satisfecho,Muy satisfecho,Muy satisfecho,Totalmente satisfecho,Muy satisfecho,Muy satisfecho,Muy satisfecho,Muy satisfecho,Muy satisfecho,Muy satisfecho,Muy satisfecho,Muy satisfecho,Totalmente satisfecho,Muy satisfecho,Muy satisfecho,Muy satisfecho,Muy satisfecho,9 (Promoter),Buena
HGC2Upmm,,,COMPLETED,https://survey.zohopublic.com/zs/bBC5oY,"jun. 18, 2026 06:15:46 p. m.","jun. 18, 2026 06:18:18 p. m.",2 mins 32 secs ,Public collector,10,100,Negocios Internacionales,Trabajador independiente,Tiempo completo,Satisfecho,Satisfecho,Satisfecho,Satisfecho,Satisfecho,Satisfecho,Satisfecho,Satisfecho,Satisfecho,Satisfecho,Satisfecho,Satisfecho,Satisfecho,Satisfecho,Satisfecho,Satisfecho,Satisfecho,Satisfecho,Satisfecho,Satisfecho,Satisfecho,Satisfecho,Satisfecho,Satisfecho,Satisfecho,Satisfecho,Satisfecho,Satisfecho,Satisfecho,Satisfecho,Satisfecho,Satisfecho,Satisfecho,Satisfecho,Satisfecho,Satisfecho,Satisfecho,Satisfecho,Satisfecho,Satisfecho,Insatisfecho,Satisfecho,10 (Promoter),"Buena infraestructura, profesores capacitados"
g9BBuHv3,,,COMPLETED,https://survey.zohopublic.com/zs/bBC5oY,"jun. 18, 2026 06:32:37 p. m.","jun. 18, 2026 07:04:03 p. m.",31 mins 25 secs ,Public collector,10,100,Negocios Internacionales,Trabajador independiente,Tiempo completo,Totalmente satisfecho,Totalmente satisfecho,Totalmente satisfecho,Totalmente satisfecho,Muy satisfecho,Muy satisfecho,Totalmente satisfecho,Totalmente satisfecho,Totalmente satisfecho,Totalmente satisfecho,Muy satisfecho,Muy satisfecho,Muy satisfecho,Muy satisfecho,Muy satisfecho,Totalmente satisfecho,Totalmente satisfecho,Totalmente satisfecho,Totalmente satisfecho,Totalmente satisfecho,Totalmente satisfecho,Totalmente satisfecho,No utilizo,Muy satisfecho,Muy satisfecho,No utilizo,No utilizo,No utilizo,No utilizo,No utilizo,Totalmente satisfecho,Totalmente satisfecho,Totalmente satisfecho,Muy satisfecho,Muy satisfecho,Totalmente satisfecho,Satisfecho,Totalmente satisfecho,Totalmente satisfecho,Totalmente satisfecho,Totalmente satisfecho,Totalmente satisfecho,10 (Promoter),"Buena estructura, cursos, profesores, infraestructura, convenios internacionales y más. Institución con prestigio."
SBBhti7J,,,COMPLETED,https://survey.zohopublic.com/zs/bBC5oY,"jun. 18, 2026 06:34:53 p. m.","jun. 18, 2026 06:41:41 p. m.",6 mins 47 secs ,Public collector,10,100,Negocios Internacionales,Prácticas profesionales,,Satisfecho,Satisfecho,Satisfecho,Satisfecho,Satisfecho,Satisfecho,Satisfecho,Satisfecho,No conozco,Satisfecho,Satisfecho,Satisfecho,Satisfecho,Satisfecho,Satisfecho,Satisfecho,No conozco,Satisfecho,Satisfecho,Satisfecho,Satisfecho,Satisfecho,Satisfecho,No utilizo,,No conozco,No conozco,No conozco,No conozco,No conozco,Insatisfecho,Satisfecho,Satisfecho,No conozco,,Satisfecho,Satisfecho,Satisfecho,Satisfecho,Satisfecho,Satisfecho,Satisfecho,10 (Promoter),Es una buena universidad y prestigiosa
hbBhs7Tk,,,COMPLETED,https://survey.zohopublic.com/zs/bBC5oY,"jun. 18, 2026 07:48:53 p. m.","jun. 18, 2026 07:52:01 p. m.",3 mins 8 secs ,Public collector,10,100,Negocios Internacionales,Trabajador independiente,Tiempo completo,Totalmente satisfecho,Totalmente satisfecho,Totalmente satisfecho,Totalmente satisfecho,Totalmente satisfecho,Totalmente satisfecho,Totalmente satisfecho,Totalmente satisfecho,Totalmente satisfecho,Totalmente satisfecho,Totalmente satisfecho,Totalmente satisfecho,Totalmente satisfecho,Totalmente satisfecho,Totalmente satisfecho,Totalmente satisfecho,Totalmente satisfecho,Totalmente satisfecho,Totalmente satisfecho,Totalmente satisfecho,Totalmente satisfecho,Muy satisfecho,Totalmente satisfecho,Totalmente satisfecho,Totalmente satisfecho,Totalmente satisfecho,Totalmente satisfecho,Totalmente satisfecho,Totalmente satisfecho,Totalmente satisfecho,Totalmente satisfecho,Totalmente satisfecho,Totalmente satisfecho,Totalmente satisfecho,Totalmente satisfecho,Totalmente satisfecho,Totalmente satisfecho,Totalmente satisfecho,Totalmente satisfecho,Totalmente satisfecho,Totalmente satisfecho,Totalmente satisfecho,10 (Promoter),"La universidad de Lima es una ambiente muy amigable y su doctrina de enseñanza excelente, acompañado de buenos profesores que te acompañaban en el proceso. Así mismo, la infraestructura ha mejorado excelentemente"
cSBRfbFN,,,COMPLETED,https://survey.zohopublic.com/zs/bBC5oY,"jun. 19, 2026 05:58:28 p. m.","jun. 19, 2026 06:03:14 p. m.",4 mins 45 secs ,Public collector,10,100,Contabilidad y Finanzas,Trabajador dependiente,Tiempo completo,Satisfecho,Satisfecho,Satisfecho,Muy satisfecho,Totalmente satisfecho,Totalmente satisfecho,Totalmente satisfecho,Totalmente satisfecho,No utilizo,Satisfecho,Totalmente satisfecho,Muy satisfecho,Satisfecho,Totalmente satisfecho,Satisfecho,Totalmente satisfecho,Totalmente satisfecho,Totalmente satisfecho,Muy satisfecho,Muy satisfecho,Totalmente satisfecho,Satisfecho,Satisfecho,Muy satisfecho,Totalmente satisfecho,No utilizo,No utilizo,No utilizo,No utilizo,No utilizo,Satisfecho,Satisfecho,Totalmente satisfecho,Totalmente satisfecho,Totalmente satisfecho,Satisfecho,Satisfecho,Satisfecho,Totalmente satisfecho,Satisfecho,Totalmente satisfecho,Totalmente satisfecho,10 (Promoter),Pase un grato momento en mi carrera universitaria y los conocimientos que tuve fueron muy buenos y provechosos
XKBnRVtP,,,COMPLETED,https://survey.zohopublic.com/zs/bBC5oY,"jun. 19, 2026 05:58:32 p. m.","jun. 19, 2026 06:01:08 p. m.",2 mins 36 secs ,Public collector,8,0,Contabilidad y Finanzas,Prácticas profesionales,,Totalmente satisfecho,Insatisfecho,Satisfecho,Satisfecho,Satisfecho,Satisfecho,Satisfecho,Satisfecho,No utilizo,Insatisfecho,Muy satisfecho,Muy satisfecho,Muy satisfecho,Muy satisfecho,Muy satisfecho,Muy satisfecho,Muy satisfecho,Muy satisfecho,Muy satisfecho,Satisfecho,Satisfecho,Satisfecho,Satisfecho,Satisfecho,Muy satisfecho,Insatisfecho,Insatisfecho,Totalmente insatisfecho,Totalmente insatisfecho,Satisfecho,Satisfecho,Satisfecho,Insatisfecho,Totalmente insatisfecho,Satisfecho,Satisfecho,Satisfecho,Satisfecho,Insatisfecho,Satisfecho,Muy satisfecho,Muy satisfecho,8 (Passive),a
S3DFFf3e,,,COMPLETED,https://survey.zohopublic.com/zs/bBC5oY,"jun. 19, 2026 05:58:37 p. m.","jun. 19, 2026 06:13:11 p. m.",14 mins 34 secs ,Public collector,10,100,Contabilidad y Finanzas,Trabajador dependiente,Tiempo completo,Muy satisfecho,Muy satisfecho,Totalmente satisfecho,Totalmente satisfecho,Totalmente satisfecho,Totalmente satisfecho,Muy satisfecho,Totalmente satisfecho,No utilizo,Totalmente satisfecho,Totalmente satisfecho,Totalmente satisfecho,Muy satisfecho,Totalmente satisfecho,Totalmente satisfecho,Totalmente satisfecho,Muy satisfecho,Totalmente satisfecho,Totalmente satisfecho,Totalmente satisfecho,Totalmente satisfecho,Totalmente satisfecho,Totalmente satisfecho,Totalmente satisfecho,Totalmente satisfecho,No utilizo,Totalmente satisfecho,Totalmente satisfecho,Totalmente satisfecho,Totalmente satisfecho,Totalmente satisfecho,Totalmente satisfecho,Totalmente satisfecho,Totalmente satisfecho,Muy satisfecho,Muy satisfecho,Totalmente satisfecho,Totalmente satisfecho,Totalmente satisfecho,Muy satisfecho,Totalmente satisfecho,Totalmente satisfecho,10 (Promoter),"La Universidad de Lima brinda las herramientas necesarias para que el alumno pueda desarrollar todo su potencial. Además, cuenta con profesores con gran trayectoria y con vocación por enseñar. Todo excelente."
26toqKVx,,,COMPLETED,https://survey.zohopublic.com/zs/bBC5oY,"jun. 19, 2026 05:59:11 p. m.","jun. 19, 2026 06:09:27 p. m.",10 mins 16 secs ,Public collector,10,100,Contabilidad y Finanzas,Trabajador dependiente,Tiempo completo,Totalmente satisfecho,Satisfecho,Satisfecho,Totalmente satisfecho,Muy satisfecho,Muy satisfecho,Totalmente satisfecho,Totalmente satisfecho,Muy satisfecho,Muy satisfecho,Totalmente satisfecho,Totalmente satisfecho,Muy satisfecho,Muy satisfecho,Totalmente satisfecho,Totalmente satisfecho,Muy satisfecho,Totalmente satisfecho,Totalmente satisfecho,Muy satisfecho,Totalmente satisfecho,Muy satisfecho,Totalmente satisfecho,Muy satisfecho,Muy satisfecho,Muy satisfecho,Totalmente satisfecho,Totalmente satisfecho,Muy satisfecho,Satisfecho,Muy satisfecho,Totalmente satisfecho,Totalmente satisfecho,Totalmente satisfecho,Totalmente satisfecho,Totalmente satisfecho,Muy satisfecho,Muy satisfecho,Muy satisfecho,Totalmente satisfecho,Muy satisfecho,Totalmente satisfecho,10 (Promoter),"Calidad en todos los sentidos, gran red de negocios"
ZpDFnc7p,,,COMPLETED,https://survey.zohopublic.com/zs/bBC5oY,"jun. 19, 2026 05:59:21 p. m.","jun. 19, 2026 06:03:07 p. m.",3 mins 45 secs ,Public collector,10,100,Contabilidad y Finanzas,Trabajador dependiente,Tiempo completo,Muy satisfecho,Muy satisfecho,Muy satisfecho,Muy satisfecho,Muy satisfecho,Muy satisfecho,Muy satisfecho,Muy satisfecho,Muy satisfecho,Muy satisfecho,Muy satisfecho,Muy satisfecho,Muy satisfecho,Muy satisfecho,Muy satisfecho,Muy satisfecho,Satisfecho,Muy satisfecho,Muy satisfecho,Muy satisfecho,Muy satisfecho,Satisfecho,Satisfecho,Satisfecho,Satisfecho,Satisfecho,Satisfecho,Muy satisfecho,Satisfecho,Totalmente satisfecho,Totalmente satisfecho,Muy satisfecho,Satisfecho,Satisfecho,Muy satisfecho,Satisfecho,Satisfecho,Satisfecho,Satisfecho,Satisfecho,Muy satisfecho,Totalmente satisfecho,10 (Promoter),"Muy buena universidad, te brinda muchas oportunidades laborales y las enseñanzas son buenas"
3rBhsAam,,,COMPLETED,https://survey.zohopublic.com/zs/bBC5oY,"jun. 19, 2026 06:00:04 p. m.","jun. 19, 2026 06:12:55 p. m.",12 mins 50 secs ,Public collector,9,100,Contabilidad y Finanzas,Trabajador dependiente,Tiempo completo,Satisfecho,Satisfecho,Satisfecho,Satisfecho,Muy satisfecho,Totalmente satisfecho,Satisfecho,Satisfecho,Satisfecho,Totalmente satisfecho,Muy satisfecho,Satisfecho,Muy satisfecho,Insatisfecho,Satisfecho,Satisfecho,Satisfecho,Muy satisfecho,Muy satisfecho,Satisfecho,Muy satisfecho,Totalmente satisfecho,Satisfecho,Satisfecho,Satisfecho,Satisfecho,Totalmente satisfecho,Insatisfecho,Muy satisfecho,Satisfecho,Insatisfecho,Muy satisfecho,Satisfecho,Satisfecho,Muy satisfecho,Satisfecho,Satisfecho,Muy satisfecho,Insatisfecho,Satisfecho,Muy satisfecho,Satisfecho,9 (Promoter),Es una universidad completa
aVzKkfx2,,,COMPLETED,https://survey.zohopublic.com/zs/bBC5oY,"jun. 19, 2026 06:01:02 p. m.","jun. 19, 2026 06:12:39 p. m.",11 mins 36 secs ,Public collector,9,100,Contabilidad y Finanzas,Trabajador dependiente,Tiempo completo,Satisfecho,Satisfecho,Satisfecho,Satisfecho,Satisfecho,Satisfecho,Satisfecho,Satisfecho,No utilizo,Muy satisfecho,Muy satisfecho,Muy satisfecho,Muy satisfecho,Muy satisfecho,Muy satisfecho,Muy satisfecho,Muy satisfecho,Satisfecho,Satisfecho,Satisfecho,Satisfecho,Satisfecho,Satisfecho,Satisfecho,Satisfecho,Satisfecho,Satisfecho,Satisfecho,Satisfecho,Satisfecho,Satisfecho,Muy satisfecho,Satisfecho,Satisfecho,Muy satisfecho,Satisfecho,Satisfecho,Satisfecho,Satisfecho,Satisfecho,Muy satisfecho,Muy satisfecho,9 (Promoter),Siento que la universidad posee una infraestructura solida y los cursos están bien estructurados para salir al campo laboral
vpzXI4Mt,,,COMPLETED,https://survey.zohopublic.com/zs/bBC5oY,"jun. 19, 2026 06:01:42 p. m.","jun. 19, 2026 06:11:44 p. m.",10 mins 2 secs ,Public collector,10,100,Contabilidad y Finanzas,Prácticas profesionales,,Muy satisfecho,Muy satisfecho,Muy satisfecho,Totalmente satisfecho,Totalmente satisfecho,Muy satisfecho,Totalmente satisfecho,Muy satisfecho,Muy satisfecho,Muy satisfecho,Muy satisfecho,Muy satisfecho,Muy satisfecho,Muy satisfecho,Totalmente satisfecho,Muy satisfecho,Muy satisfecho,Muy satisfecho,Muy satisfecho,Muy satisfecho,Totalmente satisfecho,Muy satisfecho,Muy satisfecho,Muy satisfecho,Muy satisfecho,Muy satisfecho,Muy satisfecho,Totalmente satisfecho,Satisfecho,Muy satisfecho,Totalmente satisfecho,Totalmente satisfecho,Totalmente satisfecho,Muy satisfecho,Totalmente satisfecho,Totalmente satisfecho,Totalmente satisfecho,Totalmente satisfecho,Totalmente satisfecho,Totalmente satisfecho,Muy satisfecho,Totalmente satisfecho,10 (Promoter),Muy bueno
qzBhpvce,,,COMPLETED,https://survey.zohopublic.com/zs/bBC5oY,"jun. 19, 2026 06:09:15 p. m.","jun. 19, 2026 06:21:00 p. m.",11 mins 45 secs ,Public collector,10,100,Contabilidad y Finanzas,Trabajador dependiente,Tiempo completo,Satisfecho,Muy satisfecho,Muy satisfecho,Totalmente satisfecho,Muy satisfecho,Satisfecho,Totalmente satisfecho,Muy satisfecho,No utilizo,Totalmente satisfecho,Totalmente satisfecho,Totalmente satisfecho,Totalmente satisfecho,Totalmente satisfecho,Totalmente satisfecho,Totalmente satisfecho,Totalmente satisfecho,Totalmente satisfecho,Totalmente satisfecho,Satisfecho,Totalmente satisfecho,Totalmente satisfecho,Totalmente satisfecho,Totalmente satisfecho,Totalmente satisfecho,Totalmente satisfecho,Totalmente satisfecho,Totalmente satisfecho,Totalmente satisfecho,Totalmente satisfecho,Totalmente satisfecho,Totalmente satisfecho,Totalmente satisfecho,Totalmente satisfecho,Totalmente satisfecho,Totalmente satisfecho,Totalmente satisfecho,Totalmente satisfecho,Totalmente satisfecho,Totalmente satisfecho,Satisfecho,Totalmente satisfecho,10 (Promoter),"La universidad es un lugar acogedor para estudiar, las carreras son lo suficientemente exigentes y el nivel académico es bueno."
KNBBXijD,,,COMPLETED,https://survey.zohopublic.com/zs/bBC5oY,"jun. 19, 2026 06:10:05 p. m.","jun. 19, 2026 06:14:57 p. m.",4 mins 51 secs ,Public collector,10,100,Contabilidad y Finanzas,Trabajador dependiente,Tiempo completo,Totalmente satisfecho,Muy satisfecho,Satisfecho,Satisfecho,Satisfecho,Satisfecho,Satisfecho,Satisfecho,Insatisfecho,Muy satisfecho,Totalmente satisfecho,Muy satisfecho,Muy satisfecho,Muy satisfecho,Totalmente satisfecho,Muy satisfecho,Muy satisfecho,Satisfecho,Muy satisfecho,Satisfecho,Satisfecho,Satisfecho,Satisfecho,Muy satisfecho,Muy satisfecho,Satisfecho,Totalmente satisfecho,Insatisfecho,Satisfecho,Satisfecho,Satisfecho,Totalmente satisfecho,Totalmente satisfecho,Satisfecho,Satisfecho,Muy satisfecho,Totalmente satisfecho,Totalmente satisfecho,Satisfecho,Satisfecho,Totalmente satisfecho,Totalmente satisfecho,10 (Promoter),Muy buena universidad en lo técnico como la infraestructura
tPjQgtUu,,,COMPLETED,https://survey.zohopublic.com/zs/bBC5oY,"jun. 19, 2026 06:10:32 p. m.","jun. 19, 2026 06:20:14 p. m.",9 mins 41 secs ,Public collector,8,0,Contabilidad y Finanzas,Trabajador dependiente,Tiempo completo,Satisfecho,Satisfecho,Satisfecho,Satisfecho,Satisfecho,Satisfecho,Satisfecho,Satisfecho,Satisfecho,Satisfecho,Satisfecho,Satisfecho,Satisfecho,Satisfecho,Satisfecho,Satisfecho,Satisfecho,Satisfecho,Satisfecho,Satisfecho,Satisfecho,Satisfecho,Satisfecho,Satisfecho,Satisfecho,Satisfecho,Satisfecho,Satisfecho,Satisfecho,Satisfecho,Satisfecho,Satisfecho,Satisfecho,Satisfecho,Satisfecho,Satisfecho,Satisfecho,Satisfecho,Satisfecho,Satisfecho,Satisfecho,Satisfecho,8 (Passive),-
i5C5Q7S8,,,COMPLETED,https://survey.zohopublic.com/zs/bBC5oY,"jun. 19, 2026 06:16:19 p. m.","jun. 19, 2026 06:24:15 p. m.",7 mins 55 secs ,Public collector,7,0,Contabilidad y Finanzas,Trabajador dependiente,Tiempo completo,Totalmente satisfecho,Totalmente satisfecho,Totalmente satisfecho,Totalmente satisfecho,Totalmente satisfecho,Totalmente satisfecho,Totalmente satisfecho,Totalmente satisfecho,Totalmente satisfecho,Totalmente satisfecho,Totalmente satisfecho,Totalmente satisfecho,Totalmente satisfecho,Totalmente satisfecho,Totalmente satisfecho,Totalmente satisfecho,Totalmente satisfecho,Totalmente satisfecho,Totalmente satisfecho,Totalmente satisfecho,Totalmente satisfecho,Totalmente satisfecho,Totalmente satisfecho,Totalmente satisfecho,Totalmente satisfecho,Totalmente satisfecho,Totalmente satisfecho,Totalmente satisfecho,Totalmente satisfecho,Totalmente satisfecho,Totalmente satisfecho,Totalmente satisfecho,Totalmente satisfecho,Totalmente satisfecho,Totalmente satisfecho,Totalmente satisfecho,Totalmente satisfecho,Totalmente satisfecho,Totalmente satisfecho,Totalmente satisfecho,Totalmente satisfecho,Totalmente satisfecho,7 (Passive),Porque considero que la universidad da las optimas condiciones
g4CZwT4M,,,COMPLETED,https://survey.zohopublic.com/zs/bBC5oY,"jun. 22, 2026 11:35:56 p. m.","jun. 22, 2026 11:40:57 p. m.",5 mins 1 sec ,Public collector,4,0,Negocios Internacionales,En búsqueda de empleo,,Insatisfecho,Insatisfecho,Satisfecho,Satisfecho,Satisfecho,Satisfecho,Satisfecho,Satisfecho,No utilizo,Satisfecho,Satisfecho,Satisfecho,Satisfecho,Insatisfecho,Satisfecho,Insatisfecho,No utilizo,Insatisfecho,Insatisfecho,Insatisfecho,Insatisfecho,Satisfecho,Satisfecho,Satisfecho,Satisfecho,No utilizo,Muy satisfecho,Totalmente insatisfecho,No utilizo,No utilizo,Totalmente insatisfecho,Satisfecho,Muy satisfecho,No utilizo,,No utilizo,Satisfecho,Satisfecho,Satisfecho,Satisfecho,Muy satisfecho,Insatisfecho,4 (Detractor),"No siento que exista una comunidad universitaria por más que se venda esa idea, ya que no hay un sentido de identidad dentro de este espacio"
8bCZdJWC,,,COMPLETED,https://survey.zohopublic.com/zs/bBC5oY,"jul. 02, 2026 05:50:52 p. m.","jul. 02, 2026 06:17:51 p. m.",26 mins 58 secs ,Public collector,9,100,Arquitectura,Trabajador dependiente,Tiempo completo,Satisfecho,Satisfecho,Satisfecho,Satisfecho,Satisfecho,Satisfecho,Satisfecho,Satisfecho,No utilizo,Satisfecho,Satisfecho,Satisfecho,Satisfecho,Satisfecho,Satisfecho,Satisfecho,Satisfecho,Satisfecho,Satisfecho,Satisfecho,Satisfecho,Satisfecho,Satisfecho,Satisfecho,Satisfecho,Satisfecho,Satisfecho,Satisfecho,Satisfecho,Satisfecho,Satisfecho,Satisfecho,Satisfecho,Satisfecho,Satisfecho,Satisfecho,Satisfecho,Satisfecho,Satisfecho,Satisfecho,Satisfecho,Satisfecho,9 (Promoter),Tuve una buena experiencia en la universidad
uODB7EV9,,,COMPLETED,https://survey.zohopublic.com/zs/bBC5oY,"jul. 02, 2026 05:51:15 p. m.","jul. 02, 2026 06:15:21 p. m.",24 mins 5 secs ,Public collector,10,100,Arquitectura,En búsqueda de empleo,,Muy satisfecho,Totalmente satisfecho,Muy satisfecho,Totalmente satisfecho,Satisfecho,Muy satisfecho,Satisfecho,Satisfecho,Muy satisfecho,Satisfecho,Satisfecho,Satisfecho,Satisfecho,Muy satisfecho,Satisfecho,Muy satisfecho,Satisfecho,Muy satisfecho,Satisfecho,Muy satisfecho,Satisfecho,Satisfecho,Muy satisfecho,Satisfecho,Satisfecho,Satisfecho,Satisfecho,Satisfecho,Satisfecho,Satisfecho,Satisfecho,Muy satisfecho,Satisfecho,Satisfecho,Satisfecho,Totalmente satisfecho,Satisfecho,Muy satisfecho,Satisfecho,Satisfecho,Satisfecho,Satisfecho,10 (Promoter),Muy buena enseñanza
qiBBUF1Z,,,COMPLETED,https://survey.zohopublic.com/zs/bBC5oY,"jul. 02, 2026 05:51:38 p. m.","jul. 02, 2026 05:54:49 p. m.",3 mins 10 secs ,Public collector,9,100,Arquitectura,Prácticas pre - profesionales,,Satisfecho,Satisfecho,Satisfecho,Satisfecho,Satisfecho,Satisfecho,Satisfecho,Satisfecho,Satisfecho,Muy satisfecho,Totalmente satisfecho,Muy satisfecho,Satisfecho,Muy satisfecho,Muy satisfecho,Muy satisfecho,Satisfecho,Satisfecho,Satisfecho,Satisfecho,Satisfecho,Muy satisfecho,Satisfecho,Totalmente satisfecho,Satisfecho,Satisfecho,Satisfecho,Satisfecho,Satisfecho,Satisfecho,Satisfecho,Muy satisfecho,Muy satisfecho,Muy satisfecho,Muy satisfecho,Satisfecho,Satisfecho,Satisfecho,Satisfecho,Satisfecho,Satisfecho,Muy satisfecho,9 (Promoter),
y2BRUGc2,,,COMPLETED,https://survey.zohopublic.com/zs/bBC5oY,"jul. 02, 2026 05:51:53 p. m.","jul. 02, 2026 05:56:11 p. m.",4 mins 18 secs ,Public collector,9,100,Arquitectura,Prácticas profesionales,,Muy satisfecho,Muy satisfecho,Satisfecho,Muy satisfecho,Satisfecho,Muy satisfecho,Satisfecho,Muy satisfecho,No utilizo,Muy satisfecho,Satisfecho,Satisfecho,Satisfecho,Satisfecho,Muy satisfecho,Satisfecho,Satisfecho,Satisfecho,Satisfecho,Satisfecho,Satisfecho,Satisfecho,Satisfecho,Satisfecho,Satisfecho,No utilizo,Satisfecho,Satisfecho,No utilizo,Satisfecho,Satisfecho,Muy satisfecho,Totalmente satisfecho,Totalmente satisfecho,Totalmente satisfecho,Muy satisfecho,Totalmente satisfecho,Totalmente satisfecho,Satisfecho,Satisfecho,Muy satisfecho,Satisfecho,9 (Promoter),
CsCZLRbY,,,COMPLETED,https://survey.zohopublic.com/zs/bBC5oY,"jul. 02, 2026 05:52:10 p. m.","jul. 02, 2026 05:56:05 p. m.",3 mins 54 secs ,Public collector,10,100,Arquitectura,En búsqueda de empleo,,Satisfecho,Satisfecho,Satisfecho,Satisfecho,Satisfecho,Satisfecho,Satisfecho,Satisfecho,Satisfecho,Satisfecho,Satisfecho,Satisfecho,Satisfecho,Satisfecho,Satisfecho,Satisfecho,Satisfecho,Satisfecho,Satisfecho,Satisfecho,Satisfecho,Satisfecho,Satisfecho,Satisfecho,Satisfecho,Satisfecho,Satisfecho,Satisfecho,Satisfecho,Satisfecho,Satisfecho,Satisfecho,Satisfecho,Satisfecho,Satisfecho,Satisfecho,Satisfecho,Satisfecho,Satisfecho,Satisfecho,Satisfecho,Muy satisfecho,10 (Promoter),"Por el plan de estudios, el campus y las experiencias vividas"
vHBRCaBZ,,,COMPLETED,https://survey.zohopublic.com/zs/bBC5oY,"jul. 02, 2026 05:52:12 p. m.","jul. 02, 2026 05:59:38 p. m.",7 mins 25 secs ,Public collector,10,100,Arquitectura,En búsqueda de empleo,,Muy satisfecho,Muy satisfecho,Satisfecho,Muy satisfecho,Muy satisfecho,Totalmente satisfecho,Muy satisfecho,Muy satisfecho,Muy satisfecho,Satisfecho,Satisfecho,Muy satisfecho,Satisfecho,Muy satisfecho,Muy satisfecho,Muy satisfecho,Muy satisfecho,Muy satisfecho,Muy satisfecho,Muy satisfecho,Muy satisfecho,Satisfecho,No utilizo,Muy satisfecho,Satisfecho,No conozco,No conozco,No conozco,No utilizo,Muy satisfecho,Satisfecho,Totalmente satisfecho,Totalmente satisfecho,Muy satisfecho,Totalmente satisfecho,Muy satisfecho,Totalmente satisfecho,Muy satisfecho,Totalmente satisfecho,Muy satisfecho,Totalmente satisfecho,Totalmente satisfecho,10 (Promoter),
kbCZcy50,,,COMPLETED,https://survey.zohopublic.com/zs/bBC5oY,"jul. 02, 2026 05:52:13 p. m.","jul. 02, 2026 05:58:51 p. m.",6 mins 37 secs ,Public collector,9,100,Arquitectura,Trabajador independiente,Tiempo completo,Totalmente satisfecho,Totalmente satisfecho,Totalmente satisfecho,Muy satisfecho,Muy satisfecho,Muy satisfecho,Muy satisfecho,Muy satisfecho,No utilizo,Muy satisfecho,Muy satisfecho,Muy satisfecho,Muy satisfecho,Muy satisfecho,Muy satisfecho,Muy satisfecho,Muy satisfecho,Muy satisfecho,Muy satisfecho,Muy satisfecho,Muy satisfecho,Muy satisfecho,Muy satisfecho,Muy satisfecho,Muy satisfecho,Muy satisfecho,No utilizo,No utilizo,No utilizo,No utilizo,Satisfecho,Muy satisfecho,Muy satisfecho,No utilizo,,Muy satisfecho,Muy satisfecho,Muy satisfecho,Muy satisfecho,Muy satisfecho,Totalmente satisfecho,Muy satisfecho,9 (Promoter),
fnBhCSa7,,,COMPLETED,https://survey.zohopublic.com/zs/bBC5oY,"jul. 02, 2026 05:52:33 p. m.","jul. 02, 2026 06:08:17 p. m.",15 mins 43 secs ,Public collector,10,100,Arquitectura,Trabajador dependiente,Tiempo completo,Muy satisfecho,Satisfecho,Muy satisfecho,Muy satisfecho,Muy satisfecho,Muy satisfecho,Satisfecho,Satisfecho,No conozco,Muy satisfecho,Muy satisfecho,Muy satisfecho,Satisfecho,Muy satisfecho,Satisfecho,Muy satisfecho,Muy satisfecho,Muy satisfecho,Totalmente satisfecho,Totalmente satisfecho,Muy satisfecho,Muy satisfecho,Satisfecho,Insatisfecho,Insatisfecho,Totalmente insatisfecho,Satisfecho,Satisfecho,Muy satisfecho,Muy satisfecho,Satisfecho,Totalmente satisfecho,Muy satisfecho,Muy satisfecho,Totalmente satisfecho,Satisfecho,Totalmente satisfecho,Totalmente satisfecho,Totalmente satisfecho,Totalmente satisfecho,Muy satisfecho,Muy satisfecho,10 (Promoter),
dXBnlRzs,,,COMPLETED,https://survey.zohopublic.com/zs/bBC5oY,"jul. 02, 2026 05:57:21 p. m.","jul. 02, 2026 06:03:02 p. m.",5 mins 41 secs ,Public collector,9,100,Arquitectura,Trabajador dependiente,Tiempo completo,Satisfecho,Satisfecho,Satisfecho,Satisfecho,Satisfecho,Satisfecho,Satisfecho,Satisfecho,Satisfecho,Satisfecho,Satisfecho,Satisfecho,Satisfecho,Satisfecho,Satisfecho,Satisfecho,Satisfecho,Muy satisfecho,Satisfecho,Satisfecho,Satisfecho,Muy satisfecho,Satisfecho,Satisfecho,Satisfecho,Satisfecho,Satisfecho,Satisfecho,Satisfecho,Satisfecho,Satisfecho,Satisfecho,Satisfecho,Satisfecho,Satisfecho,Satisfecho,Satisfecho,Satisfecho,Satisfecho,Satisfecho,Satisfecho,Satisfecho,9 (Promoter),
tDCZ1mGJ,,,COMPLETED,https://survey.zohopublic.com/zs/bBC5oY,"jul. 02, 2026 05:57:31 p. m.","jul. 02, 2026 06:12:01 p. m.",14 mins 30 secs ,Public collector,10,100,Arquitectura,En búsqueda de empleo,,Muy satisfecho,Muy satisfecho,Muy satisfecho,Totalmente satisfecho,Muy satisfecho,Totalmente satisfecho,Totalmente satisfecho,Totalmente satisfecho,Totalmente satisfecho,Muy satisfecho,Totalmente satisfecho,Totalmente satisfecho,Totalmente satisfecho,Totalmente satisfecho,Totalmente satisfecho,Totalmente satisfecho,Totalmente satisfecho,Totalmente satisfecho,Muy satisfecho,Totalmente satisfecho,Totalmente satisfecho,Totalmente satisfecho,Totalmente satisfecho,Totalmente satisfecho,Totalmente satisfecho,Totalmente satisfecho,Totalmente satisfecho,Totalmente satisfecho,Totalmente satisfecho,No utilizo,Muy satisfecho,Totalmente satisfecho,Totalmente satisfecho,Totalmente satisfecho,Totalmente satisfecho,Totalmente satisfecho,Muy satisfecho,Muy satisfecho,Totalmente satisfecho,Totalmente satisfecho,Totalmente satisfecho,Totalmente satisfecho,10 (Promoter),La universidad en general me parece una de las mejores y los docentes fueron increíbles en toda la carrera
geDFcLm4,,,COMPLETED,https://survey.zohopublic.com/zs/bBC5oY,"jul. 02, 2026 05:57:31 p. m.","jul. 02, 2026 06:01:52 p. m.",4 mins 20 secs ,Public collector,9,100,Arquitectura,Trabajador dependiente,Tiempo completo,Muy satisfecho,Muy satisfecho,Muy satisfecho,Muy satisfecho,Muy satisfecho,Muy satisfecho,Muy satisfecho,Muy satisfecho,No utilizo,Muy satisfecho,Muy satisfecho,Muy satisfecho,Muy satisfecho,Muy satisfecho,Muy satisfecho,Muy satisfecho,Muy satisfecho,Muy satisfecho,Muy satisfecho,Muy satisfecho,Totalmente satisfecho,Muy satisfecho,Satisfecho,Satisfecho,Muy satisfecho,Muy satisfecho,Muy satisfecho,Muy satisfecho,Muy satisfecho,Satisfecho,Muy satisfecho,Muy satisfecho,Satisfecho,Satisfecho,Muy satisfecho,Muy satisfecho,Muy satisfecho,Muy satisfecho,Satisfecho,Satisfecho,Muy satisfecho,Muy satisfecho,9 (Promoter),
LsDB2UGq,,,COMPLETED,https://survey.zohopublic.com/zs/bBC5oY,"jul. 02, 2026 05:59:09 p. m.","jul. 02, 2026 06:04:02 p. m.",4 mins 52 secs ,Public collector,8,0,Arquitectura,Trabajador dependiente,Tiempo completo,Satisfecho,Satisfecho,Satisfecho,Satisfecho,Satisfecho,Muy satisfecho,Satisfecho,Satisfecho,Totalmente satisfecho,Satisfecho,Satisfecho,Satisfecho,Satisfecho,Satisfecho,Satisfecho,Satisfecho,Satisfecho,Satisfecho,Satisfecho,Satisfecho,Satisfecho,Satisfecho,Satisfecho,Satisfecho,Satisfecho,Satisfecho,Satisfecho,Satisfecho,Satisfecho,Satisfecho,Muy satisfecho,Satisfecho,Satisfecho,Satisfecho,Satisfecho,Satisfecho,Satisfecho,Satisfecho,Satisfecho,Satisfecho,Muy satisfecho,Muy satisfecho,8 (Passive),
5pC2ebBN,,,COMPLETED,https://survey.zohopublic.com/zs/bBC5oY,"jul. 02, 2026 05:59:16 p. m.","jul. 02, 2026 06:10:48 p. m.",11 mins 32 secs ,Public collector,9,100,Arquitectura,Trabajador independiente,Tiempo parcial,Muy satisfecho,Muy satisfecho,Muy satisfecho,Satisfecho,Satisfecho,Satisfecho,Satisfecho,Satisfecho,No conozco,Satisfecho,Satisfecho,Muy satisfecho,Satisfecho,Satisfecho,Satisfecho,Satisfecho,Satisfecho,Satisfecho,Satisfecho,Satisfecho,Satisfecho,Satisfecho,Satisfecho,Satisfecho,Satisfecho,Satisfecho,Satisfecho,Satisfecho,Satisfecho,Satisfecho,Satisfecho,Satisfecho,Satisfecho,Satisfecho,Satisfecho,Satisfecho,Satisfecho,Satisfecho,Satisfecho,Satisfecho,Satisfecho,Satisfecho,9 (Promoter),Muy buena universidad
t6jwrtrW,,,COMPLETED,https://survey.zohopublic.com/zs/bBC5oY,"jul. 02, 2026 06:00:41 p. m.","jul. 02, 2026 06:05:22 p. m.",4 mins 41 secs ,Public collector,10,100,Arquitectura,En búsqueda de empleo,,Totalmente satisfecho,Satisfecho,Totalmente satisfecho,Muy satisfecho,Totalmente satisfecho,Totalmente satisfecho,Totalmente satisfecho,Totalmente satisfecho,Satisfecho,Satisfecho,Totalmente satisfecho,Muy satisfecho,Totalmente satisfecho,Totalmente satisfecho,Muy satisfecho,Muy satisfecho,Insatisfecho,Muy satisfecho,Muy satisfecho,Muy satisfecho,Muy satisfecho,Muy satisfecho,Muy satisfecho,Muy satisfecho,Satisfecho,Muy satisfecho,Muy satisfecho,Satisfecho,Muy satisfecho,Muy satisfecho,Muy satisfecho,Muy satisfecho,Satisfecho,Muy satisfecho,Totalmente satisfecho,Satisfecho,Muy satisfecho,Totalmente satisfecho,Muy satisfecho,Satisfecho,Satisfecho,Totalmente satisfecho,10 (Promoter),Buen campus universitario aunque a veces es intransitable por la cantidad de gente
YbDB7KJ6,,,COMPLETED,https://survey.zohopublic.com/zs/bBC5oY,"jul. 02, 2026 06:03:39 p. m.","jul. 02, 2026 06:25:13 p. m.",21 mins 33 secs ,Public collector,9,100,Arquitectura,Trabajador dependiente,Tiempo completo,Satisfecho,Satisfecho,Satisfecho,Satisfecho,Satisfecho,Satisfecho,Satisfecho,Satisfecho,Satisfecho,Satisfecho,Satisfecho,Satisfecho,Satisfecho,Satisfecho,Satisfecho,Satisfecho,Satisfecho,Satisfecho,Satisfecho,Satisfecho,Satisfecho,Satisfecho,Satisfecho,Satisfecho,Satisfecho,Satisfecho,Satisfecho,Satisfecho,Satisfecho,Muy satisfecho,Satisfecho,Satisfecho,Muy satisfecho,Satisfecho,Satisfecho,Satisfecho,Satisfecho,Satisfecho,Satisfecho,Satisfecho,Satisfecho,Muy satisfecho,9 (Promoter),
TFjS1VYI,,,COMPLETED,https://survey.zohopublic.com/zs/bBC5oY,"jul. 02, 2026 06:06:16 p. m.","jul. 02, 2026 07:35:06 p. m.",1 hr 28 mins 50 secs ,Public collector,8,0,Arquitectura,Trabajador dependiente,Tiempo completo,Satisfecho,Satisfecho,Satisfecho,Satisfecho,Satisfecho,Satisfecho,Satisfecho,Satisfecho,Satisfecho,Satisfecho,Satisfecho,Satisfecho,Satisfecho,Satisfecho,Satisfecho,Satisfecho,Satisfecho,Satisfecho,Satisfecho,Satisfecho,Satisfecho,Satisfecho,Satisfecho,Satisfecho,Satisfecho,Satisfecho,Satisfecho,Satisfecho,Satisfecho,Satisfecho,Satisfecho,Satisfecho,Satisfecho,Satisfecho,Satisfecho,Satisfecho,Satisfecho,Satisfecho,Satisfecho,Satisfecho,Satisfecho,Satisfecho,8 (Passive),
EOCZp7QE,,,COMPLETED,https://survey.zohopublic.com/zs/bBC5oY,"jul. 02, 2026 06:11:35 p. m.","jul. 02, 2026 06:19:33 p. m.",7 mins 58 secs ,Public collector,10,100,Arquitectura,Prácticas profesionales,,Muy satisfecho,Muy satisfecho,Muy satisfecho,Muy satisfecho,Muy satisfecho,Muy satisfecho,Muy satisfecho,Muy satisfecho,No conozco,Muy satisfecho,Muy satisfecho,Muy satisfecho,Muy satisfecho,Muy satisfecho,Muy satisfecho,Muy satisfecho,Muy satisfecho,Muy satisfecho,Muy satisfecho,Muy satisfecho,Muy satisfecho,Muy satisfecho,Muy satisfecho,Muy satisfecho,Muy satisfecho,Satisfecho,Muy satisfecho,Muy satisfecho,Muy satisfecho,Muy satisfecho,Satisfecho,Muy satisfecho,Muy satisfecho,Muy satisfecho,Muy satisfecho,Muy satisfecho,Muy satisfecho,Muy satisfecho,Muy satisfecho,Muy satisfecho,Muy satisfecho,Muy satisfecho,10 (Promoter),Satisfecha con mi carrera
YgtAuh4p,,,COMPLETED,https://survey.zohopublic.com/zs/bBC5oY,"jul. 02, 2026 06:12:33 p. m.","jul. 02, 2026 06:26:46 p. m.",14 mins 13 secs ,Public collector,10,100,Arquitectura,Trabajador independiente,Tiempo parcial,Muy satisfecho,Muy satisfecho,Muy satisfecho,Muy satisfecho,Muy satisfecho,Muy satisfecho,Muy satisfecho,Muy satisfecho,Muy satisfecho,Muy satisfecho,Muy satisfecho,Muy satisfecho,Muy satisfecho,Muy satisfecho,Muy satisfecho,Muy satisfecho,Muy satisfecho,Muy satisfecho,Muy satisfecho,Muy satisfecho,Muy satisfecho,Muy satisfecho,Muy satisfecho,Muy satisfecho,Muy satisfecho,Muy satisfecho,Muy satisfecho,Muy satisfecho,Muy satisfecho,Muy satisfecho,Muy satisfecho,Muy satisfecho,Muy satisfecho,Muy satisfecho,Muy satisfecho,Muy satisfecho,Muy satisfecho,Muy satisfecho,Muy satisfecho,Muy satisfecho,Totalmente satisfecho,Totalmente satisfecho,10 (Promoter),
xFDF55x1,,,COMPLETED,https://survey.zohopublic.com/zs/bBC5oY,"jul. 02, 2026 06:30:48 p. m.","jul. 02, 2026 06:40:30 p. m.",9 mins 42 secs ,Public collector,8,0,Arquitectura,Trabajador dependiente,Tiempo completo,Satisfecho,Satisfecho,Satisfecho,Satisfecho,Satisfecho,Satisfecho,Satisfecho,Muy satisfecho,No utilizo,Muy satisfecho,Muy satisfecho,Muy satisfecho,Satisfecho,Muy satisfecho,Satisfecho,Totalmente satisfecho,Muy satisfecho,Satisfecho,Muy satisfecho,Satisfecho,Satisfecho,Insatisfecho,Satisfecho,Satisfecho,Muy satisfecho,Satisfecho,Muy satisfecho,Muy satisfecho,Muy satisfecho,Muy satisfecho,Satisfecho,Totalmente satisfecho,Muy satisfecho,Muy satisfecho,Muy satisfecho,Satisfecho,Muy satisfecho,Totalmente satisfecho,Satisfecho,Satisfecho,Muy satisfecho,Muy satisfecho,8 (Passive),Considero que mucho aprendizaje y retroalimentación pero siento que la metodologia toco pulir pero mucho aprendizaje alrededor y evolucion de la malla
yfC2EiLR,,,COMPLETED,https://survey.zohopublic.com/zs/bBC5oY,"jul. 02, 2026 08:51:53 p. m.","jul. 02, 2026 08:58:55 p. m.",7 mins 1 sec ,Public collector,10,100,Arquitectura,Trabajador dependiente,Tiempo completo,Muy satisfecho,Muy satisfecho,Satisfecho,Satisfecho,Muy satisfecho,Muy satisfecho,Insatisfecho,Satisfecho,No utilizo,Muy satisfecho,Muy satisfecho,Muy satisfecho,Muy satisfecho,Muy satisfecho,Totalmente satisfecho,Satisfecho,Muy satisfecho,Satisfecho,Satisfecho,Satisfecho,Muy satisfecho,Satisfecho,Satisfecho,Satisfecho,Muy satisfecho,No utilizo,Satisfecho,No utilizo,Satisfecho,No utilizo,Satisfecho,Muy satisfecho,Muy satisfecho,Satisfecho,Muy satisfecho,Satisfecho,Satisfecho,Satisfecho,Totalmente satisfecho,Satisfecho,Muy satisfecho,Totalmente satisfecho,10 (Promoter),"Recomendaría la universidad, pero no la carrera por su exigencia, y ya somos muchos y la oferta laboral es baja"
p4DBvxL4,,,COMPLETED,https://survey.zohopublic.com/zs/bBC5oY,"jul. 03, 2026 01:27:04 a. m.","jul. 03, 2026 01:35:26 a. m.",8 mins 21 secs ,Public collector,9,100,Arquitectura,Trabajador dependiente,Tiempo completo,Muy satisfecho,Satisfecho,Satisfecho,Muy satisfecho,Satisfecho,Totalmente satisfecho,Muy satisfecho,Muy satisfecho,No conozco,Muy satisfecho,Satisfecho,Satisfecho,Satisfecho,Muy satisfecho,Muy satisfecho,Satisfecho,Muy satisfecho,Totalmente satisfecho,Muy satisfecho,Satisfecho,Satisfecho,Muy satisfecho,Totalmente satisfecho,Satisfecho,Satisfecho,No utilizo,No conozco,No conozco,No utilizo,No utilizo,Satisfecho,Muy satisfecho,Insatisfecho,Muy satisfecho,Muy satisfecho,Muy satisfecho,Satisfecho,Satisfecho,Insatisfecho,Satisfecho,Muy satisfecho,Totalmente satisfecho,9 (Promoter),
qazMUWNm,,,COMPLETED,https://survey.zohopublic.com/zs/bBC5oY,"jul. 03, 2026 05:56:32 p. m.","jul. 03, 2026 06:04:50 p. m.",8 mins 17 secs ,Public collector,9,100,Ingeniería de Sistemas,En búsqueda de empleo,,Muy satisfecho,Satisfecho,Satisfecho,Muy satisfecho,Muy satisfecho,Muy satisfecho,Satisfecho,Satisfecho,No utilizo,Satisfecho,Satisfecho,Muy satisfecho,Muy satisfecho,Satisfecho,Satisfecho,Muy satisfecho,Muy satisfecho,Satisfecho,Satisfecho,Insatisfecho,Muy satisfecho,Muy satisfecho,No utilizo,Satisfecho,Muy satisfecho,No utilizo,No utilizo,No utilizo,No conozco,No utilizo,Satisfecho,Totalmente satisfecho,Muy satisfecho,Muy satisfecho,Totalmente satisfecho,Muy satisfecho,Muy satisfecho,Muy satisfecho,Totalmente satisfecho,Satisfecho,Muy satisfecho,Muy satisfecho,9 (Promoter),
VGjQqGsZ,,,COMPLETED,https://survey.zohopublic.com/zs/bBC5oY,"jul. 03, 2026 05:56:45 p. m.","jul. 03, 2026 06:02:43 p. m.",5 mins 58 secs ,Public collector,10,100,Ingeniería de Sistemas,Trabajador dependiente,Tiempo completo,Satisfecho,Satisfecho,Satisfecho,Muy satisfecho,Muy satisfecho,Totalmente satisfecho,Muy satisfecho,Muy satisfecho,Satisfecho,Satisfecho,Satisfecho,Satisfecho,Satisfecho,Satisfecho,Satisfecho,Satisfecho,Muy satisfecho,Totalmente satisfecho,Totalmente satisfecho,Totalmente satisfecho,Totalmente satisfecho,Satisfecho,Totalmente satisfecho,Satisfecho,Satisfecho,Satisfecho,Satisfecho,Satisfecho,Satisfecho,Satisfecho,Muy satisfecho,Satisfecho,Satisfecho,Satisfecho,Muy satisfecho,Muy satisfecho,Muy satisfecho,Muy satisfecho,Muy satisfecho,Satisfecho,Totalmente satisfecho,Totalmente satisfecho,10 (Promoter),.
ULtLE4eD,,,COMPLETED,https://survey.zohopublic.com/zs/bBC5oY,"jul. 03, 2026 05:57:01 p. m.","jul. 03, 2026 06:00:29 p. m.",3 mins 28 secs ,Public collector,7,0,Ingeniería de Sistemas,Prácticas profesionales,,Satisfecho,Satisfecho,Satisfecho,Satisfecho,Satisfecho,Satisfecho,Satisfecho,Satisfecho,Satisfecho,Muy satisfecho,Satisfecho,Satisfecho,Satisfecho,Satisfecho,Satisfecho,Satisfecho,Satisfecho,Insatisfecho,Satisfecho,Insatisfecho,Satisfecho,Satisfecho,Muy satisfecho,Satisfecho,Satisfecho,No utilizo,No utilizo,Insatisfecho,No utilizo,No utilizo,Totalmente insatisfecho,Satisfecho,Satisfecho,Insatisfecho,Satisfecho,Satisfecho,Insatisfecho,Insatisfecho,Satisfecho,Satisfecho,Satisfecho,Satisfecho,7 (Passive),
cXC5MUFZ,,,COMPLETED,https://survey.zohopublic.com/zs/bBC5oY,"jul. 03, 2026 05:57:13 p. m.","jul. 03, 2026 06:02:01 p. m.",4 mins 48 secs ,Public collector,10,100,Ingeniería de Sistemas,Trabajador dependiente,Tiempo completo,Satisfecho,Satisfecho,Insatisfecho,Satisfecho,Muy satisfecho,Satisfecho,Muy satisfecho,Muy satisfecho,Muy satisfecho,Satisfecho,Satisfecho,Muy satisfecho,Muy satisfecho,Muy satisfecho,Muy satisfecho,Muy satisfecho,Muy satisfecho,Muy satisfecho,Totalmente satisfecho,Totalmente satisfecho,Totalmente satisfecho,Totalmente satisfecho,Totalmente satisfecho,Totalmente satisfecho,Totalmente satisfecho,Insatisfecho,Satisfecho,Muy satisfecho,Muy satisfecho,Muy satisfecho,Totalmente satisfecho,Totalmente satisfecho,Satisfecho,Muy satisfecho,Muy satisfecho,Totalmente satisfecho,Totalmente satisfecho,Totalmente satisfecho,Totalmente satisfecho,Totalmente satisfecho,Totalmente satisfecho,Totalmente satisfecho,10 (Promoter),Na
QjDBa15T,,,COMPLETED,https://survey.zohopublic.com/zs/bBC5oY,"jul. 03, 2026 05:57:29 p. m.","jul. 03, 2026 06:05:31 p. m.",8 mins 1 sec ,Public collector,6,0,Ingeniería de Sistemas,Prácticas profesionales,,Satisfecho,Satisfecho,Muy satisfecho,Satisfecho,Muy satisfecho,Insatisfecho,Satisfecho,Satisfecho,No utilizo,Insatisfecho,Satisfecho,Satisfecho,Satisfecho,Satisfecho,Satisfecho,Satisfecho,Insatisfecho,Satisfecho,Satisfecho,Insatisfecho,Insatisfecho,Satisfecho,Satisfecho,Satisfecho,Satisfecho,No utilizo,Satisfecho,Insatisfecho,No utilizo,No utilizo,Satisfecho,Insatisfecho,Insatisfecho,Totalmente insatisfecho,Satisfecho,Satisfecho,Satisfecho,Satisfecho,Satisfecho,Satisfecho,Insatisfecho,Insatisfecho,6 (Detractor),.
87DBFzAh,,,COMPLETED,https://survey.zohopublic.com/zs/bBC5oY,"jul. 03, 2026 05:57:30 p. m.","jul. 03, 2026 06:05:05 p. m.",7 mins 35 secs ,Public collector,9,100,Ingeniería de Sistemas,Trabajador dependiente,Tiempo completo,Totalmente satisfecho,Muy satisfecho,Satisfecho,Muy satisfecho,Insatisfecho,Satisfecho,Muy satisfecho,Muy satisfecho,No conozco,Muy satisfecho,Muy satisfecho,Satisfecho,Muy satisfecho,Insatisfecho,Muy satisfecho,Muy satisfecho,Satisfecho,Satisfecho,Satisfecho,Satisfecho,Muy satisfecho,Satisfecho,Satisfecho,Satisfecho,Satisfecho,No conozco,Muy satisfecho,Satisfecho,No conozco,Satisfecho,Muy satisfecho,Muy satisfecho,Satisfecho,Insatisfecho,Satisfecho,Satisfecho,Satisfecho,Satisfecho,Satisfecho,Satisfecho,Satisfecho,Satisfecho,9 (Promoter),
afBBfBF9,,,COMPLETED,https://survey.zohopublic.com/zs/bBC5oY,"jul. 03, 2026 05:57:31 p. m.","jul. 03, 2026 06:03:11 p. m.",5 mins 39 secs ,Public collector,10,100,Ingeniería de Sistemas,Prácticas profesionales,,Muy satisfecho,Satisfecho,Satisfecho,Totalmente satisfecho,Muy satisfecho,Muy satisfecho,Muy satisfecho,Muy satisfecho,No utilizo,Muy satisfecho,Muy satisfecho,Muy satisfecho,Muy satisfecho,Satisfecho,Satisfecho,Insatisfecho,Totalmente satisfecho,Totalmente satisfecho,Totalmente satisfecho,Totalmente satisfecho,Satisfecho,Totalmente satisfecho,Satisfecho,Totalmente satisfecho,Totalmente satisfecho,No utilizo,Totalmente satisfecho,No utilizo,No utilizo,No utilizo,Satisfecho,Muy satisfecho,Totalmente satisfecho,Totalmente satisfecho,Totalmente satisfecho,Muy satisfecho,Satisfecho,Muy satisfecho,Totalmente satisfecho,Satisfecho,Muy satisfecho,Totalmente satisfecho,10 (Promoter),La mejor universidad.
q4BB6Ln3,,,COMPLETED,https://survey.zohopublic.com/zs/bBC5oY,"jul. 03, 2026 05:57:42 p. m.","jul. 03, 2026 06:12:56 p. m.",15 mins 14 secs ,Public collector,9,100,Ingeniería de Sistemas,Trabajador dependiente,Tiempo completo,Muy satisfecho,Muy satisfecho,Muy satisfecho,Totalmente satisfecho,Muy satisfecho,Muy satisfecho,Muy satisfecho,Muy satisfecho,No utilizo,Muy satisfecho,Muy satisfecho,Totalmente satisfecho,Muy satisfecho,Muy satisfecho,Totalmente satisfecho,Totalmente satisfecho,Totalmente satisfecho,Totalmente satisfecho,Totalmente satisfecho,Totalmente satisfecho,Totalmente satisfecho,Totalmente satisfecho,Totalmente satisfecho,Totalmente satisfecho,Totalmente satisfecho,Totalmente satisfecho,Totalmente satisfecho,Totalmente satisfecho,Totalmente satisfecho,Totalmente satisfecho,Totalmente satisfecho,Muy satisfecho,Muy satisfecho,Muy satisfecho,Totalmente satisfecho,Totalmente satisfecho,Muy satisfecho,Muy satisfecho,Muy satisfecho,Totalmente satisfecho,Muy satisfecho,Muy satisfecho,9 (Promoter),
hxDFeNHD,,,COMPLETED,https://survey.zohopublic.com/zs/bBC5oY,"jul. 03, 2026 05:57:51 p. m.","jul. 03, 2026 06:01:13 p. m.",3 mins 22 secs ,Public collector,10,100,Ingeniería de Sistemas,Trabajador dependiente,Tiempo completo,Muy satisfecho,Totalmente satisfecho,Totalmente satisfecho,Totalmente satisfecho,Totalmente satisfecho,Totalmente satisfecho,Satisfecho,Totalmente satisfecho,No conozco,Muy satisfecho,Muy satisfecho,Totalmente satisfecho,Totalmente satisfecho,Totalmente satisfecho,Totalmente satisfecho,Totalmente satisfecho,Totalmente satisfecho,Totalmente satisfecho,Totalmente satisfecho,Totalmente satisfecho,Totalmente satisfecho,Totalmente satisfecho,Totalmente satisfecho,Totalmente satisfecho,Totalmente satisfecho,Totalmente satisfecho,Totalmente satisfecho,Totalmente satisfecho,Totalmente satisfecho,Totalmente satisfecho,Satisfecho,Muy satisfecho,Totalmente satisfecho,Totalmente satisfecho,Totalmente satisfecho,Totalmente satisfecho,Satisfecho,Totalmente satisfecho,Totalmente satisfecho,Totalmente satisfecho,Totalmente satisfecho,Totalmente satisfecho,10 (Promoter),
MUBhQ5JT,,,COMPLETED,https://survey.zohopublic.com/zs/bBC5oY,"jul. 03, 2026 05:57:55 p. m.","jul. 03, 2026 06:08:08 p. m.",10 mins 13 secs ,Public collector,8,0,Ingeniería de Sistemas,Prácticas profesionales,,Satisfecho,Muy satisfecho,Satisfecho,Satisfecho,Muy satisfecho,Muy satisfecho,Satisfecho,Muy satisfecho,No conozco,Muy satisfecho,Muy satisfecho,Muy satisfecho,Muy satisfecho,Muy satisfecho,Satisfecho,Satisfecho,Muy satisfecho,Muy satisfecho,Muy satisfecho,Insatisfecho,Totalmente satisfecho,Totalmente satisfecho,Totalmente satisfecho,Muy satisfecho,Totalmente satisfecho,No conozco,Muy satisfecho,Totalmente satisfecho,No utilizo,No utilizo,Totalmente satisfecho,Totalmente satisfecho,Totalmente satisfecho,Totalmente satisfecho,Totalmente satisfecho,Satisfecho,Muy satisfecho,Satisfecho,Muy satisfecho,No utilizo,Muy satisfecho,Muy satisfecho,8 (Passive),
JCC23ccx,,,COMPLETED,https://survey.zohopublic.com/zs/bBC5oY,"jul. 03, 2026 05:57:59 p. m.","jul. 03, 2026 06:07:10 p. m.",9 mins 10 secs ,Public collector,9,100,Ingeniería de Sistemas,Prácticas profesionales,,Totalmente satisfecho,Muy satisfecho,Totalmente satisfecho,Totalmente satisfecho,Totalmente satisfecho,Totalmente satisfecho,Satisfecho,Totalmente satisfecho,No utilizo,Muy satisfecho,Satisfecho,Totalmente satisfecho,Muy satisfecho,Totalmente satisfecho,Satisfecho,Satisfecho,Satisfecho,Muy satisfecho,Totalmente satisfecho,Totalmente satisfecho,Satisfecho,Totalmente satisfecho,Totalmente satisfecho,Totalmente satisfecho,Totalmente satisfecho,Totalmente satisfecho,No utilizo,No utilizo,No utilizo,Totalmente satisfecho,Totalmente satisfecho,Insatisfecho,Totalmente satisfecho,Totalmente satisfecho,Totalmente satisfecho,Totalmente satisfecho,Totalmente satisfecho,Totalmente satisfecho,Satisfecho,Muy satisfecho,Totalmente satisfecho,Totalmente satisfecho,9 (Promoter),"Es buena u, tiene muy buenos profes, infraestructura impecable y recursos muy buenos"
jtBBBScA,,,COMPLETED,https://survey.zohopublic.com/zs/bBC5oY,"jul. 03, 2026 05:58:34 p. m.","jul. 03, 2026 06:10:19 p. m.",11 mins 44 secs ,Public collector,10,100,Ingeniería de Sistemas,Trabajador dependiente,Tiempo completo,Totalmente satisfecho,Totalmente satisfecho,Totalmente satisfecho,Totalmente satisfecho,Totalmente satisfecho,Totalmente satisfecho,Totalmente satisfecho,Totalmente satisfecho,No utilizo,Totalmente satisfecho,Totalmente satisfecho,Totalmente satisfecho,Totalmente satisfecho,Totalmente satisfecho,Totalmente satisfecho,Totalmente satisfecho,Insatisfecho,Totalmente satisfecho,Totalmente satisfecho,Totalmente satisfecho,Muy satisfecho,Totalmente satisfecho,Totalmente insatisfecho,Totalmente satisfecho,Totalmente satisfecho,No conozco,Satisfecho,Muy satisfecho,No conozco,No utilizo,Muy satisfecho,Totalmente satisfecho,No utilizo,Satisfecho,Totalmente satisfecho,Muy satisfecho,Muy satisfecho,Totalmente satisfecho,Muy satisfecho,Totalmente satisfecho,Totalmente satisfecho,Totalmente satisfecho,10 (Promoter),
4gBBEOQb,,,COMPLETED,https://survey.zohopublic.com/zs/bBC5oY,"jul. 03, 2026 05:58:37 p. m.","jul. 03, 2026 06:09:32 p. m.",10 mins 54 secs ,Public collector,10,100,Ingeniería de Sistemas,Trabajador dependiente,Tiempo completo,Totalmente satisfecho,Insatisfecho,Insatisfecho,Totalmente satisfecho,Totalmente satisfecho,Totalmente satisfecho,Totalmente satisfecho,Totalmente satisfecho,Totalmente satisfecho,Totalmente satisfecho,Totalmente satisfecho,Totalmente satisfecho,Totalmente satisfecho,Insatisfecho,Totalmente satisfecho,Totalmente satisfecho,Totalmente satisfecho,Totalmente satisfecho,Totalmente satisfecho,Totalmente satisfecho,Totalmente satisfecho,Totalmente satisfecho,Totalmente satisfecho,Totalmente satisfecho,Totalmente satisfecho,No utilizo,No utilizo,No utilizo,Totalmente insatisfecho,No utilizo,Muy satisfecho,Insatisfecho,Insatisfecho,No utilizo,,Insatisfecho,Insatisfecho,Totalmente satisfecho,Totalmente satisfecho,No utilizo,Muy satisfecho,Muy satisfecho,10 (Promoter),Felicidad
biDFSMbv,,,COMPLETED,https://survey.zohopublic.com/zs/bBC5oY,"jul. 03, 2026 05:58:38 p. m.","jul. 03, 2026 06:04:21 p. m.",5 mins 42 secs ,Public collector,10,100,Ingeniería de Sistemas,Prácticas profesionales,,Totalmente satisfecho,Totalmente satisfecho,Totalmente satisfecho,Totalmente satisfecho,Totalmente satisfecho,Totalmente satisfecho,Totalmente satisfecho,Totalmente satisfecho,No utilizo,Totalmente satisfecho,Totalmente satisfecho,Totalmente satisfecho,Totalmente satisfecho,Totalmente satisfecho,Totalmente satisfecho,Totalmente satisfecho,Totalmente satisfecho,Totalmente satisfecho,Totalmente satisfecho,Muy satisfecho,Totalmente satisfecho,Totalmente satisfecho,Totalmente satisfecho,Totalmente satisfecho,Totalmente satisfecho,Totalmente satisfecho,Totalmente satisfecho,No utilizo,No utilizo,No utilizo,Totalmente satisfecho,Totalmente satisfecho,Totalmente satisfecho,Totalmente satisfecho,Totalmente satisfecho,Totalmente satisfecho,Muy satisfecho,Totalmente satisfecho,Muy satisfecho,Totalmente satisfecho,Totalmente satisfecho,Totalmente satisfecho,10 (Promoter),Me sentí muy cómodo en la universidad y que aprendí bastante y esto me ayudó para mis prácticas.
xXBh9Ok1,,,COMPLETED,https://survey.zohopublic.com/zs/bBC5oY,"jul. 03, 2026 05:58:42 p. m.","jul. 03, 2026 06:10:51 p. m.",12 mins 9 secs ,Public collector,9,100,Ingeniería de Sistemas,Trabajador dependiente,Tiempo completo,Satisfecho,Satisfecho,Insatisfecho,Satisfecho,Satisfecho,Muy satisfecho,Insatisfecho,Satisfecho,No utilizo,Satisfecho,Muy satisfecho,Satisfecho,Totalmente satisfecho,Muy satisfecho,Satisfecho,Muy satisfecho,Satisfecho,Muy satisfecho,Muy satisfecho,Satisfecho,Satisfecho,Muy satisfecho,Satisfecho,Muy satisfecho,Satisfecho,No utilizo,No utilizo,No utilizo,Satisfecho,Satisfecho,Muy satisfecho,Muy satisfecho,Satisfecho,Satisfecho,Totalmente satisfecho,Muy satisfecho,Satisfecho,Muy satisfecho,Totalmente satisfecho,Satisfecho,Muy satisfecho,Muy satisfecho,9 (Promoter),Existe el apoyo constante en cualquier ámbito
rjBnF9Eu,,,COMPLETED,https://survey.zohopublic.com/zs/bBC5oY,"jul. 03, 2026 05:58:47 p. m.","jul. 03, 2026 06:06:14 p. m.",7 mins 26 secs ,Public collector,10,100,Ingeniería de Sistemas,Trabajador dependiente,Tiempo completo,Muy satisfecho,Satisfecho,Satisfecho,Totalmente satisfecho,Muy satisfecho,Muy satisfecho,Satisfecho,Satisfecho,Satisfecho,Muy satisfecho,Muy satisfecho,Muy satisfecho,Satisfecho,Satisfecho,Muy satisfecho,Muy satisfecho,Muy satisfecho,Muy satisfecho,Muy satisfecho,Muy satisfecho,Muy satisfecho,Muy satisfecho,Muy satisfecho,Insatisfecho,Satisfecho,Insatisfecho,Muy satisfecho,Muy satisfecho,Muy satisfecho,Muy satisfecho,Muy satisfecho,Muy satisfecho,Muy satisfecho,Muy satisfecho,Muy satisfecho,Muy satisfecho,Muy satisfecho,Totalmente satisfecho,Insatisfecho,Satisfecho,Muy satisfecho,Muy satisfecho,10 (Promoter),Recomiendo los estudios superiores en la universidad de lima por la satisfacción general de la calidad de la
mGBRjyEO,,,COMPLETED,https://survey.zohopublic.com/zs/bBC5oY,"jul. 03, 2026 05:58:56 p. m.","jul. 03, 2026 06:08:01 p. m.",9 mins 4 secs ,Public collector,10,100,Ingeniería de Sistemas,Trabajador dependiente,Tiempo completo,Totalmente satisfecho,Totalmente satisfecho,Totalmente satisfecho,Totalmente satisfecho,Totalmente satisfecho,Totalmente satisfecho,Totalmente satisfecho,Totalmente satisfecho,No conozco,Totalmente satisfecho,Totalmente satisfecho,Totalmente satisfecho,Totalmente satisfecho,Totalmente satisfecho,Totalmente satisfecho,Totalmente satisfecho,Totalmente satisfecho,Totalmente satisfecho,Totalmente satisfecho,Totalmente satisfecho,Totalmente satisfecho,Totalmente satisfecho,Totalmente satisfecho,Totalmente satisfecho,Totalmente satisfecho,No conozco,Insatisfecho,No conozco,No conozco,Totalmente satisfecho,Muy satisfecho,Totalmente satisfecho,Totalmente satisfecho,Totalmente satisfecho,Totalmente satisfecho,Muy satisfecho,Satisfecho,Totalmente satisfecho,Muy satisfecho,Satisfecho,Totalmente satisfecho,Totalmente satisfecho,10 (Promoter),
nFBhlLbT,,,COMPLETED,https://survey.zohopublic.com/zs/bBC5oY,"jul. 03, 2026 05:59:00 p. m.","jul. 03, 2026 06:10:28 p. m.",11 mins 28 secs ,Public collector,8,0,Ingeniería de Sistemas,Prácticas profesionales,,Muy satisfecho,Satisfecho,Satisfecho,Satisfecho,Totalmente satisfecho,Muy satisfecho,Totalmente satisfecho,Totalmente satisfecho,Muy satisfecho,Totalmente satisfecho,Totalmente satisfecho,Totalmente satisfecho,Totalmente satisfecho,Totalmente satisfecho,Totalmente satisfecho,Totalmente satisfecho,Totalmente satisfecho,Totalmente satisfecho,Totalmente satisfecho,Muy satisfecho,Totalmente satisfecho,Muy satisfecho,Satisfecho,Totalmente satisfecho,Totalmente satisfecho,Totalmente satisfecho,Totalmente satisfecho,Totalmente satisfecho,Totalmente satisfecho,Insatisfecho,Totalmente satisfecho,Totalmente satisfecho,Totalmente satisfecho,Totalmente satisfecho,Totalmente satisfecho,Totalmente satisfecho,Totalmente satisfecho,Totalmente satisfecho,Totalmente satisfecho,Totalmente satisfecho,Totalmente satisfecho,Muy satisfecho,8 (Passive),
KEBBoBoT,,,COMPLETED,https://survey.zohopublic.com/zs/bBC5oY,"jul. 03, 2026 05:59:00 p. m.","jul. 03, 2026 06:09:09 p. m.",10 mins 8 secs ,Public collector,10,100,Ingeniería de Sistemas,Trabajador dependiente,Tiempo completo,Totalmente satisfecho,Totalmente satisfecho,Totalmente satisfecho,Totalmente satisfecho,Totalmente satisfecho,Totalmente satisfecho,Totalmente satisfecho,Totalmente satisfecho,No conozco,Totalmente insatisfecho,Totalmente satisfecho,Totalmente satisfecho,Totalmente satisfecho,Totalmente satisfecho,Totalmente satisfecho,Totalmente satisfecho,Totalmente satisfecho,Totalmente satisfecho,Totalmente satisfecho,Totalmente satisfecho,Totalmente satisfecho,Totalmente satisfecho,Totalmente satisfecho,Totalmente satisfecho,Totalmente satisfecho,Totalmente satisfecho,Totalmente satisfecho,Totalmente satisfecho,Totalmente satisfecho,Totalmente satisfecho,Totalmente satisfecho,Totalmente satisfecho,Totalmente satisfecho,Totalmente satisfecho,Totalmente satisfecho,Totalmente satisfecho,Totalmente satisfecho,Totalmente satisfecho,Totalmente satisfecho,Totalmente satisfecho,Totalmente satisfecho,Totalmente satisfecho,10 (Promoter),La calidad educativa
LoBh0mwT,,,COMPLETED,https://survey.zohopublic.com/zs/bBC5oY,"jul. 03, 2026 05:59:23 p. m.","jul. 03, 2026 06:05:32 p. m.",6 mins 9 secs ,Public collector,10,100,Ingeniería de Sistemas,En búsqueda de empleo,,Muy satisfecho,Muy satisfecho,Muy satisfecho,Muy satisfecho,Muy satisfecho,Muy satisfecho,Muy satisfecho,Muy satisfecho,Muy satisfecho,Muy satisfecho,Muy satisfecho,Muy satisfecho,Muy satisfecho,Muy satisfecho,Muy satisfecho,Muy satisfecho,Muy satisfecho,Muy satisfecho,Muy satisfecho,Muy satisfecho,Muy satisfecho,Totalmente satisfecho,Totalmente satisfecho,Totalmente satisfecho,Totalmente satisfecho,Totalmente satisfecho,Totalmente satisfecho,Totalmente satisfecho,Totalmente satisfecho,Totalmente satisfecho,Totalmente satisfecho,Totalmente satisfecho,Totalmente satisfecho,Totalmente satisfecho,Totalmente satisfecho,Totalmente satisfecho,Totalmente satisfecho,Totalmente satisfecho,Totalmente satisfecho,Totalmente satisfecho,Totalmente satisfecho,Totalmente satisfecho,10 (Promoter),
XDzO8UYQ,,,COMPLETED,https://survey.zohopublic.com/zs/bBC5oY,"jul. 03, 2026 05:59:42 p. m.","jul. 03, 2026 06:06:06 p. m.",6 mins 23 secs ,Public collector,10,100,Ingeniería de Sistemas,Trabajador independiente,Tiempo completo,Satisfecho,Muy satisfecho,Totalmente satisfecho,Totalmente satisfecho,Satisfecho,Totalmente satisfecho,Satisfecho,Muy satisfecho,Satisfecho,Totalmente satisfecho,Totalmente satisfecho,Totalmente satisfecho,Muy satisfecho,Muy satisfecho,Muy satisfecho,Muy satisfecho,Satisfecho,Muy satisfecho,Muy satisfecho,Muy satisfecho,Satisfecho,Totalmente satisfecho,Totalmente satisfecho,Totalmente satisfecho,Totalmente satisfecho,No utilizo,No utilizo,No utilizo,No utilizo,No utilizo,Insatisfecho,Totalmente satisfecho,Totalmente satisfecho,Totalmente satisfecho,Totalmente satisfecho,Totalmente satisfecho,Totalmente satisfecho,Totalmente satisfecho,Totalmente satisfecho,Totalmente satisfecho,Totalmente satisfecho,Totalmente satisfecho,10 (Promoter),Perfecto
WpBh14RN,,,COMPLETED,https://survey.zohopublic.com/zs/bBC5oY,"jul. 03, 2026 06:01:54 p. m.","jul. 03, 2026 06:12:04 p. m.",10 mins 10 secs ,Public collector,10,100,Ingeniería de Sistemas,Trabajador dependiente,Tiempo completo,Muy satisfecho,Muy satisfecho,Muy satisfecho,Muy satisfecho,Muy satisfecho,Muy satisfecho,Muy satisfecho,Muy satisfecho,No utilizo,Muy satisfecho,Totalmente satisfecho,Totalmente satisfecho,Totalmente satisfecho,Totalmente satisfecho,Totalmente satisfecho,Totalmente satisfecho,Totalmente satisfecho,Totalmente satisfecho,Totalmente satisfecho,Totalmente satisfecho,Totalmente satisfecho,Muy satisfecho,Totalmente satisfecho,Totalmente satisfecho,Totalmente satisfecho,No utilizo,Totalmente satisfecho,Totalmente satisfecho,No utilizo,No utilizo,Totalmente satisfecho,Totalmente satisfecho,Totalmente satisfecho,Totalmente satisfecho,Totalmente satisfecho,Totalmente satisfecho,Totalmente satisfecho,Totalmente satisfecho,Satisfecho,Muy satisfecho,Totalmente satisfecho,Totalmente satisfecho,10 (Promoter),
RqDFp9SF,,,COMPLETED,https://survey.zohopublic.com/zs/bBC5oY,"jul. 03, 2026 06:03:43 p. m.","jul. 03, 2026 06:41:50 p. m.",38 mins 6 secs ,Public collector,9,100,Ingeniería de Sistemas,Prácticas profesionales,,Muy satisfecho,Muy satisfecho,Muy satisfecho,Muy satisfecho,Muy satisfecho,Muy satisfecho,Muy satisfecho,Muy satisfecho,No utilizo,Muy satisfecho,Muy satisfecho,Muy satisfecho,Muy satisfecho,Muy satisfecho,Muy satisfecho,Muy satisfecho,Muy satisfecho,Muy satisfecho,Muy satisfecho,Muy satisfecho,Muy satisfecho,Muy satisfecho,Muy satisfecho,Muy satisfecho,Muy satisfecho,No conozco,No conozco,No utilizo,No conozco,Satisfecho,Muy satisfecho,Muy satisfecho,Muy satisfecho,Muy satisfecho,Muy satisfecho,Muy satisfecho,Satisfecho,Muy satisfecho,Muy satisfecho,Muy satisfecho,Muy satisfecho,Muy satisfecho,9 (Promoter),
cyBnoQT8,,,COMPLETED,https://survey.zohopublic.com/zs/bBC5oY,"jul. 03, 2026 06:03:48 p. m.","jul. 03, 2026 06:16:00 p. m.",12 mins 12 secs ,Public collector,9,100,Ingeniería de Sistemas,Trabajador dependiente,Tiempo completo,Muy satisfecho,Muy satisfecho,Muy satisfecho,Muy satisfecho,Muy satisfecho,Muy satisfecho,Muy satisfecho,Muy satisfecho,No conozco,Muy satisfecho,Muy satisfecho,Muy satisfecho,Muy satisfecho,Muy satisfecho,Muy satisfecho,Muy satisfecho,Satisfecho,Muy satisfecho,Muy satisfecho,Muy satisfecho,Muy satisfecho,Muy satisfecho,Muy satisfecho,Muy satisfecho,Muy satisfecho,Satisfecho,Satisfecho,Muy satisfecho,Satisfecho,Satisfecho,Muy satisfecho,Muy satisfecho,Satisfecho,Muy satisfecho,Muy satisfecho,Satisfecho,Satisfecho,Muy satisfecho,Satisfecho,Satisfecho,Muy satisfecho,Totalmente satisfecho,9 (Promoter),
4yBRjDNn,,,COMPLETED,https://survey.zohopublic.com/zs/bBC5oY,"jul. 03, 2026 06:03:51 p. m.","jul. 03, 2026 06:08:54 p. m.",5 mins 2 secs ,Public collector,10,100,Ingeniería de Sistemas,Trabajador dependiente,Tiempo completo,Totalmente satisfecho,Muy satisfecho,Muy satisfecho,Muy satisfecho,Muy satisfecho,Totalmente satisfecho,Totalmente satisfecho,Muy satisfecho,No utilizo,Totalmente satisfecho,Muy satisfecho,Totalmente satisfecho,Muy satisfecho,Totalmente satisfecho,Totalmente satisfecho,Totalmente satisfecho,Muy satisfecho,Totalmente satisfecho,Totalmente satisfecho,Totalmente satisfecho,Totalmente satisfecho,Totalmente satisfecho,Muy satisfecho,Muy satisfecho,Muy satisfecho,No utilizo,Muy satisfecho,Muy satisfecho,Muy satisfecho,Muy satisfecho,Totalmente satisfecho,Totalmente satisfecho,Totalmente satisfecho,Muy satisfecho,Muy satisfecho,Muy satisfecho,Muy satisfecho,Muy satisfecho,Muy satisfecho,Muy satisfecho,Totalmente satisfecho,Totalmente satisfecho,10 (Promoter),Ha sido una gran experiencia que me ha hecho crecer tanto como profesional como persona
HHzKqUs9,,,COMPLETED,https://survey.zohopublic.com/zs/bBC5oY,"jul. 03, 2026 06:06:11 p. m.","jul. 03, 2026 06:20:32 p. m.",14 mins 20 secs ,Public collector,9,100,Ingeniería de Sistemas,Trabajador dependiente,Tiempo completo,Satisfecho,Muy satisfecho,Muy satisfecho,Muy satisfecho,Satisfecho,Muy satisfecho,Satisfecho,Muy satisfecho,No utilizo,Totalmente satisfecho,Muy satisfecho,Satisfecho,Muy satisfecho,Satisfecho,Muy satisfecho,Muy satisfecho,Totalmente satisfecho,Satisfecho,Muy satisfecho,Satisfecho,Satisfecho,Totalmente satisfecho,Totalmente satisfecho,Satisfecho,Satisfecho,No utilizo,No utilizo,No utilizo,No utilizo,No utilizo,Satisfecho,Satisfecho,Muy satisfecho,Muy satisfecho,Totalmente satisfecho,Insatisfecho,Satisfecho,Satisfecho,Satisfecho,Satisfecho,Muy satisfecho,Muy satisfecho,9 (Promoter),Hay una mejora continua que se nota en la universidad tanto como de infraestructura como en el tema académico
OYBn5kbh,,,COMPLETED,https://survey.zohopublic.com/zs/bBC5oY,"jul. 03, 2026 06:07:59 p. m.","jul. 03, 2026 06:19:53 p. m.",11 mins 53 secs ,Public collector,10,100,Ingeniería de Sistemas,Trabajador dependiente,Tiempo completo,Muy satisfecho,Muy satisfecho,Muy satisfecho,Muy satisfecho,Muy satisfecho,Muy satisfecho,Muy satisfecho,Muy satisfecho,No utilizo,Muy satisfecho,Satisfecho,Muy satisfecho,Muy satisfecho,Muy satisfecho,Muy satisfecho,Muy satisfecho,Muy satisfecho,Muy satisfecho,Muy satisfecho,Muy satisfecho,Muy satisfecho,Satisfecho,Satisfecho,Satisfecho,Satisfecho,No utilizo,No utilizo,No utilizo,No utilizo,No utilizo,Satisfecho,Muy satisfecho,Muy satisfecho,Muy satisfecho,Muy satisfecho,Muy satisfecho,Muy satisfecho,Muy satisfecho,Muy satisfecho,Muy satisfecho,Muy satisfecho,Muy satisfecho,10 (Promoter),
08DBXSTL,,,COMPLETED,https://survey.zohopublic.com/zs/bBC5oY,"jul. 03, 2026 06:09:30 p. m.","jul. 03, 2026 06:19:06 p. m.",9 mins 36 secs ,Public collector,9,100,Ingeniería de Sistemas,Trabajador dependiente,Tiempo completo,Satisfecho,Satisfecho,Satisfecho,Satisfecho,Satisfecho,Satisfecho,Satisfecho,Satisfecho,Satisfecho,Satisfecho,Muy satisfecho,Satisfecho,Satisfecho,Satisfecho,Satisfecho,Satisfecho,Satisfecho,Satisfecho,Satisfecho,Satisfecho,Satisfecho,Satisfecho,Satisfecho,Satisfecho,Satisfecho,Satisfecho,Satisfecho,Satisfecho,Satisfecho,Satisfecho,Satisfecho,Satisfecho,Satisfecho,Satisfecho,Satisfecho,Satisfecho,Satisfecho,Satisfecho,Satisfecho,Satisfecho,Satisfecho,Satisfecho,9 (Promoter),
CaBhipPd,,,COMPLETED,https://survey.zohopublic.com/zs/bBC5oY,"jul. 03, 2026 06:17:30 p. m.","jul. 03, 2026 06:23:02 p. m.",5 mins 32 secs ,Public collector,10,100,Ingeniería de Sistemas,Prácticas profesionales,,Muy satisfecho,Muy satisfecho,Muy satisfecho,Muy satisfecho,Muy satisfecho,Muy satisfecho,Muy satisfecho,Muy satisfecho,No utilizo,Muy satisfecho,Muy satisfecho,Muy satisfecho,Muy satisfecho,Muy satisfecho,Muy satisfecho,Muy satisfecho,Muy satisfecho,Muy satisfecho,Muy satisfecho,Totalmente satisfecho,Satisfecho,Satisfecho,Muy satisfecho,Muy satisfecho,Muy satisfecho,No utilizo,No utilizo,No utilizo,Muy satisfecho,Totalmente satisfecho,Muy satisfecho,Muy satisfecho,Muy satisfecho,Muy satisfecho,Muy satisfecho,Satisfecho,Muy satisfecho,Totalmente satisfecho,Muy satisfecho,Muy satisfecho,Totalmente satisfecho,Totalmente satisfecho,10 (Promoter),Muy buena universidad
HnBhpVms,,,COMPLETED,https://survey.zohopublic.com/zs/bBC5oY,"jul. 03, 2026 10:43:33 p. m.","jul. 03, 2026 10:48:47 p. m.",5 mins 14 secs ,Public collector,10,100,Arquitectura,Prácticas profesionales,,Totalmente satisfecho,Muy satisfecho,Satisfecho,Muy satisfecho,Muy satisfecho,Muy satisfecho,Totalmente satisfecho,Satisfecho,Satisfecho,Totalmente satisfecho,Totalmente satisfecho,Totalmente satisfecho,Muy satisfecho,Totalmente satisfecho,Satisfecho,Totalmente satisfecho,Muy satisfecho,Muy satisfecho,Muy satisfecho,Muy satisfecho,Satisfecho,Muy satisfecho,Satisfecho,Muy satisfecho,Satisfecho,Muy satisfecho,Totalmente satisfecho,Satisfecho,Satisfecho,Muy satisfecho,Satisfecho,Muy satisfecho,Muy satisfecho,Muy satisfecho,Muy satisfecho,Muy satisfecho,Satisfecho,Satisfecho,Satisfecho,Muy satisfecho,Totalmente satisfecho,Totalmente satisfecho,10 (Promoter),Es una muy buena universidad con cursos actualizados buenas infraestructura y profesores
